name,sku,price,stock
"Sony Monitor",SKU-000001,4329568,448
"Sony Monitor",SKU-000002,21471991,360
"Dell Laptop",SKU-000003,25754078,993
"HP Tablet",SKU-000004,49315966,996
"Apple Tablet",SKU-000005,43343009,771
"Apple Monitor",SKU-000006,19995453,212
"Sony Smartphone",SKU-000007,44125006,601
"Samsung Camera",SKU-000008,43055097,966
"Apple Monitor",SKU-000009,36295581,117
"Dell Camera",SKU-000010,11960987,989
"Dell Laptop",SKU-000011,44094765,280
"Apple Laptop",SKU-000012,46734735,810
"Apple Monitor",SKU-000013,40975057,420
"Samsung Smartphone",SKU-000014,37675771,939
"Sony Tablet",SKU-000015,18415880,648
"HP Smartphone",SKU-000016,3546815,190
"Apple Smartphone",SKU-000017,7503099,773
"Dell Laptop",SKU-000018,2319246,414
"Apple Smartphone",SKU-000019,26805660,452
"Dell Tablet",SKU-000020,47367963,836
"HP Laptop",SKU-000021,16908835,700
"Samsung Camera",SKU-000022,3501394,302
"Sony Tablet",SKU-000023,4981540,765
"HP Camera",SKU-000024,23488933,311
"Sony Monitor",SKU-000025,49806704,13
"Dell Smartphone",SKU-000026,16520529,469
"Sony Monitor",SKU-000027,45693102,311
"Sony Smartphone",SKU-000028,16328308,68
"Sony Smartphone",SKU-000029,33302062,633
"Samsung Smartphone",SKU-000030,45011212,890
"Dell Laptop",SKU-000031,29476998,739
"HP Tablet",SKU-000032,18118179,278
"Sony Laptop",SKU-000033,23601827,140
"HP Tablet",SKU-000034,17757900,990
"Samsung Laptop",SKU-000035,46987453,233
"HP Tablet",SKU-000036,40749806,761
"Sony Camera",SKU-000037,27928550,850
"Dell Monitor",SKU-000038,3820167,301
"Samsung Smartphone",SKU-000039,27359365,371
"Samsung Laptop",SKU-000040,21900755,206
"Apple Monitor",SKU-000041,32707529,551
"Sony Monitor",SKU-000042,2201716,679
"Samsung Smartphone",SKU-000043,19583802,263
"Apple Tablet",SKU-000044,15498663,113
"HP Monitor",SKU-000045,10339469,538
"Sony Smartphone",SKU-000046,49523865,201
"Dell Camera",SKU-000047,25636531,483
"Apple Monitor",SKU-000048,5631409,646
"Samsung Monitor",SKU-000049,20573245,985
"Sony Monitor",SKU-000050,40458610,372
"Sony Tablet",SKU-000051,6273364,595
"Samsung Monitor",SKU-000052,25732999,283
"HP Smartphone",SKU-000053,35229942,896
"HP Tablet",SKU-000054,28499941,960
"Sony Laptop",SKU-000055,42942553,59
"Samsung Tablet",SKU-000056,10340187,93
"Dell Smartphone",SKU-000057,26999788,114
"Dell Monitor",SKU-000058,2595638,955
"Sony Laptop",SKU-000059,34076026,438
"Samsung Smartphone",SKU-000060,40830758,461
"Samsung Tablet",SKU-000061,34988579,499
"Sony Camera",SKU-000062,23944215,485
"Sony Laptop",SKU-000063,41761660,984
"Dell Monitor",SKU-000064,19840598,17
"Dell Monitor",SKU-000065,3298397,882
"Samsung Camera",SKU-000066,15103423,468
"Apple Camera",SKU-000067,25403125,297
"Apple Smartphone",SKU-000068,28089577,307
"HP Camera",SKU-000069,28042662,764
"Samsung Smartphone",SKU-000070,4949866,988
"Dell Camera",SKU-000071,21107817,500
"Dell Monitor",SKU-000072,1204762,76
"Samsung Laptop",SKU-000073,47880646,925
"Apple Laptop",SKU-000074,3825193,344
"Apple Monitor",SKU-000075,30744377,479
"Sony Tablet",SKU-000076,20990442,717
"Sony Monitor",SKU-000077,29377447,341
"Samsung Tablet",SKU-000078,33371100,798
"HP Monitor",SKU-000079,41855090,197
"Dell Tablet",SKU-000080,13608064,177
"HP Laptop",SKU-000081,8420378,943
"Dell Camera",SKU-000082,29488697,855
"HP Tablet",SKU-000083,43313640,645
"Dell Monitor",SKU-000084,39944450,936
"Samsung Camera",SKU-000085,27118437,812
"Samsung Smartphone",SKU-000086,42672389,605
"HP Tablet",SKU-000087,15934258,280
"Dell Monitor",SKU-000088,12605215,858
"Samsung Monitor",SKU-000089,43759966,984
"HP Camera",SKU-000090,31877387,121
"Samsung Laptop",SKU-000091,43924849,935
"Apple Laptop",SKU-000092,18972923,324
"Dell Monitor",SKU-000093,29996689,405
"Apple Smartphone",SKU-000094,37060910,333
"Samsung Smartphone",SKU-000095,38457294,908
"Dell Smartphone",SKU-000096,4462299,966
"HP Monitor",SKU-000097,45329862,220
"Apple Tablet",SKU-000098,40274658,767
"Apple Smartphone",SKU-000099,36270905,227
"Sony Tablet",SKU-000100,36610021,668
"Samsung Camera",SKU-000101,14206201,75
"HP Monitor",SKU-000102,14202858,758
"Samsung Monitor",SKU-000103,32259183,341
"Sony Camera",SKU-000104,31347295,904
"HP Laptop",SKU-000105,37632725,201
"Apple Smartphone",SKU-000106,43904819,559
"Apple Monitor",SKU-000107,8368485,611
"Dell Monitor",SKU-000108,15381172,600
"Samsung Monitor",SKU-000109,28597641,829
"Sony Camera",SKU-000110,47433295,904
"Dell Tablet",SKU-000111,41222601,849
"HP Smartphone",SKU-000112,29071204,436
"Apple Monitor",SKU-000113,7060117,114
"Apple Laptop",SKU-000114,46426792,434
"HP Monitor",SKU-000115,39806898,581
"Samsung Monitor",SKU-000116,24918728,376
"Dell Smartphone",SKU-000117,47971204,869
"Apple Smartphone",SKU-000118,22548330,775
"Dell Tablet",SKU-000119,14190594,693
"HP Laptop",SKU-000120,20965118,829
"Sony Laptop",SKU-000121,38491229,85
"HP Monitor",SKU-000122,4318632,578
"HP Monitor",SKU-000123,14212877,718
"Apple Smartphone",SKU-000124,31319189,416
"HP Tablet",SKU-000125,23184728,516
"Apple Laptop",SKU-000126,41061079,671
"Apple Laptop",SKU-000127,21488131,670
"Sony Laptop",SKU-000128,35760330,974
"Samsung Monitor",SKU-000129,14903949,399
"Sony Smartphone",SKU-000130,47869618,304
"Dell Monitor",SKU-000131,29878577,941
"Sony Camera",SKU-000132,19077993,459
"Samsung Laptop",SKU-000133,28586459,504
"HP Tablet",SKU-000134,13590496,788
"Samsung Laptop",SKU-000135,29835936,998
"HP Camera",SKU-000136,12843923,547
"Samsung Camera",SKU-000137,4431608,48
"HP Monitor",SKU-000138,16898024,506
"HP Smartphone",SKU-000139,15561421,848
"Samsung Laptop",SKU-000140,36902312,94
"Apple Monitor",SKU-000141,4530557,403
"Samsung Smartphone",SKU-000142,32152971,329
"Apple Monitor",SKU-000143,49784915,92
"Apple Tablet",SKU-000144,44864463,845
"Apple Camera",SKU-000145,41244378,692
"Apple Tablet",SKU-000146,2275090,813
"Dell Tablet",SKU-000147,23931728,658
"HP Monitor",SKU-000148,41276369,588
"Samsung Tablet",SKU-000149,40111374,233
"Sony Monitor",SKU-000150,6402711,625
"HP Camera",SKU-000151,36060832,8
"Samsung Tablet",SKU-000152,36690551,442
"Sony Laptop",SKU-000153,5505651,151
"Dell Tablet",SKU-000154,25273143,913
"Samsung Monitor",SKU-000155,36806206,44
"HP Tablet",SKU-000156,1498695,462
"Apple Tablet",SKU-000157,37891834,905
"Samsung Monitor",SKU-000158,30313933,511
"Apple Smartphone",SKU-000159,34103868,937
"HP Smartphone",SKU-000160,1379704,101
"HP Laptop",SKU-000161,28873582,23
"Samsung Camera",SKU-000162,4957891,923
"HP Laptop",SKU-000163,9117949,961
"Dell Monitor",SKU-000164,39382781,884
"Samsung Tablet",SKU-000165,12035628,172
"Dell Monitor",SKU-000166,4999497,100
"Apple Laptop",SKU-000167,29842273,184
"Dell Monitor",SKU-000168,10754053,139
"Dell Laptop",SKU-000169,19201413,346
"Apple Laptop",SKU-000170,14803127,965
"HP Tablet",SKU-000171,7202653,303
"Apple Monitor",SKU-000172,48842423,127
"HP Camera",SKU-000173,14857070,74
"Dell Smartphone",SKU-000174,37600437,330
"Sony Camera",SKU-000175,13760209,602
"Dell Monitor",SKU-000176,38196894,629
"HP Laptop",SKU-000177,25572075,141
"Dell Camera",SKU-000178,41130968,825
"Dell Monitor",SKU-000179,33604964,951
"Samsung Monitor",SKU-000180,4048955,415
"Dell Smartphone",SKU-000181,18585313,934
"Sony Smartphone",SKU-000182,34764898,773
"Dell Monitor",SKU-000183,49786988,877
"HP Monitor",SKU-000184,18077810,270
"HP Laptop",SKU-000185,39431450,562
"Dell Monitor",SKU-000186,46864590,260
"Apple Monitor",SKU-000187,24698362,3
"Sony Smartphone",SKU-000188,25210841,971
"Dell Laptop",SKU-000189,1701682,357
"Dell Monitor",SKU-000190,15695716,521
"HP Monitor",SKU-000191,43159250,298
"HP Tablet",SKU-000192,10523072,471
"HP Tablet",SKU-000193,4258349,964
"Apple Tablet",SKU-000194,27901078,917
"Apple Camera",SKU-000195,26004178,640
"Dell Monitor",SKU-000196,44884682,278
"Dell Tablet",SKU-000197,28974854,140
"Samsung Laptop",SKU-000198,24496916,292
"Dell Camera",SKU-000199,22330868,938
"HP Camera",SKU-000200,20220907,144
"Dell Monitor",SKU-000201,41174769,760
"Apple Camera",SKU-000202,17303183,260
"HP Smartphone",SKU-000203,3350904,696
"Samsung Smartphone",SKU-000204,40757653,316
"Dell Camera",SKU-000205,5371799,583
"Samsung Laptop",SKU-000206,6320470,852
"Samsung Camera",SKU-000207,48211667,934
"HP Tablet",SKU-000208,30743754,899
"Samsung Monitor",SKU-000209,31893884,770
"Sony Camera",SKU-000210,45057442,471
"Samsung Smartphone",SKU-000211,17492202,914
"HP Smartphone",SKU-000212,23719441,658
"HP Monitor",SKU-000213,3638803,298
"Sony Tablet",SKU-000214,49642344,515
"HP Camera",SKU-000215,18881777,516
"Apple Camera",SKU-000216,8264672,721
"Samsung Laptop",SKU-000217,31216082,638
"Apple Camera",SKU-000218,4685475,760
"Dell Laptop",SKU-000219,12057784,736
"HP Smartphone",SKU-000220,6436879,42
"Apple Monitor",SKU-000221,14823003,483
"Apple Tablet",SKU-000222,1440351,654
"HP Smartphone",SKU-000223,19376753,604
"Apple Monitor",SKU-000224,4491731,781
"Samsung Smartphone",SKU-000225,16741465,353
"Dell Camera",SKU-000226,15641251,822
"Apple Smartphone",SKU-000227,35072090,972
"Sony Tablet",SKU-000228,41237167,548
"Dell Laptop",SKU-000229,19392142,225
"Sony Tablet",SKU-000230,42841510,301
"HP Laptop",SKU-000231,2245264,718
"Samsung Smartphone",SKU-000232,48491055,40
"Apple Monitor",SKU-000233,12370401,782
"Apple Tablet",SKU-000234,1573564,850
"Dell Laptop",SKU-000235,19936893,254
"Apple Tablet",SKU-000236,21289549,674
"HP Smartphone",SKU-000237,48829374,671
"Samsung Laptop",SKU-000238,26303272,272
"Samsung Camera",SKU-000239,9142019,767
"Dell Smartphone",SKU-000240,33576809,453
"Dell Smartphone",SKU-000241,48622167,627
"Dell Monitor",SKU-000242,7399598,189
"HP Laptop",SKU-000243,42966981,656
"Sony Camera",SKU-000244,38682907,185
"Apple Camera",SKU-000245,29687893,408
"HP Smartphone",SKU-000246,4687175,74
"Sony Smartphone",SKU-000247,31005117,409
"Sony Smartphone",SKU-000248,45412892,909
"Dell Laptop",SKU-000249,36959025,188
"Sony Laptop",SKU-000250,35780467,305
"Dell Monitor",SKU-000251,15790425,48
"Dell Camera",SKU-000252,35982108,534
"HP Camera",SKU-000253,39240200,941
"Samsung Monitor",SKU-000254,14954346,611
"Sony Camera",SKU-000255,49951973,239
"HP Camera",SKU-000256,35408830,542
"Apple Tablet",SKU-000257,24103672,866
"Sony Camera",SKU-000258,39369858,147
"Sony Smartphone",SKU-000259,45519800,287
"HP Smartphone",SKU-000260,6917427,770
"HP Monitor",SKU-000261,5004457,634
"Samsung Camera",SKU-000262,27765097,191
"Sony Monitor",SKU-000263,18783932,998
"HP Smartphone",SKU-000264,15729554,817
"Apple Smartphone",SKU-000265,39559056,168
"Apple Smartphone",SKU-000266,43633351,937
"Sony Laptop",SKU-000267,8978596,505
"Samsung Laptop",SKU-000268,1046551,139
"Apple Monitor",SKU-000269,19946042,975
"Samsung Smartphone",SKU-000270,43840080,69
"Apple Monitor",SKU-000271,46759925,280
"HP Tablet",SKU-000272,39747726,377
"Dell Monitor",SKU-000273,41768304,277
"Sony Tablet",SKU-000274,27024349,804
"HP Laptop",SKU-000275,46456035,647
"Sony Tablet",SKU-000276,11120048,217
"HP Monitor",SKU-000277,42451390,921
"HP Tablet",SKU-000278,41751417,898
"Sony Smartphone",SKU-000279,32626199,255
"Sony Camera",SKU-000280,15648154,85
"Apple Laptop",SKU-000281,33919034,935
"Apple Camera",SKU-000282,47882602,676
"Dell Smartphone",SKU-000283,10368918,514
"HP Tablet",SKU-000284,38677511,777
"Dell Tablet",SKU-000285,28780261,331
"HP Smartphone",SKU-000286,1019320,813
"Samsung Camera",SKU-000287,14764819,214
"Dell Smartphone",SKU-000288,18287743,389
"Apple Camera",SKU-000289,21532472,184
"Sony Camera",SKU-000290,6393845,773
"Apple Smartphone",SKU-000291,26583818,340
"Sony Smartphone",SKU-000292,18314913,673
"Samsung Laptop",SKU-000293,27172620,683
"Dell Smartphone",SKU-000294,44413170,510
"HP Monitor",SKU-000295,48167174,833
"Samsung Laptop",SKU-000296,35333631,86
"Sony Monitor",SKU-000297,31957959,562
"HP Laptop",SKU-000298,14154873,219
"Dell Smartphone",SKU-000299,29231800,163
"Samsung Tablet",SKU-000300,8265413,969
"Apple Camera",SKU-000301,20275814,996
"Dell Tablet",SKU-000302,40989505,779
"Apple Tablet",SKU-000303,21402188,797
"HP Laptop",SKU-000304,25946533,473
"Dell Tablet",SKU-000305,3098804,125
"Dell Tablet",SKU-000306,10602226,446
"Sony Monitor",SKU-000307,40661829,144
"Dell Tablet",SKU-000308,14033095,588
"HP Laptop",SKU-000309,30642494,944
"HP Laptop",SKU-000310,47456098,554
"HP Camera",SKU-000311,23368712,926
"Apple Laptop",SKU-000312,8380450,564
"HP Laptop",SKU-000313,39473376,661
"Samsung Smartphone",SKU-000314,23973472,452
"Apple Laptop",SKU-000315,3102074,861
"HP Laptop",SKU-000316,2920198,805
"Sony Tablet",SKU-000317,31740401,166
"Dell Camera",SKU-000318,44611853,474
"Sony Camera",SKU-000319,11124785,513
"Dell Monitor",SKU-000320,17564833,893
"HP Smartphone",SKU-000321,39107467,979
"Samsung Laptop",SKU-000322,37972030,170
"Sony Monitor",SKU-000323,1008768,393
"HP Monitor",SKU-000324,33063404,965
"Samsung Tablet",SKU-000325,31457831,637
"HP Tablet",SKU-000326,27826798,185
"Sony Tablet",SKU-000327,41738497,702
"Apple Monitor",SKU-000328,22169793,343
"Samsung Camera",SKU-000329,44030378,336
"Apple Camera",SKU-000330,6715562,3
"Samsung Tablet",SKU-000331,14504250,989
"Sony Monitor",SKU-000332,21500950,713
"Samsung Tablet",SKU-000333,11689750,251
"HP Tablet",SKU-000334,12729547,661
"Samsung Camera",SKU-000335,3870286,705
"Samsung Tablet",SKU-000336,37776095,203
"Apple Monitor",SKU-000337,42977194,450
"Apple Monitor",SKU-000338,38531792,150
"Dell Laptop",SKU-000339,45743235,15
"Samsung Smartphone",SKU-000340,41355055,582
"HP Monitor",SKU-000341,12355017,772
"Dell Smartphone",SKU-000342,30134715,576
"HP Tablet",SKU-000343,41675848,657
"Sony Monitor",SKU-000344,29563191,546
"Apple Laptop",SKU-000345,2038542,519
"Sony Monitor",SKU-000346,34623762,544
"Samsung Smartphone",SKU-000347,7467927,467
"HP Tablet",SKU-000348,32699046,470
"Dell Laptop",SKU-000349,48009174,892
"Samsung Tablet",SKU-000350,21756174,700
"Dell Laptop",SKU-000351,30086658,704
"Apple Tablet",SKU-000352,38789990,185
"Dell Smartphone",SKU-000353,25271437,586
"Apple Laptop",SKU-000354,17495303,431
"Apple Laptop",SKU-000355,6182060,561
"Apple Laptop",SKU-000356,42994759,573
"HP Tablet",SKU-000357,49089060,336
"Samsung Tablet",SKU-000358,20809305,114
"HP Camera",SKU-000359,9109258,854
"Samsung Smartphone",SKU-000360,35414349,415
"Samsung Tablet",SKU-000361,33739619,143
"Dell Camera",SKU-000362,13507802,618
"Dell Monitor",SKU-000363,37068651,485
"Apple Camera",SKU-000364,44714316,126
"Apple Camera",SKU-000365,3167050,956
"Sony Laptop",SKU-000366,45599677,400
"Dell Camera",SKU-000367,25092388,426
"Sony Tablet",SKU-000368,29461198,348
"Sony Camera",SKU-000369,42677511,180
"Apple Monitor",SKU-000370,21428283,642
"Samsung Monitor",SKU-000371,4079080,163
"Apple Laptop",SKU-000372,44604373,5
"Samsung Smartphone",SKU-000373,17612504,116
"Sony Smartphone",SKU-000374,26816827,813
"HP Monitor",SKU-000375,24435814,811
"Samsung Laptop",SKU-000376,16803273,225
"Apple Laptop",SKU-000377,11252197,444
"HP Tablet",SKU-000378,4536372,510
"Dell Smartphone",SKU-000379,42205683,770
"Dell Camera",SKU-000380,1635232,755
"HP Smartphone",SKU-000381,13184221,670
"Dell Smartphone",SKU-000382,1007976,83
"Apple Monitor",SKU-000383,4025746,910
"Samsung Laptop",SKU-000384,48455528,612
"Apple Tablet",SKU-000385,30503961,383
"Dell Tablet",SKU-000386,49407915,820
"Samsung Tablet",SKU-000387,30629174,18
"Sony Laptop",SKU-000388,25034077,699
"Apple Laptop",SKU-000389,22590748,568
"Apple Laptop",SKU-000390,39009093,948
"HP Monitor",SKU-000391,29140947,528
"Samsung Laptop",SKU-000392,16436400,92
"Dell Camera",SKU-000393,43795476,225
"Sony Monitor",SKU-000394,15628423,640
"Dell Monitor",SKU-000395,17727001,659
"HP Tablet",SKU-000396,48787955,437
"Dell Tablet",SKU-000397,25023132,989
"Samsung Smartphone",SKU-000398,30888785,135
"Sony Camera",SKU-000399,1873672,543
"Apple Camera",SKU-000400,3175221,672
"Samsung Tablet",SKU-000401,26289668,328
"Apple Smartphone",SKU-000402,45256854,193
"Samsung Monitor",SKU-000403,10175991,545
"Sony Laptop",SKU-000404,20329528,835
"Dell Monitor",SKU-000405,12344251,138
"Sony Tablet",SKU-000406,39509592,934
"Apple Tablet",SKU-000407,1157124,869
"Samsung Monitor",SKU-000408,21872068,75
"Sony Laptop",SKU-000409,17132870,230
"HP Camera",SKU-000410,3401679,488
"Apple Monitor",SKU-000411,33012923,900
"Apple Camera",SKU-000412,22019942,986
"Sony Camera",SKU-000413,3309625,161
"Sony Camera",SKU-000414,14744024,906
"Dell Laptop",SKU-000415,35290494,98
"Sony Monitor",SKU-000416,5917735,535
"Dell Smartphone",SKU-000417,32576086,850
"Sony Smartphone",SKU-000418,7616202,271
"HP Tablet",SKU-000419,41664868,415
"Sony Monitor",SKU-000420,37143584,530
"Dell Smartphone",SKU-000421,49265108,522
"Apple Camera",SKU-000422,27496255,761
"Dell Monitor",SKU-000423,22925148,554
"Dell Tablet",SKU-000424,42893755,826
"Dell Tablet",SKU-000425,28093362,983
"Samsung Tablet",SKU-000426,26158817,999
"Dell Smartphone",SKU-000427,37465680,103
"Apple Tablet",SKU-000428,1066338,356
"Apple Camera",SKU-000429,43184587,670
"Apple Laptop",SKU-000430,25747204,458
"Samsung Smartphone",SKU-000431,40557020,957
"HP Monitor",SKU-000432,35591623,824
"Dell Monitor",SKU-000433,49279766,262
"Dell Smartphone",SKU-000434,5538717,162
"Samsung Camera",SKU-000435,36225591,493
"Samsung Smartphone",SKU-000436,6523300,768
"Samsung Monitor",SKU-000437,37379214,74
"HP Tablet",SKU-000438,3029295,426
"Apple Monitor",SKU-000439,38860031,368
"Sony Smartphone",SKU-000440,47223825,724
"Apple Tablet",SKU-000441,7581253,331
"HP Monitor",SKU-000442,41480378,470
"HP Camera",SKU-000443,44132245,643
"HP Tablet",SKU-000444,42030186,916
"HP Tablet",SKU-000445,9750718,890
"Sony Laptop",SKU-000446,15238423,88
"Samsung Smartphone",SKU-000447,20508137,494
"Apple Camera",SKU-000448,16531659,975
"Apple Laptop",SKU-000449,5368239,285
"Dell Monitor",SKU-000450,9651478,224
"Dell Camera",SKU-000451,40854993,223
"HP Camera",SKU-000452,20010735,722
"Samsung Smartphone",SKU-000453,19259592,928
"Sony Laptop",SKU-000454,4739029,275
"Dell Camera",SKU-000455,45479333,335
"Apple Tablet",SKU-000456,42879774,382
"Apple Laptop",SKU-000457,28486783,589
"Sony Camera",SKU-000458,9118935,752
"HP Monitor",SKU-000459,24476255,306
"Sony Laptop",SKU-000460,1561162,484
"Sony Camera",SKU-000461,14621301,191
"Sony Monitor",SKU-000462,19501566,748
"Samsung Camera",SKU-000463,1173911,826
"Apple Laptop",SKU-000464,37842402,966
"HP Laptop",SKU-000465,29907744,538
"Sony Camera",SKU-000466,19489914,933
"Dell Laptop",SKU-000467,30468073,742
"HP Monitor",SKU-000468,21867246,894
"HP Smartphone",SKU-000469,43909049,780
"Sony Camera",SKU-000470,4758395,157
"Sony Tablet",SKU-000471,28376199,895
"Dell Monitor",SKU-000472,21476805,725
"Sony Camera",SKU-000473,24187152,599
"HP Monitor",SKU-000474,38905384,880
"Apple Laptop",SKU-000475,21845601,672
"Samsung Camera",SKU-000476,25559131,789
"Sony Tablet",SKU-000477,15363028,976
"Samsung Tablet",SKU-000478,22638217,550
"HP Tablet",SKU-000479,24410104,715
"Apple Laptop",SKU-000480,23328958,775
"Apple Monitor",SKU-000481,5213901,581
"HP Tablet",SKU-000482,37042471,560
"Samsung Laptop",SKU-000483,17220020,692
"Sony Camera",SKU-000484,41287115,117
"Dell Smartphone",SKU-000485,41200022,541
"Apple Tablet",SKU-000486,14462032,999
"HP Camera",SKU-000487,42515957,729
"Sony Laptop",SKU-000488,4046763,585
"Apple Smartphone",SKU-000489,22235842,951
"HP Smartphone",SKU-000490,26886799,7
"Samsung Camera",SKU-000491,21286837,984
"Samsung Tablet",SKU-000492,40038996,242
"Samsung Camera",SKU-000493,22289244,296
"Samsung Camera",SKU-000494,47996123,377
"Apple Smartphone",SKU-000495,7517239,255
"Apple Smartphone",SKU-000496,33477973,804
"HP Monitor",SKU-000497,44317129,771
"Samsung Monitor",SKU-000498,26716432,824
"HP Monitor",SKU-000499,18460366,598
"Apple Laptop",SKU-000500,14063754,650
"Apple Smartphone",SKU-000501,48138526,558
"HP Tablet",SKU-000502,1819399,846
"Dell Laptop",SKU-000503,28303340,359
"Sony Monitor",SKU-000504,6272499,163
"Apple Monitor",SKU-000505,27461190,174
"Sony Camera",SKU-000506,40320758,779
"Apple Camera",SKU-000507,8217110,361
"Samsung Laptop",SKU-000508,15234248,635
"Sony Laptop",SKU-000509,42851859,356
"HP Smartphone",SKU-000510,26495768,201
"Dell Camera",SKU-000511,5691739,530
"Apple Monitor",SKU-000512,20000396,385
"Sony Camera",SKU-000513,19223162,795
"HP Monitor",SKU-000514,6669873,693
"Samsung Camera",SKU-000515,34667277,286
"Apple Laptop",SKU-000516,13037737,360
"HP Camera",SKU-000517,12170314,425
"HP Smartphone",SKU-000518,24328080,521
"HP Tablet",SKU-000519,9438177,765
"Apple Tablet",SKU-000520,36236720,922
"HP Tablet",SKU-000521,19353703,363
"Dell Laptop",SKU-000522,46017746,244
"Sony Smartphone",SKU-000523,12485421,998
"Dell Camera",SKU-000524,34175518,754
"Samsung Monitor",SKU-000525,46491427,708
"Sony Monitor",SKU-000526,10921087,712
"Dell Laptop",SKU-000527,33422549,237
"HP Smartphone",SKU-000528,36368858,960
"Dell Laptop",SKU-000529,19032161,63
"HP Laptop",SKU-000530,38258613,692
"Sony Tablet",SKU-000531,4179951,730
"HP Monitor",SKU-000532,30557009,346
"Apple Smartphone",SKU-000533,40358516,204
"Dell Camera",SKU-000534,12671824,66
"Samsung Tablet",SKU-000535,27154186,167
"Dell Tablet",SKU-000536,12483444,507
"Sony Tablet",SKU-000537,1221057,32
"Apple Camera",SKU-000538,6209323,242
"Apple Smartphone",SKU-000539,40691643,946
"Samsung Tablet",SKU-000540,28254123,955
"Dell Smartphone",SKU-000541,31032358,284
"Sony Smartphone",SKU-000542,42740764,276
"Apple Laptop",SKU-000543,31958008,477
"Apple Smartphone",SKU-000544,21115829,746
"Sony Tablet",SKU-000545,29614950,486
"Samsung Tablet",SKU-000546,48179867,26
"Sony Laptop",SKU-000547,39044081,308
"Samsung Smartphone",SKU-000548,18216214,903
"Apple Tablet",SKU-000549,16194144,190
"HP Camera",SKU-000550,13052040,245
"Dell Smartphone",SKU-000551,41532370,542
"Sony Monitor",SKU-000552,42336572,237
"Apple Monitor",SKU-000553,43354034,146
"Samsung Camera",SKU-000554,37523349,297
"Samsung Monitor",SKU-000555,26881235,680
"HP Tablet",SKU-000556,37152862,259
"Dell Laptop",SKU-000557,18891630,940
"Sony Tablet",SKU-000558,24482850,351
"Dell Tablet",SKU-000559,44187879,314
"HP Monitor",SKU-000560,22192593,919
"Dell Camera",SKU-000561,46690193,917
"Dell Tablet",SKU-000562,7640808,25
"Sony Smartphone",SKU-000563,4697830,684
"HP Camera",SKU-000564,9560238,115
"Sony Camera",SKU-000565,12335740,288
"Apple Tablet",SKU-000566,17237158,357
"Apple Tablet",SKU-000567,31426241,490
"Apple Tablet",SKU-000568,9000315,508
"Apple Monitor",SKU-000569,22352866,221
"HP Smartphone",SKU-000570,43369788,173
"Dell Laptop",SKU-000571,16269919,986
"Sony Camera",SKU-000572,32967878,608
"Samsung Camera",SKU-000573,36118114,551
"HP Smartphone",SKU-000574,44583029,163
"HP Camera",SKU-000575,6814023,864
"Dell Laptop",SKU-000576,33839165,39
"Sony Laptop",SKU-000577,30241724,192
"Apple Camera",SKU-000578,15421184,44
"HP Monitor",SKU-000579,25968555,805
"Dell Camera",SKU-000580,11114310,662
"HP Camera",SKU-000581,2450815,126
"Dell Camera",SKU-000582,17570413,477
"HP Camera",SKU-000583,25728537,227
"Dell Camera",SKU-000584,41012343,161
"Apple Laptop",SKU-000585,13081693,871
"Dell Smartphone",SKU-000586,31147879,87
"Apple Laptop",SKU-000587,23790102,627
"Samsung Monitor",SKU-000588,47655050,179
"Sony Laptop",SKU-000589,18323735,910
"HP Tablet",SKU-000590,28637090,696
"Samsung Monitor",SKU-000591,47109898,48
"Dell Tablet",SKU-000592,37909181,576
"Apple Monitor",SKU-000593,24456536,346
"Dell Camera",SKU-000594,46758599,629
"HP Tablet",SKU-000595,8568706,233
"HP Monitor",SKU-000596,27619320,250
"HP Tablet",SKU-000597,13619332,255
"HP Monitor",SKU-000598,31162885,323
"Apple Smartphone",SKU-000599,32252632,611
"HP Monitor",SKU-000600,23616632,260
"HP Tablet",SKU-000601,47318075,363
"HP Monitor",SKU-000602,9361058,378
"Sony Tablet",SKU-000603,33579149,332
"HP Monitor",SKU-000604,36846514,954
"Samsung Monitor",SKU-000605,25873933,394
"HP Monitor",SKU-000606,27777295,11
"Sony Monitor",SKU-000607,46804218,144
"Samsung Tablet",SKU-000608,3222498,245
"Samsung Tablet",SKU-000609,45193980,633
"Dell Camera",SKU-000610,18746808,291
"Sony Laptop",SKU-000611,14905035,213
"Dell Tablet",SKU-000612,40044004,720
"HP Smartphone",SKU-000613,30671067,448
"Samsung Laptop",SKU-000614,21323453,201
"Dell Monitor",SKU-000615,37372987,586
"Sony Smartphone",SKU-000616,27664790,827
"Apple Monitor",SKU-000617,38984223,100
"Sony Camera",SKU-000618,43277085,890
"Dell Smartphone",SKU-000619,27320698,463
"Samsung Monitor",SKU-000620,1964462,196
"Dell Monitor",SKU-000621,43684034,830
"HP Laptop",SKU-000622,20736773,822
"Apple Smartphone",SKU-000623,40492476,689
"Sony Camera",SKU-000624,35999407,968
"Sony Smartphone",SKU-000625,48004406,760
"Sony Smartphone",SKU-000626,22213407,233
"Dell Monitor",SKU-000627,14967699,689
"HP Smartphone",SKU-000628,8143095,967
"Samsung Smartphone",SKU-000629,34822756,416
"HP Laptop",SKU-000630,7295371,636
"HP Smartphone",SKU-000631,45357396,411
"HP Laptop",SKU-000632,16105925,976
"Dell Camera",SKU-000633,45349287,142
"HP Monitor",SKU-000634,38299755,79
"Apple Camera",SKU-000635,11026121,860
"Sony Monitor",SKU-000636,3725153,870
"Samsung Camera",SKU-000637,11891031,959
"Samsung Monitor",SKU-000638,34547157,298
"HP Smartphone",SKU-000639,43990658,394
"HP Tablet",SKU-000640,27760820,491
"HP Monitor",SKU-000641,49758628,514
"Samsung Laptop",SKU-000642,40250970,21
"Samsung Monitor",SKU-000643,26705177,32
"HP Monitor",SKU-000644,43752654,432
"Sony Smartphone",SKU-000645,15737269,270
"Dell Tablet",SKU-000646,39379977,446
"Apple Laptop",SKU-000647,20815656,218
"HP Monitor",SKU-000648,3640894,130
"Sony Laptop",SKU-000649,18078210,235
"Sony Smartphone",SKU-000650,32613627,699
"HP Camera",SKU-000651,22241419,903
"Apple Smartphone",SKU-000652,20371545,735
"Dell Camera",SKU-000653,39754023,310
"Samsung Monitor",SKU-000654,47550744,512
"Dell Laptop",SKU-000655,23770883,873
"Dell Laptop",SKU-000656,35345302,672
"Sony Monitor",SKU-000657,2807572,223
"Sony Laptop",SKU-000658,23499502,51
"Sony Laptop",SKU-000659,19292513,972
"Sony Camera",SKU-000660,2394848,556
"Apple Laptop",SKU-000661,48837587,294
"Apple Monitor",SKU-000662,49616125,402
"Sony Camera",SKU-000663,46677948,657
"Dell Camera",SKU-000664,8280363,825
"Apple Monitor",SKU-000665,38347003,335
"Sony Tablet",SKU-000666,45290266,810
"Dell Camera",SKU-000667,9135580,933
"Apple Monitor",SKU-000668,31999262,415
"Samsung Laptop",SKU-000669,4817465,285
"HP Tablet",SKU-000670,4279256,557
"Samsung Tablet",SKU-000671,40514651,881
"Samsung Smartphone",SKU-000672,11521022,395
"Dell Laptop",SKU-000673,17818248,158
"Apple Laptop",SKU-000674,28790119,399
"Apple Tablet",SKU-000675,33564465,465
"Samsung Laptop",SKU-000676,12329593,934
"Apple Smartphone",SKU-000677,20958538,107
"Samsung Camera",SKU-000678,32894065,596
"Sony Smartphone",SKU-000679,21283124,948
"Dell Camera",SKU-000680,36459214,150
"HP Monitor",SKU-000681,36995798,919
"Samsung Camera",SKU-000682,15920333,431
"Apple Smartphone",SKU-000683,38520432,434
"Samsung Camera",SKU-000684,32217104,663
"HP Tablet",SKU-000685,22068542,505
"Apple Tablet",SKU-000686,28805100,959
"Dell Laptop",SKU-000687,1459788,246
"Dell Laptop",SKU-000688,1714318,504
"Dell Smartphone",SKU-000689,37095335,617
"Apple Tablet",SKU-000690,49554858,796
"Apple Tablet",SKU-000691,49857353,787
"Dell Camera",SKU-000692,1359105,728
"Dell Tablet",SKU-000693,3985846,715
"Sony Tablet",SKU-000694,45135249,876
"Dell Tablet",SKU-000695,4417234,398
"Samsung Tablet",SKU-000696,47448367,985
"Dell Tablet",SKU-000697,2416380,421
"Dell Camera",SKU-000698,34058488,589
"Apple Monitor",SKU-000699,25905311,490
"Apple Camera",SKU-000700,31966566,828
"Sony Camera",SKU-000701,3607839,469
"Sony Monitor",SKU-000702,2869805,483
"Apple Monitor",SKU-000703,6234541,143
"Sony Monitor",SKU-000704,49935337,934
"Sony Camera",SKU-000705,3182004,827
"Apple Smartphone",SKU-000706,5998770,621
"Sony Smartphone",SKU-000707,49432741,174
"Samsung Monitor",SKU-000708,43545558,303
"Apple Camera",SKU-000709,4590971,545
"HP Laptop",SKU-000710,16367387,20
"HP Camera",SKU-000711,3716531,204
"HP Camera",SKU-000712,32634351,655
"HP Tablet",SKU-000713,19155018,994
"Dell Laptop",SKU-000714,40922356,298
"Dell Smartphone",SKU-000715,27454655,731
"HP Monitor",SKU-000716,18734905,633
"Dell Monitor",SKU-000717,7101456,533
"Samsung Tablet",SKU-000718,34683406,904
"HP Tablet",SKU-000719,12612554,423
"Apple Tablet",SKU-000720,27191859,126
"Dell Camera",SKU-000721,39432310,1000
"Samsung Laptop",SKU-000722,33865956,707
"Dell Laptop",SKU-000723,26850626,71
"Apple Smartphone",SKU-000724,13533238,74
"HP Smartphone",SKU-000725,18847264,236
"HP Tablet",SKU-000726,33063911,449
"Apple Smartphone",SKU-000727,5362935,588
"Dell Camera",SKU-000728,8220415,217
"HP Camera",SKU-000729,6844503,280
"Sony Tablet",SKU-000730,45211203,272
"Apple Laptop",SKU-000731,30164761,910
"Dell Laptop",SKU-000732,45002621,541
"HP Camera",SKU-000733,37157792,469
"Sony Laptop",SKU-000734,26100723,372
"Apple Tablet",SKU-000735,34825616,994
"Sony Smartphone",SKU-000736,21644371,345
"Samsung Smartphone",SKU-000737,15297505,183
"Apple Laptop",SKU-000738,1529364,304
"Dell Camera",SKU-000739,34212595,585
"HP Tablet",SKU-000740,43202180,457
"Sony Laptop",SKU-000741,35613729,811
"HP Smartphone",SKU-000742,14420692,49
"Apple Tablet",SKU-000743,20357000,366
"HP Laptop",SKU-000744,23316915,841
"Apple Monitor",SKU-000745,33759900,75
"Samsung Smartphone",SKU-000746,7832039,786
"Apple Tablet",SKU-000747,46447760,172
"Samsung Tablet",SKU-000748,41971603,929
"Samsung Camera",SKU-000749,10758671,13
"Samsung Laptop",SKU-000750,27148460,662
"Sony Laptop",SKU-000751,46966647,484
"HP Camera",SKU-000752,27013076,120
"HP Smartphone",SKU-000753,8935784,887
"Samsung Smartphone",SKU-000754,12197896,511
"Samsung Tablet",SKU-000755,24198051,803
"Apple Smartphone",SKU-000756,28999566,144
"Dell Camera",SKU-000757,22913391,733
"Samsung Monitor",SKU-000758,7595790,373
"Samsung Camera",SKU-000759,22088474,604
"Samsung Monitor",SKU-000760,49447431,260
"Dell Monitor",SKU-000761,36083771,917
"Samsung Tablet",SKU-000762,34624007,611
"Dell Laptop",SKU-000763,36775747,338
"Sony Monitor",SKU-000764,2594484,337
"Dell Tablet",SKU-000765,41644002,964
"Apple Laptop",SKU-000766,12974747,646
"Apple Laptop",SKU-000767,40539268,146
"Samsung Monitor",SKU-000768,27837963,269
"Sony Smartphone",SKU-000769,27051563,179
"Sony Monitor",SKU-000770,16895638,156
"Samsung Tablet",SKU-000771,2997892,66
"HP Laptop",SKU-000772,23206024,409
"Apple Monitor",SKU-000773,6320598,351
"Sony Laptop",SKU-000774,38693098,410
"HP Laptop",SKU-000775,30677448,875
"Apple Tablet",SKU-000776,14121865,509
"HP Tablet",SKU-000777,4305711,916
"Sony Camera",SKU-000778,13295102,436
"Apple Smartphone",SKU-000779,5578890,466
"Dell Laptop",SKU-000780,9543836,573
"HP Laptop",SKU-000781,14004679,581
"Dell Laptop",SKU-000782,43777531,551
"HP Smartphone",SKU-000783,36166451,29
"Apple Tablet",SKU-000784,45452438,715
"Sony Laptop",SKU-000785,20836336,777
"Sony Smartphone",SKU-000786,26082905,923
"Sony Monitor",SKU-000787,14238227,985
"HP Laptop",SKU-000788,10134469,751
"Dell Camera",SKU-000789,25304275,201
"Sony Camera",SKU-000790,26963834,876
"Sony Smartphone",SKU-000791,2688968,966
"Samsung Laptop",SKU-000792,24676173,247
"Apple Smartphone",SKU-000793,46328381,247
"HP Tablet",SKU-000794,38796994,411
"Dell Camera",SKU-000795,17872552,510
"Dell Monitor",SKU-000796,9866411,440
"Samsung Monitor",SKU-000797,1479908,318
"HP Tablet",SKU-000798,32280399,394
"HP Laptop",SKU-000799,33499217,73
"Apple Tablet",SKU-000800,28880024,282
"Samsung Camera",SKU-000801,31205110,326
"Samsung Laptop",SKU-000802,19062950,197
"Sony Laptop",SKU-000803,27055721,515
"Sony Monitor",SKU-000804,12574977,796
"Sony Monitor",SKU-000805,44474404,206
"HP Monitor",SKU-000806,15446886,775
"Samsung Tablet",SKU-000807,28450813,131
"HP Smartphone",SKU-000808,32193560,0
"Apple Smartphone",SKU-000809,34825159,51
"Apple Smartphone",SKU-000810,40726851,464
"Apple Tablet",SKU-000811,31203249,586
"HP Camera",SKU-000812,31050650,924
"Sony Camera",SKU-000813,14505748,82
"HP Monitor",SKU-000814,19709562,871
"Sony Laptop",SKU-000815,49338618,107
"Samsung Laptop",SKU-000816,19145058,100
"Sony Tablet",SKU-000817,48593661,320
"HP Camera",SKU-000818,17000364,919
"HP Monitor",SKU-000819,1269336,502
"Dell Camera",SKU-000820,18832382,228
"Apple Tablet",SKU-000821,44258296,526
"Samsung Laptop",SKU-000822,5396751,21
"Apple Camera",SKU-000823,30552733,571
"Sony Tablet",SKU-000824,38888501,538
"Dell Laptop",SKU-000825,17821697,186
"Samsung Tablet",SKU-000826,13565778,650
"Dell Laptop",SKU-000827,6712303,921
"Sony Camera",SKU-000828,27435725,711
"Apple Tablet",SKU-000829,46002230,797
"Samsung Laptop",SKU-000830,25985634,747
"Apple Monitor",SKU-000831,15552850,355
"HP Smartphone",SKU-000832,44761222,228
"Sony Camera",SKU-000833,46502734,817
"Samsung Smartphone",SKU-000834,47431839,824
"HP Smartphone",SKU-000835,22573857,425
"Apple Smartphone",SKU-000836,38660578,394
"Samsung Laptop",SKU-000837,18050452,267
"Samsung Camera",SKU-000838,23707347,899
"Sony Tablet",SKU-000839,13023701,624
"Samsung Laptop",SKU-000840,20052307,145
"Apple Monitor",SKU-000841,22066012,978
"Samsung Tablet",SKU-000842,43219893,871
"Dell Tablet",SKU-000843,19143698,429
"Apple Tablet",SKU-000844,8876967,286
"Apple Monitor",SKU-000845,35877595,14
"HP Laptop",SKU-000846,31919433,934
"Dell Camera",SKU-000847,41363562,810
"Dell Monitor",SKU-000848,24107843,868
"HP Tablet",SKU-000849,46848338,458
"Dell Monitor",SKU-000850,3026571,450
"Sony Tablet",SKU-000851,13608179,297
"Samsung Laptop",SKU-000852,33221343,501
"Samsung Smartphone",SKU-000853,36038522,441
"Dell Smartphone",SKU-000854,42776094,822
"Dell Smartphone",SKU-000855,2915104,893
"HP Camera",SKU-000856,8000299,89
"Sony Smartphone",SKU-000857,17946165,537
"Samsung Camera",SKU-000858,20014558,162
"Samsung Camera",SKU-000859,21823852,794
"Sony Monitor",SKU-000860,37070284,187
"Samsung Smartphone",SKU-000861,15180874,190
"Sony Monitor",SKU-000862,47842646,922
"HP Camera",SKU-000863,31447406,179
"Dell Camera",SKU-000864,39724306,417
"Samsung Camera",SKU-000865,13007635,524
"Sony Monitor",SKU-000866,26336873,778
"HP Monitor",SKU-000867,3757212,81
"Dell Smartphone",SKU-000868,30270636,526
"Samsung Laptop",SKU-000869,4760748,444
"Sony Laptop",SKU-000870,25826169,473
"Dell Tablet",SKU-000871,4416450,661
"Apple Monitor",SKU-000872,19009544,52
"Dell Camera",SKU-000873,22097331,429
"Dell Laptop",SKU-000874,5084601,49
"Dell Tablet",SKU-000875,40034942,185
"Apple Smartphone",SKU-000876,13109367,132
"Sony Smartphone",SKU-000877,41945874,706
"Dell Smartphone",SKU-000878,3953963,734
"Samsung Monitor",SKU-000879,14885418,465
"Dell Camera",SKU-000880,26139296,300
"HP Tablet",SKU-000881,36603595,683
"Samsung Smartphone",SKU-000882,9615647,191
"Sony Monitor",SKU-000883,17503413,533
"Samsung Tablet",SKU-000884,46084966,251
"Sony Laptop",SKU-000885,37105389,253
"Dell Laptop",SKU-000886,46008887,781
"Dell Laptop",SKU-000887,18682478,96
"Dell Smartphone",SKU-000888,7453172,594
"HP Smartphone",SKU-000889,8727009,85
"Dell Smartphone",SKU-000890,49187593,771
"HP Tablet",SKU-000891,48340921,227
"Apple Tablet",SKU-000892,16848773,362
"Samsung Monitor",SKU-000893,32307157,805
"Dell Tablet",SKU-000894,7658169,644
"Sony Monitor",SKU-000895,21090230,684
"Samsung Camera",SKU-000896,22844651,975
"Sony Camera",SKU-000897,26701173,12
"Sony Tablet",SKU-000898,42025021,882
"Samsung Laptop",SKU-000899,28478630,958
"Samsung Camera",SKU-000900,47981220,19
"Dell Monitor",SKU-000901,21685676,234
"Dell Monitor",SKU-000902,36171611,811
"Sony Camera",SKU-000903,35192293,652
"Sony Camera",SKU-000904,46982347,639
"Apple Smartphone",SKU-000905,12742212,406
"Sony Tablet",SKU-000906,5512095,957
"Dell Tablet",SKU-000907,42735820,380
"Dell Laptop",SKU-000908,10020537,662
"HP Tablet",SKU-000909,47522029,554
"Sony Smartphone",SKU-000910,15514168,710
"Dell Camera",SKU-000911,24688401,951
"Apple Camera",SKU-000912,20550088,143
"Dell Camera",SKU-000913,42585640,558
"Samsung Laptop",SKU-000914,32974277,341
"Sony Smartphone",SKU-000915,5599926,463
"HP Camera",SKU-000916,7213945,271
"Dell Monitor",SKU-000917,34627259,234
"Apple Laptop",SKU-000918,24444463,982
"Dell Smartphone",SKU-000919,48713331,396
"Sony Monitor",SKU-000920,45038434,712
"Sony Monitor",SKU-000921,44344036,636
"Samsung Laptop",SKU-000922,21633763,80
"Dell Laptop",SKU-000923,15305063,549
"Apple Camera",SKU-000924,13866935,245
"HP Laptop",SKU-000925,43192861,297
"Apple Monitor",SKU-000926,47209133,914
"Apple Smartphone",SKU-000927,3135475,981
"HP Monitor",SKU-000928,48042279,998
"HP Tablet",SKU-000929,20470361,944
"Dell Monitor",SKU-000930,48350222,937
"HP Smartphone",SKU-000931,47176408,842
"HP Tablet",SKU-000932,41105646,37
"Dell Camera",SKU-000933,18980931,159
"HP Camera",SKU-000934,3162476,956
"Samsung Monitor",SKU-000935,19989963,812
"Samsung Tablet",SKU-000936,12451545,445
"Dell Laptop",SKU-000937,18091026,860
"Apple Smartphone",SKU-000938,42344406,893
"Dell Laptop",SKU-000939,40582987,773
"Sony Smartphone",SKU-000940,2643206,412
"HP Monitor",SKU-000941,41705148,94
"Dell Laptop",SKU-000942,46619825,794
"Sony Tablet",SKU-000943,49644432,343
"Samsung Camera",SKU-000944,29489138,704
"Samsung Monitor",SKU-000945,43030813,686
"Samsung Smartphone",SKU-000946,42740016,484
"Dell Laptop",SKU-000947,12172755,151
"Sony Camera",SKU-000948,6796549,213
"Sony Monitor",SKU-000949,3365853,673
"Sony Laptop",SKU-000950,39003965,281
"Dell Tablet",SKU-000951,36447303,931
"Apple Tablet",SKU-000952,35168318,116
"Dell Smartphone",SKU-000953,18819942,636
"HP Smartphone",SKU-000954,2087513,578
"Sony Smartphone",SKU-000955,42577994,73
"Samsung Smartphone",SKU-000956,38883293,931
"HP Tablet",SKU-000957,39979637,737
"Sony Laptop",SKU-000958,46806173,983
"Dell Tablet",SKU-000959,1117843,410
"Apple Tablet",SKU-000960,6749044,300
"Dell Monitor",SKU-000961,22007930,561
"HP Laptop",SKU-000962,42019876,710
"HP Smartphone",SKU-000963,7020130,99
"Apple Tablet",SKU-000964,8868193,916
"Dell Monitor",SKU-000965,24476189,654
"HP Tablet",SKU-000966,9777277,153
"Apple Smartphone",SKU-000967,36219203,128
"Sony Monitor",SKU-000968,16269361,810
"Dell Camera",SKU-000969,6370047,398
"Sony Camera",SKU-000970,11235749,969
"HP Laptop",SKU-000971,45513084,155
"Sony Camera",SKU-000972,15541003,75
"Apple Monitor",SKU-000973,27471755,463
"Samsung Camera",SKU-000974,23050224,116
"Apple Laptop",SKU-000975,15155074,753
"Samsung Tablet",SKU-000976,17655712,721
"Dell Monitor",SKU-000977,5114165,322
"Sony Smartphone",SKU-000978,41977657,833
"HP Monitor",SKU-000979,13166242,102
"Dell Monitor",SKU-000980,32638901,1
"Apple Tablet",SKU-000981,7977121,795
"Samsung Smartphone",SKU-000982,13493487,582
"Apple Tablet",SKU-000983,10096744,467
"Dell Monitor",SKU-000984,22831380,958
"Sony Laptop",SKU-000985,18514678,441
"Sony Camera",SKU-000986,49548834,569
"HP Tablet",SKU-000987,43494815,176
"Samsung Monitor",SKU-000988,4644647,705
"Sony Camera",SKU-000989,13767373,245
"Dell Smartphone",SKU-000990,5059741,213
"HP Laptop",SKU-000991,14350048,99
"Sony Smartphone",SKU-000992,39192246,172
"Samsung Laptop",SKU-000993,24004815,331
"Dell Monitor",SKU-000994,6150974,903
"Dell Laptop",SKU-000995,24866328,714
"Apple Smartphone",SKU-000996,18279214,143
"Samsung Monitor",SKU-000997,5221490,327
"Samsung Laptop",SKU-000998,17350159,999
"Samsung Camera",SKU-000999,2154911,334
"Dell Tablet",SKU-001000,19183013,458
"Sony Camera",SKU-001001,24304840,132
"HP Tablet",SKU-001002,25264042,139
"Samsung Smartphone",SKU-001003,12382344,218
"Samsung Tablet",SKU-001004,22153293,650
"HP Camera",SKU-001005,31618020,856
"Sony Laptop",SKU-001006,12853646,81
"Samsung Smartphone",SKU-001007,33666250,351
"Dell Laptop",SKU-001008,4156916,86
"Apple Laptop",SKU-001009,12046353,598
"HP Laptop",SKU-001010,24470304,537
"Apple Camera",SKU-001011,4687203,587
"Dell Tablet",SKU-001012,40433575,486
"HP Smartphone",SKU-001013,29115281,4
"Sony Laptop",SKU-001014,43148583,246
"Samsung Camera",SKU-001015,4752084,331
"Samsung Tablet",SKU-001016,32851834,763
"Sony Monitor",SKU-001017,48137691,569
"HP Monitor",SKU-001018,27149497,259
"Sony Smartphone",SKU-001019,3414701,17
"Apple Camera",SKU-001020,19023414,675
"HP Laptop",SKU-001021,5099244,140
"Dell Monitor",SKU-001022,14363324,334
"Sony Camera",SKU-001023,4441178,528
"HP Tablet",SKU-001024,26909291,162
"Sony Smartphone",SKU-001025,49293908,311
"Dell Tablet",SKU-001026,8740192,26
"Sony Tablet",SKU-001027,41888523,550
"Samsung Tablet",SKU-001028,35968418,98
"Sony Camera",SKU-001029,24075798,814
"Apple Tablet",SKU-001030,8452815,570
"HP Laptop",SKU-001031,48105121,948
"Sony Smartphone",SKU-001032,23577068,189
"Samsung Smartphone",SKU-001033,7135855,205
"Samsung Monitor",SKU-001034,49496180,1000
"Dell Camera",SKU-001035,13450396,484
"Samsung Smartphone",SKU-001036,33212801,840
"Samsung Monitor",SKU-001037,15185833,388
"Samsung Camera",SKU-001038,36221335,124
"Sony Laptop",SKU-001039,27958711,54
"HP Monitor",SKU-001040,27667664,749
"Dell Camera",SKU-001041,37683657,481
"Apple Smartphone",SKU-001042,12777214,576
"Samsung Laptop",SKU-001043,26368399,575
"Samsung Laptop",SKU-001044,15464093,403
"HP Laptop",SKU-001045,23700941,88
"Samsung Monitor",SKU-001046,19575171,378
"Dell Monitor",SKU-001047,5624243,320
"HP Camera",SKU-001048,34262858,424
"Apple Tablet",SKU-001049,31018808,915
"HP Smartphone",SKU-001050,49880442,496
"Sony Tablet",SKU-001051,30867692,278
"Dell Camera",SKU-001052,41340375,136
"HP Camera",SKU-001053,19428449,546
"Sony Smartphone",SKU-001054,2806786,893
"Sony Smartphone",SKU-001055,12015967,637
"Sony Tablet",SKU-001056,47630237,397
"Sony Tablet",SKU-001057,19764742,822
"Dell Monitor",SKU-001058,29956514,472
"HP Monitor",SKU-001059,19243414,568
"HP Laptop",SKU-001060,2267788,860
"Apple Monitor",SKU-001061,1134793,251
"Apple Monitor",SKU-001062,26400922,695
"Samsung Tablet",SKU-001063,47415240,41
"Samsung Tablet",SKU-001064,48511153,90
"Sony Tablet",SKU-001065,45057302,299
"HP Smartphone",SKU-001066,46352344,656
"Apple Laptop",SKU-001067,48666645,503
"Sony Monitor",SKU-001068,26748070,292
"HP Camera",SKU-001069,42057797,475
"Apple Laptop",SKU-001070,40950666,614
"Samsung Laptop",SKU-001071,11297704,557
"Samsung Monitor",SKU-001072,26694446,206
"Samsung Camera",SKU-001073,31072641,878
"Apple Camera",SKU-001074,24153019,361
"Dell Smartphone",SKU-001075,27638805,415
"HP Tablet",SKU-001076,10387553,552
"Dell Monitor",SKU-001077,27528936,468
"Dell Smartphone",SKU-001078,25540361,323
"Dell Laptop",SKU-001079,17843211,96
"Sony Camera",SKU-001080,33342815,713
"Dell Smartphone",SKU-001081,27875743,83
"HP Monitor",SKU-001082,33358990,47
"Sony Laptop",SKU-001083,8152598,350
"Sony Tablet",SKU-001084,2146287,560
"Apple Laptop",SKU-001085,34761629,23
"Dell Tablet",SKU-001086,38465905,309
"Apple Smartphone",SKU-001087,1475362,21
"HP Tablet",SKU-001088,9446650,399
"Apple Tablet",SKU-001089,21778821,559
"Samsung Tablet",SKU-001090,7042903,624
"Sony Monitor",SKU-001091,44967435,457
"Sony Laptop",SKU-001092,17440373,357
"Samsung Tablet",SKU-001093,44412398,736
"Apple Camera",SKU-001094,14097576,914
"Apple Tablet",SKU-001095,29610086,326
"Samsung Smartphone",SKU-001096,39574882,926
"HP Tablet",SKU-001097,14382812,282
"Dell Camera",SKU-001098,48727334,517
"Apple Tablet",SKU-001099,14372206,30
"Apple Tablet",SKU-001100,37603891,740
"Apple Camera",SKU-001101,4580744,58
"Dell Monitor",SKU-001102,32847457,237
"HP Smartphone",SKU-001103,29777134,704
"Samsung Camera",SKU-001104,44870119,48
"Samsung Tablet",SKU-001105,36235266,580
"Sony Tablet",SKU-001106,23927424,215
"Sony Laptop",SKU-001107,48341299,257
"Sony Monitor",SKU-001108,22008346,230
"Dell Laptop",SKU-001109,49415805,551
"Apple Laptop",SKU-001110,15083528,721
"Dell Laptop",SKU-001111,17004034,53
"Samsung Camera",SKU-001112,36752288,435
"HP Laptop",SKU-001113,17703874,57
"Samsung Smartphone",SKU-001114,2078276,640
"Samsung Laptop",SKU-001115,47488106,499
"HP Smartphone",SKU-001116,44659014,160
"Dell Camera",SKU-001117,28632414,321
"Dell Laptop",SKU-001118,22237312,375
"Apple Laptop",SKU-001119,1405559,867
"Dell Camera",SKU-001120,44908765,571
"Sony Monitor",SKU-001121,9463817,430
"Samsung Tablet",SKU-001122,35319192,479
"Dell Smartphone",SKU-001123,21202624,817
"Sony Smartphone",SKU-001124,1694270,61
"Sony Camera",SKU-001125,4470100,153
"HP Monitor",SKU-001126,9684686,769
"Sony Monitor",SKU-001127,31548870,17
"Apple Smartphone",SKU-001128,41752063,741
"HP Tablet",SKU-001129,22866345,840
"Dell Camera",SKU-001130,14464532,638
"Apple Tablet",SKU-001131,12105265,965
"Samsung Laptop",SKU-001132,49705707,425
"Apple Camera",SKU-001133,38162058,280
"Sony Laptop",SKU-001134,7421398,692
"Samsung Monitor",SKU-001135,4621623,487
"Apple Tablet",SKU-001136,18477154,148
"Apple Tablet",SKU-001137,41794859,856
"Dell Tablet",SKU-001138,23553710,126
"Sony Laptop",SKU-001139,1607663,748
"Apple Laptop",SKU-001140,13254250,283
"Dell Laptop",SKU-001141,49831055,492
"HP Smartphone",SKU-001142,42706399,469
"Dell Monitor",SKU-001143,31449143,374
"Dell Smartphone",SKU-001144,5482811,391
"Sony Monitor",SKU-001145,5684049,533
"Apple Tablet",SKU-001146,7924682,882
"Apple Camera",SKU-001147,45451541,36
"HP Smartphone",SKU-001148,12202462,41
"Samsung Monitor",SKU-001149,5449755,989
"Apple Tablet",SKU-001150,35773662,569
"Sony Camera",SKU-001151,15106257,67
"Dell Smartphone",SKU-001152,45516397,562
"Dell Camera",SKU-001153,39307825,229
"HP Tablet",SKU-001154,23709861,855
"Samsung Smartphone",SKU-001155,8944329,318
"Apple Camera",SKU-001156,4293629,881
"HP Laptop",SKU-001157,29895936,685
"HP Laptop",SKU-001158,27567287,760
"Apple Smartphone",SKU-001159,13082841,165
"Dell Monitor",SKU-001160,32640968,81
"Sony Camera",SKU-001161,32098010,52
"Samsung Tablet",SKU-001162,28665335,962
"Sony Tablet",SKU-001163,23883183,888
"Sony Camera",SKU-001164,13736924,863
"Sony Camera",SKU-001165,26338941,722
"Dell Monitor",SKU-001166,29017627,337
"Samsung Laptop",SKU-001167,38292997,753
"HP Laptop",SKU-001168,42282061,942
"Apple Tablet",SKU-001169,3230829,372
"Sony Smartphone",SKU-001170,44542478,829
"HP Monitor",SKU-001171,18675838,755
"Apple Monitor",SKU-001172,48282137,607
"Apple Monitor",SKU-001173,37373950,709
"HP Laptop",SKU-001174,9730130,964
"Samsung Smartphone",SKU-001175,46528207,696
"Apple Smartphone",SKU-001176,27945463,596
"Sony Laptop",SKU-001177,33695699,456
"Sony Tablet",SKU-001178,1597118,889
"Apple Monitor",SKU-001179,9223101,54
"HP Monitor",SKU-001180,38605964,909
"Dell Laptop",SKU-001181,25108349,510
"Apple Laptop",SKU-001182,7075420,357
"HP Smartphone",SKU-001183,14704232,50
"HP Camera",SKU-001184,33559499,768
"Dell Monitor",SKU-001185,16042808,740
"Dell Monitor",SKU-001186,45079531,390
"Sony Laptop",SKU-001187,16427413,774
"Apple Monitor",SKU-001188,24023742,319
"Sony Laptop",SKU-001189,39161073,47
"Sony Camera",SKU-001190,34293075,535
"Dell Monitor",SKU-001191,23237363,259
"HP Tablet",SKU-001192,11565718,674
"Sony Tablet",SKU-001193,42332711,210
"Sony Smartphone",SKU-001194,31580821,711
"HP Smartphone",SKU-001195,49407808,893
"Samsung Laptop",SKU-001196,5077283,775
"HP Laptop",SKU-001197,10348657,51
"Samsung Camera",SKU-001198,17301893,833
"Samsung Monitor",SKU-001199,2922377,706
"Samsung Laptop",SKU-001200,36569957,562
"Samsung Tablet",SKU-001201,9604464,404
"Sony Tablet",SKU-001202,14362509,200
"Apple Tablet",SKU-001203,48961787,831
"Samsung Monitor",SKU-001204,29340120,970
"Apple Tablet",SKU-001205,6616507,469
"Apple Smartphone",SKU-001206,37369732,415
"Sony Tablet",SKU-001207,1466973,246
"Samsung Laptop",SKU-001208,26989643,16
"Sony Camera",SKU-001209,26567381,153
"HP Camera",SKU-001210,38308150,2
"Dell Monitor",SKU-001211,47730901,533
"Dell Smartphone",SKU-001212,46188152,920
"Sony Smartphone",SKU-001213,3944771,173
"Samsung Camera",SKU-001214,17178515,637
"Sony Laptop",SKU-001215,36025306,397
"Sony Tablet",SKU-001216,1051772,663
"HP Smartphone",SKU-001217,39035981,337
"HP Tablet",SKU-001218,32014204,749
"Dell Laptop",SKU-001219,14274688,414
"Samsung Smartphone",SKU-001220,40207717,941
"HP Laptop",SKU-001221,42532504,545
"HP Laptop",SKU-001222,41500476,697
"HP Laptop",SKU-001223,31362898,607
"Samsung Camera",SKU-001224,36512674,455
"Sony Tablet",SKU-001225,25199869,997
"HP Monitor",SKU-001226,43746126,896
"Samsung Tablet",SKU-001227,9033112,680
"Sony Camera",SKU-001228,31349835,666
"Dell Monitor",SKU-001229,37812480,1000
"HP Camera",SKU-001230,1611228,914
"Samsung Laptop",SKU-001231,19820871,584
"HP Monitor",SKU-001232,38767938,129
"Apple Monitor",SKU-001233,21188164,448
"HP Tablet",SKU-001234,24035801,406
"Apple Smartphone",SKU-001235,23954430,284
"Sony Camera",SKU-001236,15994895,109
"Apple Smartphone",SKU-001237,33593054,500
"Samsung Smartphone",SKU-001238,14275636,989
"Dell Camera",SKU-001239,48025593,24
"Samsung Tablet",SKU-001240,3447783,542
"Dell Monitor",SKU-001241,34698644,573
"HP Smartphone",SKU-001242,33404532,48
"Apple Tablet",SKU-001243,39750777,856
"Samsung Monitor",SKU-001244,41523579,530
"Apple Smartphone",SKU-001245,34619661,783
"Sony Laptop",SKU-001246,35892865,481
"Samsung Monitor",SKU-001247,19031536,138
"Sony Laptop",SKU-001248,46704118,976
"HP Camera",SKU-001249,3782232,525
"Dell Tablet",SKU-001250,17463140,919
"HP Camera",SKU-001251,37107540,900
"Dell Camera",SKU-001252,23450398,422
"Dell Laptop",SKU-001253,16281617,602
"Apple Monitor",SKU-001254,29313947,466
"Apple Laptop",SKU-001255,15289014,436
"HP Camera",SKU-001256,37448823,155
"Apple Tablet",SKU-001257,28455912,724
"Dell Camera",SKU-001258,34672787,996
"Apple Tablet",SKU-001259,27262121,993
"Apple Monitor",SKU-001260,29757906,661
"HP Smartphone",SKU-001261,38139138,432
"Apple Tablet",SKU-001262,13752091,238
"Sony Monitor",SKU-001263,44263470,246
"Sony Laptop",SKU-001264,42483703,605
"Apple Monitor",SKU-001265,35170195,389
"Apple Tablet",SKU-001266,36482297,720
"Samsung Monitor",SKU-001267,28271890,928
"HP Smartphone",SKU-001268,15729700,580
"Dell Laptop",SKU-001269,35357877,603
"Samsung Smartphone",SKU-001270,21819977,29
"HP Smartphone",SKU-001271,11749315,916
"Sony Camera",SKU-001272,41656895,610
"Sony Smartphone",SKU-001273,24588171,675
"HP Camera",SKU-001274,30201611,862
"Sony Monitor",SKU-001275,29671768,963
"HP Laptop",SKU-001276,43301424,1000
"Samsung Laptop",SKU-001277,6835132,989
"Samsung Camera",SKU-001278,31085784,211
"Dell Monitor",SKU-001279,35990417,377
"Apple Smartphone",SKU-001280,15216937,267
"Sony Laptop",SKU-001281,33068723,767
"Apple Laptop",SKU-001282,35408733,504
"HP Camera",SKU-001283,14867355,29
"Samsung Smartphone",SKU-001284,12257019,660
"Sony Smartphone",SKU-001285,11363273,390
"Apple Tablet",SKU-001286,4906127,354
"Sony Monitor",SKU-001287,42967392,396
"Sony Camera",SKU-001288,17787488,870
"Apple Monitor",SKU-001289,20359721,309
"Samsung Smartphone",SKU-001290,21460765,29
"HP Tablet",SKU-001291,2695166,237
"Sony Tablet",SKU-001292,39612611,432
"Sony Camera",SKU-001293,6609465,685
"Dell Smartphone",SKU-001294,43481744,767
"Sony Tablet",SKU-001295,15504115,203
"Sony Camera",SKU-001296,29740082,224
"Apple Laptop",SKU-001297,4574358,59
"Samsung Tablet",SKU-001298,4625946,331
"Dell Smartphone",SKU-001299,15477406,469
"Apple Tablet",SKU-001300,7138602,141
"Sony Smartphone",SKU-001301,42364459,593
"HP Laptop",SKU-001302,3831186,679
"Apple Tablet",SKU-001303,7862847,419
"HP Monitor",SKU-001304,24154286,918
"Dell Monitor",SKU-001305,24613312,643
"Dell Laptop",SKU-001306,36842428,923
"Dell Monitor",SKU-001307,3899988,116
"Sony Laptop",SKU-001308,18420320,564
"Apple Camera",SKU-001309,27313975,8
"Dell Tablet",SKU-001310,24240509,700
"Sony Camera",SKU-001311,15448624,343
"Samsung Camera",SKU-001312,3001306,509
"HP Camera",SKU-001313,31894861,26
"Samsung Monitor",SKU-001314,42522190,402
"Sony Monitor",SKU-001315,12987056,7
"Dell Monitor",SKU-001316,21938823,310
"Apple Camera",SKU-001317,27976944,579
"Sony Laptop",SKU-001318,12196261,524
"Sony Laptop",SKU-001319,49046558,362
"Samsung Smartphone",SKU-001320,20184934,618
"HP Smartphone",SKU-001321,40059079,367
"HP Camera",SKU-001322,45575373,743
"Sony Laptop",SKU-001323,10986763,266
"Dell Tablet",SKU-001324,48912000,553
"HP Smartphone",SKU-001325,23145141,550
"Sony Smartphone",SKU-001326,43662329,316
"HP Monitor",SKU-001327,15775446,364
"Sony Monitor",SKU-001328,28103325,65
"Dell Laptop",SKU-001329,26276317,260
"Dell Monitor",SKU-001330,47413030,244
"Dell Camera",SKU-001331,43676111,353
"Dell Camera",SKU-001332,14263830,1000
"HP Camera",SKU-001333,31029269,960
"Dell Laptop",SKU-001334,21239984,50
"Sony Camera",SKU-001335,24146776,423
"Apple Smartphone",SKU-001336,39164140,140
"Apple Smartphone",SKU-001337,43169656,323
"Apple Monitor",SKU-001338,10606066,880
"Sony Smartphone",SKU-001339,37216025,773
"Samsung Monitor",SKU-001340,41513183,385
"Sony Monitor",SKU-001341,36176595,330
"Apple Laptop",SKU-001342,26396059,660
"HP Tablet",SKU-001343,9895140,616
"HP Smartphone",SKU-001344,35196646,423
"Dell Monitor",SKU-001345,24941394,744
"Sony Camera",SKU-001346,4715505,937
"Samsung Laptop",SKU-001347,30436305,564
"Dell Laptop",SKU-001348,11973085,496
"Apple Camera",SKU-001349,3412960,737
"Dell Monitor",SKU-001350,39866352,930
"HP Tablet",SKU-001351,31906055,693
"Apple Monitor",SKU-001352,16408316,577
"Dell Camera",SKU-001353,30889538,484
"Apple Camera",SKU-001354,6006036,989
"HP Laptop",SKU-001355,44251895,763
"Sony Laptop",SKU-001356,35809551,891
"Samsung Camera",SKU-001357,12072047,831
"HP Camera",SKU-001358,21133038,72
"Samsung Smartphone",SKU-001359,6753014,354
"Samsung Monitor",SKU-001360,46657879,890
"Sony Tablet",SKU-001361,30364220,673
"Apple Tablet",SKU-001362,6651512,642
"Apple Laptop",SKU-001363,29917195,916
"Samsung Laptop",SKU-001364,22807190,727
"Sony Laptop",SKU-001365,23775864,633
"Sony Tablet",SKU-001366,12824674,34
"HP Smartphone",SKU-001367,22979113,550
"Samsung Tablet",SKU-001368,44106530,20
"Sony Tablet",SKU-001369,28798952,936
"Apple Laptop",SKU-001370,12970842,324
"HP Tablet",SKU-001371,33298444,315
"Sony Laptop",SKU-001372,26238439,968
"Sony Camera",SKU-001373,1389335,51
"HP Smartphone",SKU-001374,3907945,197
"HP Smartphone",SKU-001375,30061201,216
"Samsung Laptop",SKU-001376,5038281,787
"Sony Camera",SKU-001377,28965914,751
"HP Monitor",SKU-001378,39794860,554
"Dell Laptop",SKU-001379,26697794,139
"Dell Tablet",SKU-001380,35940862,993
"HP Monitor",SKU-001381,19658893,652
"Apple Camera",SKU-001382,1092940,519
"Sony Tablet",SKU-001383,17401992,865
"Samsung Monitor",SKU-001384,15229511,629
"HP Camera",SKU-001385,40809807,939
"Dell Camera",SKU-001386,41354623,869
"Sony Camera",SKU-001387,40423119,974
"HP Laptop",SKU-001388,34114783,477
"HP Camera",SKU-001389,37160765,585
"Apple Smartphone",SKU-001390,38283027,559
"Samsung Laptop",SKU-001391,47275147,174
"Sony Smartphone",SKU-001392,19772649,858
"Samsung Camera",SKU-001393,46324197,279
"HP Camera",SKU-001394,9204436,100
"HP Monitor",SKU-001395,26528638,266
"Samsung Smartphone",SKU-001396,44349106,880
"Apple Smartphone",SKU-001397,12891200,220
"Apple Monitor",SKU-001398,18938752,900
"Apple Tablet",SKU-001399,6717623,843
"Apple Monitor",SKU-001400,11372987,439
"HP Laptop",SKU-001401,2682707,89
"Dell Laptop",SKU-001402,24845807,325
"Apple Tablet",SKU-001403,45371908,174
"Apple Camera",SKU-001404,23627866,690
"Samsung Camera",SKU-001405,30706727,970
"Sony Laptop",SKU-001406,35422343,211
"Dell Monitor",SKU-001407,22501756,586
"Samsung Camera",SKU-001408,26500968,964
"Apple Camera",SKU-001409,40802534,866
"Apple Monitor",SKU-001410,35700276,659
"Samsung Tablet",SKU-001411,49841229,887
"Samsung Laptop",SKU-001412,46436508,631
"Samsung Camera",SKU-001413,27125659,970
"Apple Camera",SKU-001414,22547838,724
"Samsung Smartphone",SKU-001415,17810895,530
"Dell Tablet",SKU-001416,14584207,563
"Dell Monitor",SKU-001417,41627660,813
"Samsung Camera",SKU-001418,22688498,590
"Samsung Camera",SKU-001419,26048539,490
"Samsung Monitor",SKU-001420,33749282,210
"Sony Tablet",SKU-001421,20710475,961
"Dell Camera",SKU-001422,14534914,908
"HP Laptop",SKU-001423,4877729,852
"Samsung Tablet",SKU-001424,43671938,413
"Dell Smartphone",SKU-001425,35308652,551
"HP Smartphone",SKU-001426,16274452,552
"Dell Tablet",SKU-001427,23205121,212
"Apple Tablet",SKU-001428,36300784,848
"Sony Monitor",SKU-001429,19157168,844
"Samsung Camera",SKU-001430,20623770,824
"Apple Camera",SKU-001431,15349849,162
"Dell Smartphone",SKU-001432,23918227,899
"HP Smartphone",SKU-001433,5438257,782
"HP Smartphone",SKU-001434,5079913,183
"Samsung Camera",SKU-001435,12486534,114
"Sony Monitor",SKU-001436,33852011,746
"HP Camera",SKU-001437,39668095,118
"Samsung Monitor",SKU-001438,12969032,733
"Dell Laptop",SKU-001439,37675624,926
"Dell Laptop",SKU-001440,20719052,890
"HP Monitor",SKU-001441,32329286,721
"Samsung Smartphone",SKU-001442,9322579,66
"Apple Laptop",SKU-001443,21132118,500
"Apple Smartphone",SKU-001444,3493327,857
"Dell Smartphone",SKU-001445,35553457,92
"Sony Tablet",SKU-001446,4455940,546
"HP Monitor",SKU-001447,16465989,333
"Sony Tablet",SKU-001448,22062593,125
"Samsung Laptop",SKU-001449,41639034,247
"Dell Monitor",SKU-001450,33964135,1000
"Sony Monitor",SKU-001451,4490879,234
"HP Monitor",SKU-001452,14155669,987
"HP Tablet",SKU-001453,31954500,860
"Sony Smartphone",SKU-001454,30069952,764
"Sony Tablet",SKU-001455,37497330,510
"Sony Monitor",SKU-001456,23882368,217
"Samsung Smartphone",SKU-001457,32795235,611
"Samsung Tablet",SKU-001458,33132288,892
"HP Tablet",SKU-001459,26025862,257
"HP Tablet",SKU-001460,2103005,733
"Samsung Monitor",SKU-001461,45483851,115
"HP Laptop",SKU-001462,21958104,269
"Samsung Monitor",SKU-001463,14588105,554
"HP Monitor",SKU-001464,3686107,697
"Sony Camera",SKU-001465,4427818,886
"HP Camera",SKU-001466,21604227,998
"Dell Camera",SKU-001467,26949866,682
"HP Camera",SKU-001468,40676462,852
"HP Smartphone",SKU-001469,2874140,440
"Sony Tablet",SKU-001470,21671161,122
"Sony Smartphone",SKU-001471,21824017,451
"Dell Tablet",SKU-001472,23698141,795
"Samsung Tablet",SKU-001473,10274962,526
"Dell Smartphone",SKU-001474,29510550,148
"HP Laptop",SKU-001475,6722181,488
"Samsung Laptop",SKU-001476,45310194,626
"HP Smartphone",SKU-001477,25514111,98
"Apple Monitor",SKU-001478,3606531,513
"Apple Smartphone",SKU-001479,35547137,796
"Apple Monitor",SKU-001480,44986103,275
"Apple Laptop",SKU-001481,18844211,284
"Samsung Monitor",SKU-001482,30128808,221
"Dell Monitor",SKU-001483,46242377,525
"HP Monitor",SKU-001484,5203601,164
"Dell Camera",SKU-001485,38557019,438
"Sony Tablet",SKU-001486,22694178,803
"Samsung Tablet",SKU-001487,37254410,299
"HP Tablet",SKU-001488,5423970,247
"Dell Tablet",SKU-001489,20790630,956
"Apple Camera",SKU-001490,20384769,369
"Sony Laptop",SKU-001491,46325894,733
"Apple Laptop",SKU-001492,29830451,209
"HP Smartphone",SKU-001493,44841223,844
"Samsung Laptop",SKU-001494,39951269,613
"Sony Laptop",SKU-001495,5806072,593
"Apple Monitor",SKU-001496,23743394,114
"Sony Monitor",SKU-001497,27910166,435
"Dell Laptop",SKU-001498,44567171,26
"HP Laptop",SKU-001499,23386548,75
"Apple Smartphone",SKU-001500,8063864,284
"Samsung Tablet",SKU-001501,27332014,895
"HP Smartphone",SKU-001502,44134631,395
"Samsung Tablet",SKU-001503,23510366,654
"HP Monitor",SKU-001504,34684086,422
"Apple Laptop",SKU-001505,30623009,546
"Apple Laptop",SKU-001506,16866683,607
"Sony Monitor",SKU-001507,39480754,747
"Samsung Smartphone",SKU-001508,33750564,100
"Apple Tablet",SKU-001509,19497199,608
"Apple Tablet",SKU-001510,11399687,750
"Apple Laptop",SKU-001511,36658864,446
"Sony Camera",SKU-001512,15461668,83
"Samsung Laptop",SKU-001513,29839118,393
"Sony Smartphone",SKU-001514,48791361,600
"HP Laptop",SKU-001515,43786094,392
"Sony Camera",SKU-001516,36875346,587
"Samsung Smartphone",SKU-001517,6228252,554
"Apple Camera",SKU-001518,46452889,850
"HP Tablet",SKU-001519,42192559,65
"Sony Monitor",SKU-001520,34770384,124
"Apple Camera",SKU-001521,46351821,41
"Samsung Smartphone",SKU-001522,33536283,974
"Sony Smartphone",SKU-001523,8685505,986
"Sony Smartphone",SKU-001524,47859848,645
"Sony Tablet",SKU-001525,39726374,813
"HP Tablet",SKU-001526,35532134,192
"Dell Tablet",SKU-001527,45075176,110
"Samsung Camera",SKU-001528,41556783,588
"Samsung Smartphone",SKU-001529,24501955,207
"HP Camera",SKU-001530,18765322,914
"Samsung Smartphone",SKU-001531,5133483,400
"HP Laptop",SKU-001532,46660268,44
"Sony Tablet",SKU-001533,43214563,167
"Dell Laptop",SKU-001534,12457236,387
"HP Laptop",SKU-001535,1760041,272
"Dell Smartphone",SKU-001536,16201950,499
"HP Laptop",SKU-001537,6806324,397
"HP Laptop",SKU-001538,30865596,646
"Dell Smartphone",SKU-001539,28963512,8
"Apple Tablet",SKU-001540,19413717,771
"Sony Camera",SKU-001541,21508054,170
"Sony Tablet",SKU-001542,13111430,622
"Dell Camera",SKU-001543,1882055,401
"Samsung Laptop",SKU-001544,47887097,309
"Samsung Smartphone",SKU-001545,16834667,603
"HP Tablet",SKU-001546,19634733,885
"Samsung Tablet",SKU-001547,11394974,404
"HP Laptop",SKU-001548,45300598,221
"Dell Laptop",SKU-001549,23059496,116
"HP Camera",SKU-001550,11544399,655
"Samsung Laptop",SKU-001551,30531748,859
"HP Smartphone",SKU-001552,31675231,369
"Apple Laptop",SKU-001553,31477761,499
"Apple Tablet",SKU-001554,38030979,73
"Sony Laptop",SKU-001555,16680620,73
"Dell Camera",SKU-001556,34154878,402
"Sony Tablet",SKU-001557,35901342,458
"Samsung Smartphone",SKU-001558,35104142,371
"Dell Smartphone",SKU-001559,25872117,715
"HP Tablet",SKU-001560,47492807,858
"HP Monitor",SKU-001561,9532563,287
"Apple Monitor",SKU-001562,19315368,925
"Dell Camera",SKU-001563,43974178,944
"HP Laptop",SKU-001564,8417397,758
"Sony Smartphone",SKU-001565,47977777,88
"HP Tablet",SKU-001566,5348342,358
"HP Laptop",SKU-001567,24173639,374
"Sony Monitor",SKU-001568,34047353,922
"Samsung Camera",SKU-001569,33794709,66
"HP Monitor",SKU-001570,10868548,732
"Sony Tablet",SKU-001571,33167800,786
"Dell Smartphone",SKU-001572,31364672,3
"Samsung Tablet",SKU-001573,38040930,964
"Dell Monitor",SKU-001574,39878907,586
"Dell Camera",SKU-001575,29352467,607
"Dell Tablet",SKU-001576,25674993,106
"Apple Camera",SKU-001577,40502550,888
"Samsung Smartphone",SKU-001578,22051793,366
"Samsung Monitor",SKU-001579,35180360,835
"Sony Tablet",SKU-001580,39712860,780
"Sony Smartphone",SKU-001581,17518959,589
"HP Monitor",SKU-001582,34532355,424
"Apple Monitor",SKU-001583,32375482,146
"Samsung Tablet",SKU-001584,37489971,179
"Apple Camera",SKU-001585,21900289,156
"Dell Camera",SKU-001586,40069788,847
"Dell Laptop",SKU-001587,10867955,82
"HP Tablet",SKU-001588,17970762,79
"Sony Smartphone",SKU-001589,22373332,518
"Apple Laptop",SKU-001590,14174012,630
"HP Monitor",SKU-001591,9799317,448
"Dell Laptop",SKU-001592,47804649,6
"Apple Smartphone",SKU-001593,34204079,961
"Samsung Monitor",SKU-001594,23421313,525
"HP Tablet",SKU-001595,7806072,945
"HP Tablet",SKU-001596,29600132,415
"Apple Tablet",SKU-001597,1001877,661
"Sony Camera",SKU-001598,9851356,389
"Apple Smartphone",SKU-001599,31970181,814
"Apple Laptop",SKU-001600,20575164,317
"Sony Monitor",SKU-001601,43698349,330
"Apple Camera",SKU-001602,35906208,647
"Apple Camera",SKU-001603,9355937,928
"Dell Monitor",SKU-001604,31641214,267
"Samsung Smartphone",SKU-001605,31868272,174
"Sony Tablet",SKU-001606,46614334,874
"HP Camera",SKU-001607,15776111,741
"Samsung Smartphone",SKU-001608,42129913,354
"Sony Smartphone",SKU-001609,34094079,976
"Dell Laptop",SKU-001610,34170998,337
"Sony Tablet",SKU-001611,7892360,321
"Samsung Smartphone",SKU-001612,28759537,674
"HP Laptop",SKU-001613,9380517,364
"Sony Monitor",SKU-001614,29210654,856
"Dell Smartphone",SKU-001615,17043310,792
"Samsung Laptop",SKU-001616,49543264,952
"Samsung Laptop",SKU-001617,47717203,605
"Apple Monitor",SKU-001618,20313604,488
"Sony Laptop",SKU-001619,42016695,930
"Sony Smartphone",SKU-001620,3099397,933
"Sony Tablet",SKU-001621,26554130,124
"Apple Laptop",SKU-001622,2335142,9
"Apple Smartphone",SKU-001623,24936017,569
"HP Tablet",SKU-001624,44243144,67
"HP Smartphone",SKU-001625,33266882,319
"HP Monitor",SKU-001626,3473731,684
"Samsung Monitor",SKU-001627,35502140,214
"Dell Laptop",SKU-001628,21136583,371
"Samsung Monitor",SKU-001629,28778303,448
"Dell Camera",SKU-001630,6763138,904
"Sony Camera",SKU-001631,33612740,523
"Dell Laptop",SKU-001632,15644635,850
"HP Monitor",SKU-001633,40161042,397
"HP Laptop",SKU-001634,46506162,668
"Sony Tablet",SKU-001635,13752226,532
"HP Laptop",SKU-001636,28573181,866
"Apple Camera",SKU-001637,36234281,747
"Sony Tablet",SKU-001638,32475687,770
"HP Tablet",SKU-001639,49817614,920
"Samsung Camera",SKU-001640,15104672,945
"Dell Camera",SKU-001641,30457348,421
"Apple Monitor",SKU-001642,14599550,532
"Dell Smartphone",SKU-001643,16756420,956
"Samsung Camera",SKU-001644,3502580,402
"Apple Monitor",SKU-001645,13841820,766
"Sony Monitor",SKU-001646,9947216,218
"Sony Smartphone",SKU-001647,13630421,603
"HP Monitor",SKU-001648,8894365,634
"HP Tablet",SKU-001649,3480177,469
"Sony Tablet",SKU-001650,49144566,712
"Sony Camera",SKU-001651,29750794,561
"Apple Tablet",SKU-001652,47932515,59
"Dell Tablet",SKU-001653,15881204,728
"HP Smartphone",SKU-001654,32454089,759
"Sony Tablet",SKU-001655,27681463,229
"Dell Tablet",SKU-001656,49030276,133
"Apple Laptop",SKU-001657,18710116,892
"Dell Laptop",SKU-001658,5523269,925
"Sony Smartphone",SKU-001659,9727494,72
"Sony Tablet",SKU-001660,7053237,297
"Sony Tablet",SKU-001661,47211547,895
"Samsung Tablet",SKU-001662,16686737,454
"Dell Camera",SKU-001663,46983730,409
"Dell Laptop",SKU-001664,42025220,335
"Samsung Monitor",SKU-001665,16468282,457
"Sony Camera",SKU-001666,13265560,506
"Dell Laptop",SKU-001667,1883799,835
"Samsung Smartphone",SKU-001668,28138507,242
"Apple Tablet",SKU-001669,43583033,222
"Apple Camera",SKU-001670,38376117,913
"Sony Monitor",SKU-001671,1511839,326
"HP Monitor",SKU-001672,20728577,936
"HP Laptop",SKU-001673,40671855,450
"Dell Tablet",SKU-001674,17632621,520
"Dell Smartphone",SKU-001675,42668917,64
"HP Smartphone",SKU-001676,1449611,906
"HP Smartphone",SKU-001677,5476929,254
"HP Laptop",SKU-001678,3174647,549
"Dell Tablet",SKU-001679,42718685,549
"HP Smartphone",SKU-001680,36342713,28
"Sony Camera",SKU-001681,15375194,715
"Apple Smartphone",SKU-001682,14238119,279
"Apple Laptop",SKU-001683,8904576,957
"Samsung Tablet",SKU-001684,11114365,930
"Apple Tablet",SKU-001685,9627896,928
"Apple Smartphone",SKU-001686,2580887,35
"HP Camera",SKU-001687,46291428,772
"Dell Tablet",SKU-001688,43648915,513
"Sony Smartphone",SKU-001689,11751687,869
"HP Monitor",SKU-001690,16516019,156
"Sony Smartphone",SKU-001691,48380609,605
"Dell Tablet",SKU-001692,15407519,390
"Apple Smartphone",SKU-001693,44559462,163
"Apple Camera",SKU-001694,13871042,207
"Dell Tablet",SKU-001695,1930591,520
"Apple Smartphone",SKU-001696,10261867,75
"Sony Camera",SKU-001697,28407141,241
"Dell Laptop",SKU-001698,38148997,744
"Sony Camera",SKU-001699,49007715,800
"Dell Monitor",SKU-001700,5859558,214
"Dell Camera",SKU-001701,43503598,682
"Sony Camera",SKU-001702,20925826,595
"HP Laptop",SKU-001703,42902240,318
"Dell Camera",SKU-001704,36028853,317
"Sony Smartphone",SKU-001705,7114377,609
"Sony Smartphone",SKU-001706,31571787,347
"Apple Smartphone",SKU-001707,17794190,635
"Dell Tablet",SKU-001708,43307899,818
"Dell Camera",SKU-001709,32224961,300
"Apple Laptop",SKU-001710,36998025,106
"Samsung Monitor",SKU-001711,41340974,799
"Apple Monitor",SKU-001712,30145438,527
"Samsung Laptop",SKU-001713,44661134,669
"Sony Tablet",SKU-001714,18563193,79
"Dell Camera",SKU-001715,40685392,72
"Sony Camera",SKU-001716,8631980,30
"Sony Laptop",SKU-001717,4029156,0
"HP Smartphone",SKU-001718,42272490,159
"Dell Laptop",SKU-001719,15604829,723
"Apple Laptop",SKU-001720,5105192,745
"Apple Tablet",SKU-001721,7553700,567
"Apple Laptop",SKU-001722,16952192,266
"Apple Smartphone",SKU-001723,2307159,897
"Samsung Smartphone",SKU-001724,12993457,235
"HP Laptop",SKU-001725,9439906,732
"Apple Monitor",SKU-001726,33338513,900
"Dell Smartphone",SKU-001727,28795878,958
"Sony Smartphone",SKU-001728,2882381,848
"Apple Tablet",SKU-001729,35652353,782
"HP Laptop",SKU-001730,35624841,72
"HP Laptop",SKU-001731,32570463,906
"Apple Monitor",SKU-001732,7689169,743
"Samsung Laptop",SKU-001733,14863656,338
"HP Smartphone",SKU-001734,28232762,942
"Sony Tablet",SKU-001735,21301219,368
"HP Tablet",SKU-001736,4408604,456
"HP Laptop",SKU-001737,10775842,638
"Sony Laptop",SKU-001738,11145432,838
"HP Camera",SKU-001739,32461693,674
"Apple Monitor",SKU-001740,46847928,767
"Sony Monitor",SKU-001741,27045891,109
"Apple Laptop",SKU-001742,25388468,459
"HP Monitor",SKU-001743,35635796,655
"Samsung Camera",SKU-001744,42995350,530
"Dell Tablet",SKU-001745,38432493,681
"Samsung Tablet",SKU-001746,10962156,686
"Apple Tablet",SKU-001747,34015685,395
"Samsung Laptop",SKU-001748,41089616,109
"Apple Tablet",SKU-001749,44740849,705
"Apple Tablet",SKU-001750,36268878,233
"Apple Laptop",SKU-001751,36638197,388
"Samsung Tablet",SKU-001752,28820921,225
"HP Laptop",SKU-001753,17227951,832
"HP Tablet",SKU-001754,17381099,98
"HP Camera",SKU-001755,37775979,371
"HP Smartphone",SKU-001756,45887356,250
"Samsung Tablet",SKU-001757,38426148,997
"Samsung Monitor",SKU-001758,3278533,947
"HP Camera",SKU-001759,5455195,154
"Apple Camera",SKU-001760,7135158,320
"Samsung Tablet",SKU-001761,1727180,990
"Sony Camera",SKU-001762,45076128,254
"Dell Laptop",SKU-001763,31064644,966
"Dell Laptop",SKU-001764,21170832,63
"Dell Laptop",SKU-001765,16174877,247
"Dell Camera",SKU-001766,25507997,208
"Apple Monitor",SKU-001767,45137875,248
"HP Monitor",SKU-001768,2615737,48
"Sony Laptop",SKU-001769,15394117,994
"Sony Monitor",SKU-001770,31712679,14
"Apple Laptop",SKU-001771,14632458,724
"HP Laptop",SKU-001772,25025398,462
"Dell Monitor",SKU-001773,32658417,269
"HP Smartphone",SKU-001774,33981034,278
"Sony Camera",SKU-001775,30892245,877
"Samsung Smartphone",SKU-001776,6397496,617
"HP Smartphone",SKU-001777,32604763,438
"Dell Laptop",SKU-001778,48525180,308
"HP Monitor",SKU-001779,22079675,423
"Apple Monitor",SKU-001780,19239430,981
"Apple Camera",SKU-001781,43060441,457
"Dell Camera",SKU-001782,38289644,153
"Apple Smartphone",SKU-001783,16175733,585
"Samsung Monitor",SKU-001784,38882250,304
"Apple Smartphone",SKU-001785,45601547,195
"Sony Camera",SKU-001786,24938748,600
"Apple Tablet",SKU-001787,3195600,752
"Sony Smartphone",SKU-001788,10523738,874
"HP Tablet",SKU-001789,11410580,153
"Apple Smartphone",SKU-001790,5823090,240
"HP Monitor",SKU-001791,16826242,107
"Dell Monitor",SKU-001792,41483697,383
"Dell Tablet",SKU-001793,16247585,801
"HP Smartphone",SKU-001794,35958224,587
"HP Camera",SKU-001795,41926890,509
"Sony Laptop",SKU-001796,6634905,587
"HP Laptop",SKU-001797,36226416,911
"Sony Tablet",SKU-001798,2859217,540
"HP Smartphone",SKU-001799,20491941,192
"Samsung Laptop",SKU-001800,38322697,888
"Apple Monitor",SKU-001801,40843964,294
"Samsung Camera",SKU-001802,31920067,166
"HP Tablet",SKU-001803,16665459,785
"Apple Smartphone",SKU-001804,40421816,18
"HP Laptop",SKU-001805,34750870,794
"Apple Smartphone",SKU-001806,46492928,197
"Dell Monitor",SKU-001807,44572016,351
"Samsung Tablet",SKU-001808,11472338,377
"Samsung Smartphone",SKU-001809,40917861,949
"Sony Smartphone",SKU-001810,14174283,499
"HP Monitor",SKU-001811,46690322,946
"Apple Tablet",SKU-001812,41530801,288
"Sony Camera",SKU-001813,41187952,85
"HP Laptop",SKU-001814,3072684,697
"HP Smartphone",SKU-001815,30137917,894
"Dell Smartphone",SKU-001816,1888670,714
"HP Tablet",SKU-001817,36107838,28
"Sony Tablet",SKU-001818,26655725,578
"Sony Laptop",SKU-001819,29888568,792
"Samsung Monitor",SKU-001820,44270110,497
"Samsung Camera",SKU-001821,41505462,85
"HP Tablet",SKU-001822,40899601,717
"Sony Camera",SKU-001823,14279027,874
"HP Smartphone",SKU-001824,36776821,631
"Dell Smartphone",SKU-001825,48135686,173
"Samsung Tablet",SKU-001826,30750227,235
"HP Laptop",SKU-001827,8396173,761
"HP Camera",SKU-001828,37546254,818
"Dell Laptop",SKU-001829,47007681,822
"HP Monitor",SKU-001830,49767485,482
"Dell Smartphone",SKU-001831,21083983,733
"Samsung Monitor",SKU-001832,4309431,472
"Samsung Smartphone",SKU-001833,15081831,725
"Sony Smartphone",SKU-001834,8945106,917
"Samsung Laptop",SKU-001835,36669779,297
"Sony Smartphone",SKU-001836,31743130,825
"Dell Camera",SKU-001837,10802893,524
"HP Tablet",SKU-001838,14771865,329
"Apple Monitor",SKU-001839,21023960,213
"Apple Monitor",SKU-001840,21577786,392
"Dell Laptop",SKU-001841,32748772,650
"HP Camera",SKU-001842,37784305,895
"Sony Monitor",SKU-001843,32161963,211
"Apple Monitor",SKU-001844,32187946,409
"HP Smartphone",SKU-001845,12265735,494
"Apple Laptop",SKU-001846,38928241,183
"Samsung Monitor",SKU-001847,47299460,149
"Sony Camera",SKU-001848,24695397,649
"Samsung Laptop",SKU-001849,34548998,501
"Sony Smartphone",SKU-001850,8358992,290
"Samsung Laptop",SKU-001851,48504114,233
"Dell Monitor",SKU-001852,17580651,95
"HP Tablet",SKU-001853,17644151,375
"HP Laptop",SKU-001854,43549745,382
"Dell Smartphone",SKU-001855,27337898,902
"Dell Smartphone",SKU-001856,8675664,469
"Sony Laptop",SKU-001857,1368988,326
"HP Smartphone",SKU-001858,45570371,464
"Sony Tablet",SKU-001859,34948867,671
"Samsung Tablet",SKU-001860,9398650,651
"HP Tablet",SKU-001861,30140595,126
"HP Tablet",SKU-001862,47402445,896
"Sony Laptop",SKU-001863,17314678,310
"Apple Monitor",SKU-001864,35028187,637
"Sony Tablet",SKU-001865,41497590,525
"Sony Laptop",SKU-001866,31734028,197
"HP Tablet",SKU-001867,1647398,736
"Samsung Camera",SKU-001868,5250725,207
"HP Tablet",SKU-001869,26971789,194
"Apple Tablet",SKU-001870,45613640,829
"Dell Tablet",SKU-001871,7072604,441
"Samsung Tablet",SKU-001872,27937811,177
"Apple Smartphone",SKU-001873,19807779,163
"Apple Smartphone",SKU-001874,6113105,416
"Sony Smartphone",SKU-001875,48820075,112
"HP Camera",SKU-001876,22709741,881
"Dell Laptop",SKU-001877,8030397,541
"HP Tablet",SKU-001878,16400557,337
"Apple Laptop",SKU-001879,40062075,387
"HP Laptop",SKU-001880,24251562,602
"Dell Smartphone",SKU-001881,48194687,858
"Dell Camera",SKU-001882,37768336,420
"HP Tablet",SKU-001883,37644427,537
"HP Tablet",SKU-001884,2351343,68
"Sony Smartphone",SKU-001885,30233856,392
"Apple Laptop",SKU-001886,23375054,400
"Apple Smartphone",SKU-001887,42060520,215
"HP Monitor",SKU-001888,12231751,138
"Dell Laptop",SKU-001889,48413422,245
"HP Tablet",SKU-001890,36861641,498
"HP Smartphone",SKU-001891,34553290,82
"HP Tablet",SKU-001892,20800114,868
"Dell Smartphone",SKU-001893,12054974,456
"Apple Laptop",SKU-001894,32420248,845
"Samsung Tablet",SKU-001895,49157796,362
"Dell Tablet",SKU-001896,37914553,957
"Samsung Tablet",SKU-001897,16455060,834
"HP Monitor",SKU-001898,46509926,894
"Apple Smartphone",SKU-001899,19830399,727
"Sony Laptop",SKU-001900,48313042,717
"HP Laptop",SKU-001901,45605490,804
"Samsung Camera",SKU-001902,46197496,147
"Dell Smartphone",SKU-001903,25652055,285
"Samsung Tablet",SKU-001904,12649466,120
"Samsung Smartphone",SKU-001905,17180821,49
"Apple Tablet",SKU-001906,10275056,485
"Sony Monitor",SKU-001907,32282912,942
"Apple Tablet",SKU-001908,31925727,896
"Sony Smartphone",SKU-001909,48114190,59
"HP Laptop",SKU-001910,29287189,596
"Samsung Smartphone",SKU-001911,41618962,487
"Dell Smartphone",SKU-001912,35269742,377
"HP Monitor",SKU-001913,14301963,261
"Dell Tablet",SKU-001914,27986722,211
"Apple Laptop",SKU-001915,30210350,968
"HP Smartphone",SKU-001916,30050555,983
"Dell Tablet",SKU-001917,23160293,600
"Sony Tablet",SKU-001918,9771467,834
"Sony Laptop",SKU-001919,24177343,720
"HP Monitor",SKU-001920,35919163,693
"HP Camera",SKU-001921,45379294,269
"Dell Camera",SKU-001922,48586274,217
"HP Smartphone",SKU-001923,29865003,79
"Apple Laptop",SKU-001924,48817768,216
"Apple Monitor",SKU-001925,15417720,850
"Apple Monitor",SKU-001926,12726856,966
"Sony Smartphone",SKU-001927,30845109,13
"Apple Camera",SKU-001928,41553291,435
"Sony Monitor",SKU-001929,1144275,641
"Sony Smartphone",SKU-001930,28622976,260
"HP Camera",SKU-001931,16043784,839
"HP Laptop",SKU-001932,37838993,596
"Samsung Monitor",SKU-001933,13933845,167
"Apple Camera",SKU-001934,9043747,934
"Apple Laptop",SKU-001935,6413583,546
"Apple Camera",SKU-001936,1237590,603
"Sony Camera",SKU-001937,46784247,961
"Apple Camera",SKU-001938,7105250,844
"Dell Monitor",SKU-001939,28608543,203
"Dell Laptop",SKU-001940,25563322,625
"HP Smartphone",SKU-001941,1902405,911
"Samsung Laptop",SKU-001942,45639491,43
"HP Smartphone",SKU-001943,44014990,817
"Dell Smartphone",SKU-001944,38805430,830
"HP Smartphone",SKU-001945,24135806,475
"Samsung Laptop",SKU-001946,35179446,958
"Dell Monitor",SKU-001947,2897267,792
"HP Tablet",SKU-001948,2109737,996
"Dell Tablet",SKU-001949,29079225,842
"Apple Smartphone",SKU-001950,3485982,677
"Sony Laptop",SKU-001951,25100061,684
"Apple Camera",SKU-001952,12401149,0
"Dell Camera",SKU-001953,26893073,920
"HP Laptop",SKU-001954,2995516,843
"HP Laptop",SKU-001955,23568398,79
"Samsung Monitor",SKU-001956,4631097,186
"Samsung Monitor",SKU-001957,3624095,641
"Apple Smartphone",SKU-001958,26747760,302
"Sony Camera",SKU-001959,2319438,187
"Dell Smartphone",SKU-001960,38908851,261
"Samsung Smartphone",SKU-001961,33926500,330
"Dell Monitor",SKU-001962,18021530,703
"Dell Tablet",SKU-001963,22555129,502
"HP Monitor",SKU-001964,26576462,456
"Samsung Tablet",SKU-001965,33282777,104
"HP Tablet",SKU-001966,5319927,555
"Samsung Camera",SKU-001967,18981788,163
"HP Camera",SKU-001968,10201859,272
"Sony Camera",SKU-001969,31307819,693
"Dell Tablet",SKU-001970,17821102,725
"Samsung Camera",SKU-001971,49962988,360
"Samsung Laptop",SKU-001972,36780359,835
"Samsung Monitor",SKU-001973,18949386,149
"Samsung Monitor",SKU-001974,20376372,462
"Samsung Monitor",SKU-001975,18183876,369
"Dell Camera",SKU-001976,18511731,19
"Apple Camera",SKU-001977,21435045,398
"Dell Camera",SKU-001978,8193056,27
"Sony Smartphone",SKU-001979,5631545,65
"HP Tablet",SKU-001980,47624727,788
"HP Camera",SKU-001981,37695551,396
"Apple Camera",SKU-001982,35752711,182
"HP Camera",SKU-001983,33351990,915
"HP Smartphone",SKU-001984,15045196,349
"Dell Smartphone",SKU-001985,27561755,590
"Dell Laptop",SKU-001986,2180124,392
"Apple Tablet",SKU-001987,2311814,473
"Dell Laptop",SKU-001988,15688674,435
"Samsung Camera",SKU-001989,19637066,448
"Samsung Laptop",SKU-001990,46368861,234
"Dell Camera",SKU-001991,39572644,431
"HP Smartphone",SKU-001992,22267101,666
"Sony Camera",SKU-001993,10418532,913
"HP Smartphone",SKU-001994,24455973,77
"Apple Smartphone",SKU-001995,9434205,466
"Dell Laptop",SKU-001996,1510522,16
"HP Laptop",SKU-001997,4389832,483
"Dell Laptop",SKU-001998,4361017,491
"Sony Smartphone",SKU-001999,17640197,915
"HP Monitor",SKU-002000,46795624,724
"Samsung Laptop",SKU-002001,17623366,868
"HP Camera",SKU-002002,35331954,782
"HP Tablet",SKU-002003,3307262,595
"Samsung Tablet",SKU-002004,49112826,592
"Dell Laptop",SKU-002005,21272201,195
"Dell Tablet",SKU-002006,44670264,806
"Dell Monitor",SKU-002007,18331807,760
"HP Monitor",SKU-002008,28813903,550
"Apple Monitor",SKU-002009,37752254,145
"Sony Smartphone",SKU-002010,34203687,224
"Samsung Tablet",SKU-002011,19941751,528
"Dell Camera",SKU-002012,27109358,717
"Sony Tablet",SKU-002013,4214100,412
"Sony Monitor",SKU-002014,24964979,889
"Samsung Camera",SKU-002015,46061010,805
"Samsung Tablet",SKU-002016,6990571,120
"Sony Smartphone",SKU-002017,21886764,140
"Samsung Smartphone",SKU-002018,10093917,806
"Dell Camera",SKU-002019,22062516,837
"Dell Camera",SKU-002020,14203586,324
"Dell Smartphone",SKU-002021,38801057,688
"Apple Laptop",SKU-002022,49590479,688
"Dell Camera",SKU-002023,37378948,50
"Samsung Camera",SKU-002024,8599234,120
"Sony Camera",SKU-002025,24185132,719
"Dell Tablet",SKU-002026,22576094,198
"Sony Tablet",SKU-002027,42693391,59
"Apple Monitor",SKU-002028,12884854,723
"Samsung Smartphone",SKU-002029,43405917,649
"Samsung Smartphone",SKU-002030,20192842,538
"Sony Monitor",SKU-002031,9964225,862
"Dell Laptop",SKU-002032,41198814,817
"Samsung Camera",SKU-002033,44634937,85
"Samsung Tablet",SKU-002034,13122355,877
"Samsung Tablet",SKU-002035,49646069,582
"Samsung Camera",SKU-002036,8654012,439
"HP Laptop",SKU-002037,49460494,223
"Dell Smartphone",SKU-002038,30734598,289
"HP Monitor",SKU-002039,40185242,757
"Sony Smartphone",SKU-002040,35192140,689
"Samsung Tablet",SKU-002041,1252052,431
"Dell Monitor",SKU-002042,31677115,646
"Sony Tablet",SKU-002043,24821536,582
"Samsung Monitor",SKU-002044,9041143,264
"HP Camera",SKU-002045,17098093,141
"HP Monitor",SKU-002046,40816930,773
"Dell Smartphone",SKU-002047,13613077,828
"HP Camera",SKU-002048,14225399,750
"Sony Smartphone",SKU-002049,35701087,928
"Sony Laptop",SKU-002050,35883997,903
"Sony Tablet",SKU-002051,7588878,827
"Samsung Laptop",SKU-002052,4435659,93
"Samsung Monitor",SKU-002053,32856994,31
"HP Camera",SKU-002054,37270117,666
"Sony Camera",SKU-002055,49227504,812
"Dell Camera",SKU-002056,21723444,902
"Sony Smartphone",SKU-002057,26155880,210
"Samsung Monitor",SKU-002058,25457959,344
"Apple Laptop",SKU-002059,25461522,9
"Dell Monitor",SKU-002060,46087438,426
"HP Smartphone",SKU-002061,31120193,700
"HP Smartphone",SKU-002062,46999623,499
"Sony Tablet",SKU-002063,46620111,646
"HP Laptop",SKU-002064,33401715,744
"Samsung Camera",SKU-002065,8655331,325
"Apple Monitor",SKU-002066,5436395,232
"HP Smartphone",SKU-002067,47936539,51
"Dell Laptop",SKU-002068,2211800,522
"Apple Camera",SKU-002069,41225750,682
"Sony Smartphone",SKU-002070,26268935,402
"Sony Laptop",SKU-002071,6202535,274
"Apple Laptop",SKU-002072,10414858,213
"Apple Tablet",SKU-002073,48090465,685
"HP Monitor",SKU-002074,32808953,44
"HP Monitor",SKU-002075,36216486,24
"Sony Tablet",SKU-002076,26470394,292
"Samsung Smartphone",SKU-002077,42635485,678
"Apple Monitor",SKU-002078,8616877,563
"Samsung Tablet",SKU-002079,34629446,887
"Samsung Monitor",SKU-002080,39985213,814
"HP Tablet",SKU-002081,20126651,733
"HP Camera",SKU-002082,25469181,793
"HP Monitor",SKU-002083,40795072,334
"Apple Monitor",SKU-002084,27130416,464
"Dell Laptop",SKU-002085,21175583,619
"Apple Monitor",SKU-002086,10482961,863
"Samsung Laptop",SKU-002087,5024130,291
"Samsung Camera",SKU-002088,5376738,422
"Sony Laptop",SKU-002089,14619079,416
"Sony Smartphone",SKU-002090,39900952,641
"Samsung Camera",SKU-002091,8560775,618
"Samsung Camera",SKU-002092,18576472,472
"HP Camera",SKU-002093,13707700,776
"Apple Smartphone",SKU-002094,39553555,272
"Samsung Camera",SKU-002095,20965933,630
"HP Monitor",SKU-002096,44987940,975
"Apple Monitor",SKU-002097,31977320,843
"HP Camera",SKU-002098,29670068,309
"Samsung Laptop",SKU-002099,15531616,112
"HP Smartphone",SKU-002100,48089003,119
"Sony Laptop",SKU-002101,46935235,506
"Sony Monitor",SKU-002102,3121654,675
"Dell Camera",SKU-002103,35146680,688
"Sony Monitor",SKU-002104,3166236,388
"Samsung Camera",SKU-002105,29590314,974
"Dell Tablet",SKU-002106,8183809,555
"Apple Tablet",SKU-002107,18676463,964
"Sony Smartphone",SKU-002108,16566872,7
"Sony Monitor",SKU-002109,40967310,234
"Samsung Smartphone",SKU-002110,44571157,991
"Samsung Laptop",SKU-002111,30438954,964
"Apple Laptop",SKU-002112,22902088,566
"Sony Tablet",SKU-002113,25131476,231
"HP Laptop",SKU-002114,13630382,161
"Samsung Tablet",SKU-002115,44696955,369
"Dell Smartphone",SKU-002116,29302444,621
"Dell Monitor",SKU-002117,7218244,721
"HP Tablet",SKU-002118,4455026,358
"Dell Monitor",SKU-002119,4505435,938
"Dell Monitor",SKU-002120,23715070,122
"Samsung Laptop",SKU-002121,2378192,321
"HP Tablet",SKU-002122,21853739,22
"HP Monitor",SKU-002123,3335749,327
"Apple Camera",SKU-002124,6108419,884
"Apple Tablet",SKU-002125,6742365,74
"Sony Smartphone",SKU-002126,31287335,761
"Dell Tablet",SKU-002127,20982198,709
"Dell Monitor",SKU-002128,10847031,1000
"Sony Monitor",SKU-002129,17784024,893
"Dell Smartphone",SKU-002130,29013136,548
"Sony Camera",SKU-002131,8313212,162
"Apple Laptop",SKU-002132,16792156,142
"HP Camera",SKU-002133,1831704,498
"Apple Tablet",SKU-002134,29670638,507
"Apple Tablet",SKU-002135,16893962,756
"Dell Laptop",SKU-002136,37785671,555
"HP Smartphone",SKU-002137,46826711,382
"Samsung Tablet",SKU-002138,31876022,263
"Samsung Smartphone",SKU-002139,33426399,1000
"HP Camera",SKU-002140,47760919,507
"Sony Laptop",SKU-002141,8128773,51
"Dell Laptop",SKU-002142,31346008,930
"Samsung Laptop",SKU-002143,1320713,700
"Samsung Laptop",SKU-002144,35984771,9
"Apple Camera",SKU-002145,8960828,953
"Apple Monitor",SKU-002146,35510365,505
"Dell Camera",SKU-002147,3108548,675
"HP Monitor",SKU-002148,31517972,352
"Sony Laptop",SKU-002149,6939824,622
"Samsung Camera",SKU-002150,29372812,265
"Apple Tablet",SKU-002151,45719410,951
"Sony Monitor",SKU-002152,49997277,532
"Apple Camera",SKU-002153,31313321,48
"Sony Tablet",SKU-002154,22585476,382
"Apple Laptop",SKU-002155,12871462,747
"Samsung Laptop",SKU-002156,38535881,535
"Dell Monitor",SKU-002157,17760100,82
"Dell Camera",SKU-002158,24105521,787
"Dell Monitor",SKU-002159,14685967,514
"Sony Laptop",SKU-002160,22879419,731
"Sony Monitor",SKU-002161,23272800,345
"Apple Smartphone",SKU-002162,25975965,524
"Apple Tablet",SKU-002163,36215413,214
"Sony Monitor",SKU-002164,35375594,126
"Sony Camera",SKU-002165,19920543,37
"Samsung Tablet",SKU-002166,30196759,745
"Samsung Camera",SKU-002167,35231352,479
"Samsung Monitor",SKU-002168,32099514,681
"Apple Smartphone",SKU-002169,23627918,636
"Apple Monitor",SKU-002170,25980225,39
"Apple Tablet",SKU-002171,34865805,769
"Samsung Monitor",SKU-002172,28026622,820
"HP Laptop",SKU-002173,41460398,241
"Dell Monitor",SKU-002174,29007157,359
"Apple Smartphone",SKU-002175,40939621,821
"Apple Monitor",SKU-002176,48644781,865
"HP Camera",SKU-002177,33953948,224
"Samsung Camera",SKU-002178,46341353,848
"HP Monitor",SKU-002179,4857198,109
"Dell Tablet",SKU-002180,11489183,334
"Apple Camera",SKU-002181,1289286,839
"Sony Laptop",SKU-002182,36859030,961
"Dell Camera",SKU-002183,27565757,763
"Samsung Camera",SKU-002184,20696485,575
"Samsung Tablet",SKU-002185,14617560,412
"Dell Monitor",SKU-002186,1109838,642
"HP Laptop",SKU-002187,48296975,474
"Sony Laptop",SKU-002188,17821438,539
"Apple Tablet",SKU-002189,22803625,79
"Sony Camera",SKU-002190,26064256,435
"Apple Smartphone",SKU-002191,37233806,822
"Apple Smartphone",SKU-002192,49418310,160
"Samsung Camera",SKU-002193,4994220,841
"Samsung Monitor",SKU-002194,48791496,936
"HP Monitor",SKU-002195,21930746,869
"Apple Tablet",SKU-002196,33005121,318
"Sony Camera",SKU-002197,5663505,806
"HP Laptop",SKU-002198,10998850,815
"Sony Tablet",SKU-002199,12899745,660
"Dell Tablet",SKU-002200,45809441,932
"Dell Tablet",SKU-002201,4753823,239
"Dell Laptop",SKU-002202,1074953,359
"HP Monitor",SKU-002203,13547083,578
"Dell Camera",SKU-002204,21508594,458
"HP Camera",SKU-002205,11454563,352
"Samsung Monitor",SKU-002206,42019955,836
"Dell Monitor",SKU-002207,13838496,168
"Dell Monitor",SKU-002208,8935481,202
"Sony Laptop",SKU-002209,27019978,567
"Dell Camera",SKU-002210,5283727,520
"HP Tablet",SKU-002211,26344261,222
"Apple Camera",SKU-002212,38939578,74
"Samsung Smartphone",SKU-002213,37555374,297
"Samsung Smartphone",SKU-002214,28077267,439
"Dell Monitor",SKU-002215,12341186,647
"Dell Tablet",SKU-002216,12500060,536
"Apple Tablet",SKU-002217,6801668,517
"Samsung Smartphone",SKU-002218,18954672,511
"Sony Smartphone",SKU-002219,23608265,440
"HP Laptop",SKU-002220,4093602,457
"HP Monitor",SKU-002221,19488592,531
"HP Camera",SKU-002222,21152682,456
"HP Laptop",SKU-002223,19827382,14
"Dell Tablet",SKU-002224,47116563,6
"HP Tablet",SKU-002225,24130185,880
"Samsung Monitor",SKU-002226,49991019,94
"Sony Smartphone",SKU-002227,11325361,411
"Apple Camera",SKU-002228,44966941,274
"HP Camera",SKU-002229,44816099,311
"Dell Camera",SKU-002230,24298204,875
"Sony Laptop",SKU-002231,12787646,511
"Samsung Monitor",SKU-002232,24035657,939
"Samsung Tablet",SKU-002233,41913679,712
"Apple Camera",SKU-002234,44562663,374
"Apple Laptop",SKU-002235,47201511,912
"Samsung Tablet",SKU-002236,22544645,143
"Sony Smartphone",SKU-002237,18648383,587
"Dell Laptop",SKU-002238,7403806,897
"HP Tablet",SKU-002239,23646525,530
"HP Monitor",SKU-002240,3020668,694
"Samsung Camera",SKU-002241,39388034,583
"Dell Tablet",SKU-002242,38879249,443
"Samsung Monitor",SKU-002243,14651582,44
"HP Laptop",SKU-002244,1708481,476
"HP Smartphone",SKU-002245,48211558,340
"HP Tablet",SKU-002246,20977381,538
"Dell Monitor",SKU-002247,26005405,109
"Sony Tablet",SKU-002248,17113052,628
"HP Camera",SKU-002249,32818358,291
"Dell Camera",SKU-002250,32857435,459
"Sony Monitor",SKU-002251,6621464,541
"HP Laptop",SKU-002252,3270793,668
"Apple Camera",SKU-002253,3883815,814
"Samsung Tablet",SKU-002254,10001355,730
"Apple Camera",SKU-002255,47187707,416
"HP Smartphone",SKU-002256,44745095,859
"HP Tablet",SKU-002257,16410697,524
"Apple Laptop",SKU-002258,7246610,776
"Dell Tablet",SKU-002259,16461723,359
"Apple Tablet",SKU-002260,30392411,255
"Dell Monitor",SKU-002261,27206332,32
"HP Tablet",SKU-002262,18303889,127
"Sony Tablet",SKU-002263,2941111,618
"Samsung Tablet",SKU-002264,31779048,693
"HP Smartphone",SKU-002265,22232777,228
"Dell Smartphone",SKU-002266,34139782,817
"Sony Smartphone",SKU-002267,48231057,111
"Sony Camera",SKU-002268,28951931,505
"Samsung Monitor",SKU-002269,35314287,862
"Samsung Laptop",SKU-002270,36945491,18
"Dell Smartphone",SKU-002271,4196772,248
"Sony Tablet",SKU-002272,23732433,81
"Samsung Monitor",SKU-002273,21843174,401
"Sony Smartphone",SKU-002274,40896663,207
"Apple Camera",SKU-002275,17995834,579
"Sony Camera",SKU-002276,11821338,439
"HP Tablet",SKU-002277,29788875,480
"Sony Camera",SKU-002278,40339038,877
"HP Tablet",SKU-002279,46369288,0
"HP Camera",SKU-002280,45300732,630
"Samsung Camera",SKU-002281,18100457,896
"Sony Monitor",SKU-002282,1409528,650
"Sony Camera",SKU-002283,32051434,947
"HP Monitor",SKU-002284,42227447,382
"Apple Camera",SKU-002285,13213807,509
"Dell Laptop",SKU-002286,20966480,322
"Samsung Laptop",SKU-002287,34081423,715
"Dell Monitor",SKU-002288,41380261,452
"Samsung Monitor",SKU-002289,44749410,258
"Sony Laptop",SKU-002290,11252159,129
"Samsung Camera",SKU-002291,2319916,786
"HP Tablet",SKU-002292,35960993,971
"Dell Smartphone",SKU-002293,16852723,629
"Sony Camera",SKU-002294,8192292,464
"Dell Camera",SKU-002295,34146984,360
"Dell Monitor",SKU-002296,40675442,378
"HP Monitor",SKU-002297,35577526,348
"Apple Tablet",SKU-002298,45986790,271
"Dell Laptop",SKU-002299,7485445,216
"Dell Monitor",SKU-002300,6643326,363
"HP Camera",SKU-002301,24385389,580
"Sony Camera",SKU-002302,36522255,770
"Dell Laptop",SKU-002303,27854112,782
"Samsung Camera",SKU-002304,8054609,544
"Sony Laptop",SKU-002305,34984547,372
"Sony Laptop",SKU-002306,37639931,543
"Sony Camera",SKU-002307,47109336,611
"HP Camera",SKU-002308,18132370,213
"Dell Tablet",SKU-002309,35801619,255
"Apple Laptop",SKU-002310,39103424,315
"Dell Laptop",SKU-002311,3635652,886
"Apple Laptop",SKU-002312,32050996,745
"Samsung Camera",SKU-002313,33089201,494
"Sony Monitor",SKU-002314,42204874,664
"Sony Smartphone",SKU-002315,36572060,58
"HP Monitor",SKU-002316,27178751,472
"Apple Tablet",SKU-002317,7936292,779
"Sony Camera",SKU-002318,23107017,485
"Sony Camera",SKU-002319,38251753,262
"Apple Smartphone",SKU-002320,47541549,364
"Samsung Camera",SKU-002321,17822323,743
"Samsung Camera",SKU-002322,46137516,55
"HP Tablet",SKU-002323,49998482,619
"Dell Camera",SKU-002324,3895018,791
"Sony Laptop",SKU-002325,14614188,400
"Sony Tablet",SKU-002326,1756721,418
"Apple Smartphone",SKU-002327,36146652,843
"HP Smartphone",SKU-002328,6236585,848
"HP Tablet",SKU-002329,37522879,300
"Sony Smartphone",SKU-002330,28148523,985
"HP Camera",SKU-002331,9503140,402
"Apple Camera",SKU-002332,49091145,931
"Dell Laptop",SKU-002333,15957276,994
"Apple Camera",SKU-002334,28183230,654
"Samsung Monitor",SKU-002335,22447797,702
"Apple Smartphone",SKU-002336,6184938,620
"Sony Tablet",SKU-002337,17376461,908
"Dell Laptop",SKU-002338,25489140,446
"Apple Laptop",SKU-002339,5224682,953
"Samsung Laptop",SKU-002340,40462140,141
"Samsung Laptop",SKU-002341,48755187,419
"HP Camera",SKU-002342,29874229,597
"Samsung Tablet",SKU-002343,4515886,677
"Dell Monitor",SKU-002344,49078377,754
"Apple Tablet",SKU-002345,29886285,953
"Samsung Monitor",SKU-002346,21614972,285
"Apple Laptop",SKU-002347,30280567,794
"Sony Laptop",SKU-002348,23507863,465
"HP Tablet",SKU-002349,14985569,301
"Sony Monitor",SKU-002350,38309947,953
"Apple Smartphone",SKU-002351,49447442,885
"Dell Laptop",SKU-002352,28716874,460
"Dell Tablet",SKU-002353,42456311,609
"Dell Smartphone",SKU-002354,34000962,806
"Dell Tablet",SKU-002355,19949552,886
"Sony Laptop",SKU-002356,25823178,517
"Dell Smartphone",SKU-002357,23359607,674
"HP Monitor",SKU-002358,34116963,213
"Samsung Camera",SKU-002359,35140185,655
"HP Monitor",SKU-002360,33123542,746
"Sony Smartphone",SKU-002361,41261156,378
"Apple Smartphone",SKU-002362,6366059,17
"HP Camera",SKU-002363,7213176,271
"Sony Smartphone",SKU-002364,45383086,797
"Dell Tablet",SKU-002365,9333293,589
"Apple Tablet",SKU-002366,40349451,61
"Dell Laptop",SKU-002367,38062860,431
"Sony Smartphone",SKU-002368,22027331,737
"Samsung Tablet",SKU-002369,45026969,284
"HP Monitor",SKU-002370,44841490,613
"Apple Laptop",SKU-002371,4906019,120
"Apple Laptop",SKU-002372,21339531,370
"Dell Monitor",SKU-002373,2715192,199
"Samsung Monitor",SKU-002374,11027007,821
"Samsung Laptop",SKU-002375,30581872,156
"Dell Camera",SKU-002376,23290506,124
"Samsung Tablet",SKU-002377,18772150,344
"Apple Smartphone",SKU-002378,30501643,778
"Dell Tablet",SKU-002379,5420709,600
"HP Tablet",SKU-002380,40813166,559
"HP Smartphone",SKU-002381,49779308,582
"Samsung Monitor",SKU-002382,1821313,259
"Sony Camera",SKU-002383,13880049,236
"Apple Laptop",SKU-002384,35238558,877
"Sony Laptop",SKU-002385,33651958,875
"Samsung Monitor",SKU-002386,32853927,631
"HP Tablet",SKU-002387,8547709,124
"Samsung Camera",SKU-002388,40082117,30
"Samsung Laptop",SKU-002389,23441025,961
"Apple Tablet",SKU-002390,2894904,722
"Apple Tablet",SKU-002391,4781822,610
"Sony Laptop",SKU-002392,23945887,489
"Sony Laptop",SKU-002393,33545687,461
"Samsung Smartphone",SKU-002394,38151286,567
"Samsung Laptop",SKU-002395,6784228,499
"Dell Tablet",SKU-002396,28512586,516
"HP Laptop",SKU-002397,41756599,973
"Apple Smartphone",SKU-002398,32673301,435
"Samsung Tablet",SKU-002399,27922036,376
"HP Smartphone",SKU-002400,12776576,945
"Dell Camera",SKU-002401,3889449,380
"Sony Tablet",SKU-002402,35216661,806
"Sony Laptop",SKU-002403,1495968,257
"Apple Smartphone",SKU-002404,8036299,220
"Samsung Smartphone",SKU-002405,43265709,618
"HP Camera",SKU-002406,20531055,732
"Dell Smartphone",SKU-002407,38277411,525
"Sony Tablet",SKU-002408,10260443,613
"Dell Smartphone",SKU-002409,6382069,34
"Samsung Tablet",SKU-002410,10968721,745
"Samsung Laptop",SKU-002411,32113385,611
"Dell Smartphone",SKU-002412,6118671,980
"Dell Camera",SKU-002413,19047785,659
"Samsung Smartphone",SKU-002414,7583524,386
"HP Tablet",SKU-002415,6466861,544
"Dell Laptop",SKU-002416,39571379,866
"HP Tablet",SKU-002417,27565382,455
"Sony Smartphone",SKU-002418,13833594,789
"HP Smartphone",SKU-002419,27324697,232
"Dell Camera",SKU-002420,1829720,328
"Sony Laptop",SKU-002421,48050748,788
"Samsung Smartphone",SKU-002422,39689276,586
"Dell Smartphone",SKU-002423,30930801,355
"Samsung Laptop",SKU-002424,40040296,548
"Samsung Monitor",SKU-002425,3206429,656
"HP Laptop",SKU-002426,23678803,283
"Apple Laptop",SKU-002427,17941526,841
"Samsung Camera",SKU-002428,48484032,832
"Apple Tablet",SKU-002429,7507422,791
"Sony Tablet",SKU-002430,6083632,153
"Sony Smartphone",SKU-002431,39306591,710
"Dell Monitor",SKU-002432,8998091,64
"Samsung Monitor",SKU-002433,43522056,35
"Apple Camera",SKU-002434,13599706,266
"Apple Smartphone",SKU-002435,12253312,920
"HP Camera",SKU-002436,13976464,863
"HP Camera",SKU-002437,21253769,456
"HP Laptop",SKU-002438,39614923,319
"Sony Laptop",SKU-002439,36281388,94
"Samsung Smartphone",SKU-002440,31884804,377
"HP Laptop",SKU-002441,47373928,988
"Sony Smartphone",SKU-002442,9465469,208
"Samsung Monitor",SKU-002443,39550429,869
"Dell Laptop",SKU-002444,20935757,349
"HP Monitor",SKU-002445,12315372,799
"HP Tablet",SKU-002446,43490093,131
"Sony Laptop",SKU-002447,34207475,718
"Sony Monitor",SKU-002448,45089726,52
"HP Camera",SKU-002449,10830790,922
"Apple Monitor",SKU-002450,10219987,570
"Sony Monitor",SKU-002451,47790944,790
"Sony Laptop",SKU-002452,32254023,533
"Samsung Tablet",SKU-002453,34889581,314
"Dell Laptop",SKU-002454,9194467,609
"Apple Laptop",SKU-002455,2572234,85
"Apple Monitor",SKU-002456,25685470,166
"HP Smartphone",SKU-002457,43412994,399
"Apple Camera",SKU-002458,34988403,320
"HP Laptop",SKU-002459,18493873,835
"Dell Camera",SKU-002460,19672895,308
"HP Smartphone",SKU-002461,14458529,502
"Sony Smartphone",SKU-002462,8068166,944
"Dell Smartphone",SKU-002463,29617448,325
"Apple Tablet",SKU-002464,39426300,231
"Sony Laptop",SKU-002465,19372175,190
"Apple Smartphone",SKU-002466,28314862,770
"Dell Tablet",SKU-002467,7391946,790
"HP Camera",SKU-002468,23912794,997
"Samsung Laptop",SKU-002469,46742501,792
"HP Tablet",SKU-002470,1643145,812
"Apple Tablet",SKU-002471,22416489,424
"Samsung Monitor",SKU-002472,17958508,313
"Sony Camera",SKU-002473,32132348,728
"Samsung Tablet",SKU-002474,26986487,589
"HP Laptop",SKU-002475,20452804,375
"Samsung Smartphone",SKU-002476,29500933,846
"Dell Camera",SKU-002477,38828714,272
"Samsung Laptop",SKU-002478,24099129,123
"Sony Monitor",SKU-002479,37493107,937
"Samsung Monitor",SKU-002480,8629694,827
"Samsung Monitor",SKU-002481,25382372,674
"Dell Monitor",SKU-002482,6606506,154
"HP Monitor",SKU-002483,48063113,335
"HP Monitor",SKU-002484,14912058,7
"Dell Smartphone",SKU-002485,20232747,431
"Apple Laptop",SKU-002486,9367307,285
"Apple Tablet",SKU-002487,40193541,202
"Sony Smartphone",SKU-002488,26929604,200
"Dell Monitor",SKU-002489,9071121,756
"Samsung Camera",SKU-002490,26828621,489
"Dell Camera",SKU-002491,43686628,44
"HP Smartphone",SKU-002492,6534671,291
"Samsung Tablet",SKU-002493,4273183,611
"Dell Smartphone",SKU-002494,31484688,287
"Sony Monitor",SKU-002495,12083102,10
"Apple Tablet",SKU-002496,8114909,774
"Sony Smartphone",SKU-002497,44312714,989
"Apple Laptop",SKU-002498,46056491,96
"Samsung Smartphone",SKU-002499,42966444,799
"HP Tablet",SKU-002500,22343613,314
"HP Smartphone",SKU-002501,39174755,290
"Dell Smartphone",SKU-002502,38617158,393
"Samsung Camera",SKU-002503,18105042,836
"HP Monitor",SKU-002504,3865247,363
"Sony Laptop",SKU-002505,5729747,136
"Dell Laptop",SKU-002506,2821585,925
"Dell Smartphone",SKU-002507,25290916,642
"Sony Smartphone",SKU-002508,26351109,453
"Samsung Tablet",SKU-002509,22374702,86
"Apple Camera",SKU-002510,15445912,685
"Samsung Monitor",SKU-002511,13627226,836
"Apple Tablet",SKU-002512,30636966,300
"Dell Tablet",SKU-002513,28446357,810
"HP Monitor",SKU-002514,44155795,581
"Sony Camera",SKU-002515,45452401,911
"Sony Smartphone",SKU-002516,31530829,796
"Sony Smartphone",SKU-002517,28248727,542
"Apple Smartphone",SKU-002518,35042030,593
"Apple Camera",SKU-002519,39191855,165
"Samsung Tablet",SKU-002520,3936595,49
"Dell Tablet",SKU-002521,43594902,57
"Sony Laptop",SKU-002522,38017442,214
"Sony Laptop",SKU-002523,11839806,697
"Samsung Laptop",SKU-002524,8618976,238
"Samsung Smartphone",SKU-002525,19128603,808
"Samsung Camera",SKU-002526,40121894,761
"Dell Camera",SKU-002527,19497149,852
"Dell Monitor",SKU-002528,4723111,18
"Samsung Smartphone",SKU-002529,8134993,650
"Dell Camera",SKU-002530,24827033,8
"Apple Camera",SKU-002531,22773300,103
"Apple Monitor",SKU-002532,10936696,542
"Apple Camera",SKU-002533,18410904,866
"Samsung Tablet",SKU-002534,2172521,268
"Apple Monitor",SKU-002535,37017501,833
"HP Smartphone",SKU-002536,37403636,471
"Samsung Smartphone",SKU-002537,6651939,418
"Dell Smartphone",SKU-002538,32598054,186
"Dell Laptop",SKU-002539,38122592,862
"Sony Camera",SKU-002540,25945917,39
"HP Monitor",SKU-002541,30447191,375
"Apple Smartphone",SKU-002542,29202256,427
"Samsung Tablet",SKU-002543,39005725,789
"Samsung Camera",SKU-002544,20140123,870
"Sony Laptop",SKU-002545,45520882,383
"Samsung Monitor",SKU-002546,8905014,591
"Apple Tablet",SKU-002547,21383663,193
"Apple Camera",SKU-002548,30987005,362
"Sony Laptop",SKU-002549,24271079,523
"Apple Camera",SKU-002550,23992012,371
"Dell Camera",SKU-002551,26933324,426
"Apple Monitor",SKU-002552,9397267,232
"Samsung Monitor",SKU-002553,5184152,122
"Dell Smartphone",SKU-002554,14202734,517
"HP Monitor",SKU-002555,23151204,565
"Samsung Laptop",SKU-002556,21974863,443
"Sony Smartphone",SKU-002557,12319347,575
"Samsung Smartphone",SKU-002558,2176897,14
"Sony Laptop",SKU-002559,23921988,583
"Sony Smartphone",SKU-002560,17585947,303
"Sony Laptop",SKU-002561,8178819,535
"Apple Smartphone",SKU-002562,26076200,535
"Samsung Camera",SKU-002563,5679070,902
"Dell Tablet",SKU-002564,6765896,599
"HP Smartphone",SKU-002565,22260152,775
"HP Camera",SKU-002566,24528773,221
"Apple Smartphone",SKU-002567,26699445,718
"Apple Tablet",SKU-002568,29615773,814
"Samsung Smartphone",SKU-002569,24045320,212
"Sony Laptop",SKU-002570,25151150,977
"HP Monitor",SKU-002571,15334678,649
"Samsung Tablet",SKU-002572,12448432,1
"Sony Tablet",SKU-002573,41391710,754
"Sony Tablet",SKU-002574,19674375,715
"Samsung Laptop",SKU-002575,43390308,432
"HP Smartphone",SKU-002576,26250700,501
"Sony Tablet",SKU-002577,25704381,166
"Sony Tablet",SKU-002578,42291732,492
"HP Tablet",SKU-002579,41514447,220
"Sony Laptop",SKU-002580,36558423,261
"Samsung Tablet",SKU-002581,17109333,106
"Apple Laptop",SKU-002582,28084567,154
"HP Tablet",SKU-002583,11011156,18
"HP Tablet",SKU-002584,43596602,708
"Apple Camera",SKU-002585,15411963,647
"Sony Monitor",SKU-002586,6041515,978
"HP Camera",SKU-002587,44658033,420
"Dell Camera",SKU-002588,29969843,465
"HP Camera",SKU-002589,25368421,472
"Dell Tablet",SKU-002590,31127019,69
"Samsung Laptop",SKU-002591,43902360,863
"Apple Camera",SKU-002592,40374517,835
"HP Laptop",SKU-002593,33465364,984
"Apple Camera",SKU-002594,11306057,765
"Sony Smartphone",SKU-002595,22976708,479
"Samsung Camera",SKU-002596,33188445,128
"Apple Monitor",SKU-002597,13758541,726
"Samsung Monitor",SKU-002598,39266824,439
"Sony Laptop",SKU-002599,29246209,170
"HP Monitor",SKU-002600,11789371,449
"Samsung Monitor",SKU-002601,42021829,425
"Apple Smartphone",SKU-002602,14680630,321
"Sony Camera",SKU-002603,9668154,973
"Sony Monitor",SKU-002604,44813801,35
"Sony Smartphone",SKU-002605,19969054,878
"Dell Laptop",SKU-002606,40844154,982
"Samsung Monitor",SKU-002607,47058414,886
"Sony Laptop",SKU-002608,19429887,533
"Apple Smartphone",SKU-002609,28846061,476
"Dell Smartphone",SKU-002610,47423152,660
"Dell Smartphone",SKU-002611,35975264,838
"Dell Laptop",SKU-002612,7173521,544
"Sony Camera",SKU-002613,9961555,916
"HP Smartphone",SKU-002614,8222274,291
"HP Laptop",SKU-002615,32426835,29
"Dell Tablet",SKU-002616,17879812,190
"Apple Tablet",SKU-002617,25851896,238
"Dell Tablet",SKU-002618,48770161,673
"Sony Smartphone",SKU-002619,49069611,698
"Dell Camera",SKU-002620,2505124,394
"Samsung Tablet",SKU-002621,28373549,20
"Samsung Camera",SKU-002622,33238329,271
"Apple Camera",SKU-002623,26907659,23
"HP Laptop",SKU-002624,11347046,2
"Apple Camera",SKU-002625,10254440,561
"Sony Laptop",SKU-002626,45170338,436
"HP Tablet",SKU-002627,16962840,322
"HP Laptop",SKU-002628,6347627,638
"Apple Tablet",SKU-002629,40782964,670
"Dell Smartphone",SKU-002630,20258124,553
"HP Smartphone",SKU-002631,12231985,718
"Dell Camera",SKU-002632,31954621,85
"Sony Monitor",SKU-002633,2346355,683
"Sony Camera",SKU-002634,14127724,25
"HP Tablet",SKU-002635,32104295,263
"Dell Camera",SKU-002636,8112692,252
"Apple Monitor",SKU-002637,15951460,952
"HP Tablet",SKU-002638,3090562,791
"Dell Smartphone",SKU-002639,22682586,616
"Samsung Monitor",SKU-002640,9814027,209
"HP Laptop",SKU-002641,23981979,221
"HP Camera",SKU-002642,21267362,931
"Samsung Tablet",SKU-002643,48337779,696
"Samsung Monitor",SKU-002644,4298750,21
"Apple Monitor",SKU-002645,3082860,987
"HP Smartphone",SKU-002646,49221623,526
"Sony Monitor",SKU-002647,19614722,930
"Sony Monitor",SKU-002648,22918164,965
"HP Tablet",SKU-002649,25524632,771
"Samsung Monitor",SKU-002650,21174728,38
"HP Smartphone",SKU-002651,12050253,351
"Dell Camera",SKU-002652,33817647,811
"Samsung Laptop",SKU-002653,17188392,805
"HP Camera",SKU-002654,2978177,785
"HP Camera",SKU-002655,37565031,606
"Dell Tablet",SKU-002656,48575856,791
"HP Smartphone",SKU-002657,39106986,267
"Dell Camera",SKU-002658,21931267,709
"HP Smartphone",SKU-002659,33170059,536
"Sony Laptop",SKU-002660,6477489,580
"Dell Monitor",SKU-002661,16904885,97
"Samsung Smartphone",SKU-002662,4407827,188
"Sony Monitor",SKU-002663,43937777,418
"Dell Laptop",SKU-002664,35578869,478
"Apple Laptop",SKU-002665,32235783,862
"Samsung Laptop",SKU-002666,49566490,579
"Apple Smartphone",SKU-002667,45441050,756
"Sony Smartphone",SKU-002668,25792934,166
"HP Camera",SKU-002669,24996031,247
"Samsung Tablet",SKU-002670,12605185,498
"Sony Smartphone",SKU-002671,19617712,365
"HP Smartphone",SKU-002672,29127783,303
"Dell Smartphone",SKU-002673,29344316,881
"Sony Camera",SKU-002674,26792454,99
"Samsung Monitor",SKU-002675,2782465,484
"Apple Tablet",SKU-002676,34047812,540
"Dell Monitor",SKU-002677,32550034,128
"HP Tablet",SKU-002678,46464256,107
"Dell Laptop",SKU-002679,24544683,557
"Samsung Tablet",SKU-002680,29381731,340
"Samsung Camera",SKU-002681,48572585,252
"Samsung Camera",SKU-002682,12346363,421
"Apple Monitor",SKU-002683,1192889,357
"Apple Tablet",SKU-002684,23795205,631
"Apple Tablet",SKU-002685,24077565,230
"Dell Tablet",SKU-002686,40083649,864
"Dell Tablet",SKU-002687,11954951,809
"Apple Smartphone",SKU-002688,16448164,339
"Dell Smartphone",SKU-002689,6966916,519
"Apple Laptop",SKU-002690,7010967,14
"HP Camera",SKU-002691,21178254,815
"Apple Tablet",SKU-002692,24264313,234
"Dell Tablet",SKU-002693,23328866,310
"HP Tablet",SKU-002694,2488062,213
"Dell Tablet",SKU-002695,4634289,526
"HP Monitor",SKU-002696,22441764,986
"Dell Laptop",SKU-002697,6190554,922
"Samsung Camera",SKU-002698,18172255,927
"Samsung Tablet",SKU-002699,14681944,921
"Sony Tablet",SKU-002700,44999509,607
"Apple Camera",SKU-002701,15443050,294
"Dell Monitor",SKU-002702,20472682,102
"Sony Tablet",SKU-002703,29099976,612
"Sony Camera",SKU-002704,48266519,28
"Dell Camera",SKU-002705,39986862,355
"Dell Tablet",SKU-002706,32462364,386
"HP Laptop",SKU-002707,20706382,262
"Sony Tablet",SKU-002708,5963765,542
"HP Smartphone",SKU-002709,21170736,524
"Samsung Monitor",SKU-002710,42331620,312
"Sony Smartphone",SKU-002711,24889039,245
"Apple Laptop",SKU-002712,11468179,643
"Apple Camera",SKU-002713,14992890,750
"Apple Laptop",SKU-002714,17669505,714
"Samsung Tablet",SKU-002715,22098009,959
"Samsung Tablet",SKU-002716,19230858,380
"Samsung Monitor",SKU-002717,15007052,880
"Apple Tablet",SKU-002718,44655328,454
"Apple Camera",SKU-002719,16248414,565
"HP Monitor",SKU-002720,33621490,765
"Dell Monitor",SKU-002721,38028034,670
"Samsung Smartphone",SKU-002722,19949450,386
"Apple Monitor",SKU-002723,33210696,927
"Sony Smartphone",SKU-002724,5748496,783
"Sony Monitor",SKU-002725,23192673,826
"Apple Camera",SKU-002726,31955345,625
"Dell Monitor",SKU-002727,9757482,922
"Sony Monitor",SKU-002728,31557702,519
"Samsung Monitor",SKU-002729,48879668,752
"Dell Smartphone",SKU-002730,43402030,25
"Apple Camera",SKU-002731,49729560,746
"Samsung Smartphone",SKU-002732,33560319,698
"Dell Smartphone",SKU-002733,1185651,88
"Dell Tablet",SKU-002734,5262360,696
"HP Tablet",SKU-002735,32176232,806
"Apple Tablet",SKU-002736,4954522,855
"HP Tablet",SKU-002737,5133029,879
"Sony Smartphone",SKU-002738,14413958,414
"Apple Monitor",SKU-002739,40077174,390
"Sony Tablet",SKU-002740,30311488,30
"HP Monitor",SKU-002741,31548643,649
"Apple Tablet",SKU-002742,41637866,273
"Dell Smartphone",SKU-002743,10394227,831
"Dell Tablet",SKU-002744,11865931,486
"Apple Laptop",SKU-002745,12474361,942
"Samsung Laptop",SKU-002746,29223776,283
"Dell Tablet",SKU-002747,3451395,625
"Dell Laptop",SKU-002748,29936988,288
"Apple Monitor",SKU-002749,31987288,427
"Samsung Monitor",SKU-002750,45440018,974
"Dell Laptop",SKU-002751,23562025,898
"Dell Tablet",SKU-002752,37520547,647
"HP Smartphone",SKU-002753,37558313,901
"Sony Camera",SKU-002754,36168309,397
"HP Camera",SKU-002755,6172263,345
"HP Monitor",SKU-002756,39663237,486
"Samsung Camera",SKU-002757,22185935,509
"HP Monitor",SKU-002758,23561984,660
"Samsung Smartphone",SKU-002759,18864936,598
"Sony Smartphone",SKU-002760,23659880,629
"HP Tablet",SKU-002761,43547378,981
"Samsung Tablet",SKU-002762,48190087,175
"Samsung Camera",SKU-002763,31676233,790
"Apple Camera",SKU-002764,15993222,806
"Sony Camera",SKU-002765,36279752,761
"HP Smartphone",SKU-002766,48770595,641
"Sony Laptop",SKU-002767,32902836,841
"Dell Camera",SKU-002768,44088603,929
"Apple Camera",SKU-002769,33943164,168
"Apple Monitor",SKU-002770,21917606,879
"Apple Camera",SKU-002771,1933518,232
"Apple Camera",SKU-002772,10822823,972
"Dell Camera",SKU-002773,41580648,906
"Samsung Laptop",SKU-002774,21233581,590
"HP Camera",SKU-002775,1268727,744
"Apple Tablet",SKU-002776,18641319,88
"Samsung Smartphone",SKU-002777,14028079,987
"Apple Camera",SKU-002778,48387148,667
"Sony Tablet",SKU-002779,37639222,419
"Sony Monitor",SKU-002780,35232574,380
"HP Smartphone",SKU-002781,20212248,895
"Dell Tablet",SKU-002782,11581426,95
"HP Smartphone",SKU-002783,28238630,102
"Samsung Tablet",SKU-002784,43434726,320
"Apple Tablet",SKU-002785,14053708,603
"Dell Laptop",SKU-002786,3764264,643
"HP Camera",SKU-002787,5093690,347
"HP Monitor",SKU-002788,11483509,927
"HP Tablet",SKU-002789,26261293,645
"Apple Tablet",SKU-002790,4453825,288
"HP Laptop",SKU-002791,32777030,825
"Sony Tablet",SKU-002792,49506635,527
"Apple Tablet",SKU-002793,19017748,639
"Apple Laptop",SKU-002794,44136766,659
"HP Smartphone",SKU-002795,17363995,119
"Sony Tablet",SKU-002796,19515400,208
"Sony Camera",SKU-002797,27287583,918
"Dell Tablet",SKU-002798,39175448,140
"HP Laptop",SKU-002799,49612498,973
"Samsung Camera",SKU-002800,46818163,860
"Dell Camera",SKU-002801,1911916,670
"Apple Tablet",SKU-002802,19432723,136
"Apple Monitor",SKU-002803,4036982,915
"HP Monitor",SKU-002804,25073458,209
"Dell Camera",SKU-002805,1712309,510
"Dell Camera",SKU-002806,23736332,501
"Sony Tablet",SKU-002807,7104582,949
"Samsung Monitor",SKU-002808,31750165,737
"Apple Smartphone",SKU-002809,6448053,997
"HP Monitor",SKU-002810,27032541,325
"Apple Monitor",SKU-002811,27010554,851
"Apple Camera",SKU-002812,43637573,993
"Dell Camera",SKU-002813,31590080,116
"Samsung Monitor",SKU-002814,34974781,312
"HP Smartphone",SKU-002815,5617107,826
"Samsung Monitor",SKU-002816,15350581,174
"Dell Monitor",SKU-002817,2999724,893
"HP Tablet",SKU-002818,24273312,162
"HP Laptop",SKU-002819,4473902,273
"Sony Camera",SKU-002820,20959880,727
"HP Camera",SKU-002821,1442105,351
"Apple Monitor",SKU-002822,9221339,730
"Sony Monitor",SKU-002823,16112033,508
"Apple Monitor",SKU-002824,46355284,641
"HP Monitor",SKU-002825,30562104,312
"Dell Smartphone",SKU-002826,20034350,195
"HP Monitor",SKU-002827,25731987,382
"Samsung Camera",SKU-002828,1683751,375
"Samsung Monitor",SKU-002829,38789499,385
"Samsung Monitor",SKU-002830,42835476,901
"Sony Monitor",SKU-002831,36362970,443
"Dell Tablet",SKU-002832,13279575,247
"Apple Tablet",SKU-002833,46912275,798
"Samsung Monitor",SKU-002834,28736056,820
"HP Monitor",SKU-002835,25037713,590
"Apple Smartphone",SKU-002836,20093088,342
"Dell Smartphone",SKU-002837,13265394,329
"HP Laptop",SKU-002838,48712700,971
"Samsung Smartphone",SKU-002839,31735192,230
"Samsung Camera",SKU-002840,33489637,191
"Samsung Smartphone",SKU-002841,18994642,548
"HP Camera",SKU-002842,38688815,451
"Apple Laptop",SKU-002843,34329201,268
"HP Monitor",SKU-002844,44665499,932
"Apple Monitor",SKU-002845,18408062,57
"Samsung Camera",SKU-002846,34874542,580
"Apple Laptop",SKU-002847,24300121,826
"Sony Smartphone",SKU-002848,42135878,983
"Sony Laptop",SKU-002849,27871570,233
"HP Camera",SKU-002850,36017245,72
"HP Laptop",SKU-002851,48289660,612
"Sony Monitor",SKU-002852,6211249,811
"Sony Laptop",SKU-002853,3233757,956
"Sony Laptop",SKU-002854,5755712,391
"Samsung Tablet",SKU-002855,32460706,408
"Sony Tablet",SKU-002856,9771622,413
"HP Tablet",SKU-002857,37312708,406
"Samsung Monitor",SKU-002858,15439510,452
"Sony Smartphone",SKU-002859,38337197,922
"Samsung Tablet",SKU-002860,19833126,411
"Sony Camera",SKU-002861,34680896,807
"Apple Tablet",SKU-002862,43288002,700
"HP Camera",SKU-002863,9532866,619
"Dell Laptop",SKU-002864,47914066,251
"Dell Smartphone",SKU-002865,41663106,579
"Dell Tablet",SKU-002866,11503746,172
"Apple Monitor",SKU-002867,18827891,513
"Samsung Monitor",SKU-002868,5620934,98
"Dell Camera",SKU-002869,1218018,378
"Dell Laptop",SKU-002870,2870906,743
"Dell Monitor",SKU-002871,41143606,799
"HP Laptop",SKU-002872,18893083,359
"Sony Tablet",SKU-002873,18675639,273
"HP Tablet",SKU-002874,19355204,764
"Apple Laptop",SKU-002875,34589152,586
"Apple Camera",SKU-002876,20912644,432
"Dell Camera",SKU-002877,43251013,765
"Apple Smartphone",SKU-002878,21105794,430
"HP Tablet",SKU-002879,32029745,90
"Samsung Tablet",SKU-002880,40172510,431
"Apple Monitor",SKU-002881,31281093,940
"Samsung Monitor",SKU-002882,7604579,107
"Sony Laptop",SKU-002883,18617864,592
"Dell Laptop",SKU-002884,3194966,714
"Sony Smartphone",SKU-002885,39181980,415
"Samsung Camera",SKU-002886,13754107,359
"Sony Monitor",SKU-002887,35337150,224
"Dell Smartphone",SKU-002888,17526416,340
"HP Tablet",SKU-002889,30852364,188
"HP Tablet",SKU-002890,45590801,323
"Sony Tablet",SKU-002891,14641171,549
"Dell Smartphone",SKU-002892,17434211,539
"Sony Smartphone",SKU-002893,24164250,924
"Apple Camera",SKU-002894,15531130,669
"Samsung Monitor",SKU-002895,30319875,668
"Dell Smartphone",SKU-002896,12160881,266
"HP Smartphone",SKU-002897,47685087,117
"HP Monitor",SKU-002898,30652466,509
"Sony Smartphone",SKU-002899,40019052,293
"Samsung Tablet",SKU-002900,8759580,732
"Apple Tablet",SKU-002901,26562161,875
"Dell Monitor",SKU-002902,25226737,793
"Sony Camera",SKU-002903,19001391,821
"HP Laptop",SKU-002904,22956395,809
"HP Smartphone",SKU-002905,11973935,211
"HP Camera",SKU-002906,37730307,774
"HP Laptop",SKU-002907,40463599,870
"HP Laptop",SKU-002908,6062160,101
"Samsung Laptop",SKU-002909,34765501,711
"Dell Tablet",SKU-002910,47839653,212
"Apple Monitor",SKU-002911,8677461,939
"HP Monitor",SKU-002912,47967180,414
"Apple Monitor",SKU-002913,31607114,53
"HP Monitor",SKU-002914,16692620,641
"Dell Tablet",SKU-002915,11444005,312
"HP Laptop",SKU-002916,25469516,39
"Sony Laptop",SKU-002917,9647937,334
"Dell Smartphone",SKU-002918,11083835,281
"Sony Monitor",SKU-002919,10737001,939
"Samsung Smartphone",SKU-002920,23005070,161
"Sony Laptop",SKU-002921,3829620,286
"HP Laptop",SKU-002922,9832621,556
"Samsung Monitor",SKU-002923,44735875,801
"HP Camera",SKU-002924,14011163,368
"Sony Laptop",SKU-002925,49606680,241
"HP Monitor",SKU-002926,13055103,19
"Apple Smartphone",SKU-002927,17355564,385
"HP Monitor",SKU-002928,41833485,159
"Apple Tablet",SKU-002929,11980536,709
"HP Tablet",SKU-002930,3655605,161
"Samsung Camera",SKU-002931,33474017,539
"Dell Smartphone",SKU-002932,25874718,311
"Dell Tablet",SKU-002933,16806607,629
"Apple Smartphone",SKU-002934,20772501,392
"Sony Tablet",SKU-002935,11362829,480
"Samsung Smartphone",SKU-002936,1837491,331
"Samsung Camera",SKU-002937,22822651,534
"HP Camera",SKU-002938,31713942,89
"Sony Camera",SKU-002939,39807374,274
"Dell Smartphone",SKU-002940,44977779,857
"Dell Laptop",SKU-002941,18769783,141
"Sony Laptop",SKU-002942,20342037,214
"Samsung Laptop",SKU-002943,12412770,686
"Sony Tablet",SKU-002944,47715596,233
"Dell Smartphone",SKU-002945,5858624,634
"Apple Tablet",SKU-002946,42315341,398
"Apple Smartphone",SKU-002947,48393033,35
"Samsung Tablet",SKU-002948,27491152,775
"Dell Monitor",SKU-002949,24611095,485
"Apple Laptop",SKU-002950,19567231,850
"HP Smartphone",SKU-002951,26674930,466
"Apple Monitor",SKU-002952,6769798,276
"Sony Camera",SKU-002953,26097708,539
"Samsung Laptop",SKU-002954,25724193,314
"HP Tablet",SKU-002955,24369466,611
"Dell Laptop",SKU-002956,28237104,789
"Sony Tablet",SKU-002957,23699088,987
"Dell Smartphone",SKU-002958,30447126,350
"Apple Tablet",SKU-002959,27372811,161
"Sony Tablet",SKU-002960,28135684,683
"Samsung Smartphone",SKU-002961,43410610,935
"Sony Camera",SKU-002962,37527135,796
"HP Smartphone",SKU-002963,4763651,904
"Sony Camera",SKU-002964,33372618,500
"HP Camera",SKU-002965,11482336,409
"Samsung Camera",SKU-002966,44925292,308
"Dell Smartphone",SKU-002967,45389661,467
"Dell Monitor",SKU-002968,32376459,9
"Dell Smartphone",SKU-002969,34663869,684
"Samsung Smartphone",SKU-002970,24067469,763
"Dell Camera",SKU-002971,39000127,119
"Samsung Laptop",SKU-002972,40773410,178
"Samsung Camera",SKU-002973,17726789,488
"Dell Camera",SKU-002974,30565373,333
"Dell Monitor",SKU-002975,20969285,114
"Samsung Camera",SKU-002976,31249633,14
"Apple Monitor",SKU-002977,2878936,808
"HP Monitor",SKU-002978,20385461,945
"Sony Camera",SKU-002979,42327614,256
"Sony Monitor",SKU-002980,26531735,378
"Dell Tablet",SKU-002981,2029841,22
"Samsung Monitor",SKU-002982,4096544,627
"Samsung Laptop",SKU-002983,28451935,349
"Dell Smartphone",SKU-002984,33328905,462
"HP Camera",SKU-002985,49690768,672
"HP Tablet",SKU-002986,17698760,467
"Samsung Monitor",SKU-002987,9209487,35
"Sony Monitor",SKU-002988,3015805,238
"Sony Smartphone",SKU-002989,35525432,528
"Apple Monitor",SKU-002990,38820854,58
"Dell Camera",SKU-002991,49110473,159
"Sony Tablet",SKU-002992,40396036,491
"Apple Smartphone",SKU-002993,19665569,22
"Dell Monitor",SKU-002994,6711757,694
"HP Tablet",SKU-002995,10362468,62
"Dell Tablet",SKU-002996,43428632,879
"Sony Smartphone",SKU-002997,20927448,833
"Sony Monitor",SKU-002998,41817391,979
"Dell Monitor",SKU-002999,31376205,972
"Samsung Smartphone",SKU-003000,28771495,198
"HP Camera",SKU-003001,7470561,669
"HP Tablet",SKU-003002,32700100,349
"Samsung Camera",SKU-003003,3874223,692
"HP Smartphone",SKU-003004,3991906,503
"Sony Laptop",SKU-003005,16918479,61
"Dell Monitor",SKU-003006,38610275,517
"HP Tablet",SKU-003007,47626364,242
"Apple Laptop",SKU-003008,30289626,799
"Dell Camera",SKU-003009,3486355,625
"HP Camera",SKU-003010,47197012,210
"Sony Smartphone",SKU-003011,21161249,142
"Dell Laptop",SKU-003012,11918315,140
"Apple Laptop",SKU-003013,10621585,125
"Sony Tablet",SKU-003014,37778459,431
"Apple Laptop",SKU-003015,37217616,378
"Dell Monitor",SKU-003016,30698606,311
"Samsung Tablet",SKU-003017,1929966,989
"Apple Laptop",SKU-003018,32421159,703
"Sony Smartphone",SKU-003019,46356965,9
"Dell Monitor",SKU-003020,12100056,966
"Dell Laptop",SKU-003021,44931615,181
"Sony Tablet",SKU-003022,33509183,392
"Samsung Smartphone",SKU-003023,20157551,696
"HP Smartphone",SKU-003024,1317372,446
"Sony Laptop",SKU-003025,9515468,959
"HP Smartphone",SKU-003026,49955098,51
"Apple Camera",SKU-003027,42471185,272
"HP Tablet",SKU-003028,31394964,193
"Apple Laptop",SKU-003029,6959102,176
"Apple Monitor",SKU-003030,18041249,303
"Sony Smartphone",SKU-003031,37481536,102
"Apple Tablet",SKU-003032,30654459,485
"Apple Camera",SKU-003033,47729455,411
"Apple Monitor",SKU-003034,7157371,675
"Samsung Monitor",SKU-003035,23763364,610
"Dell Monitor",SKU-003036,11547945,872
"Sony Smartphone",SKU-003037,8944126,578
"Samsung Camera",SKU-003038,4290701,876
"Apple Monitor",SKU-003039,26619415,824
"Sony Camera",SKU-003040,27410790,765
"Samsung Laptop",SKU-003041,47039781,977
"HP Laptop",SKU-003042,12355082,837
"Dell Monitor",SKU-003043,40106873,391
"Dell Laptop",SKU-003044,40534553,480
"Sony Camera",SKU-003045,22238807,710
"Dell Smartphone",SKU-003046,3874297,378
"Dell Tablet",SKU-003047,25496627,157
"Apple Smartphone",SKU-003048,20782759,815
"Samsung Laptop",SKU-003049,28254027,812
"Samsung Monitor",SKU-003050,3644585,589
"Sony Tablet",SKU-003051,22705267,276
"HP Smartphone",SKU-003052,5284816,135
"HP Monitor",SKU-003053,6647914,581
"Sony Laptop",SKU-003054,8630011,373
"Sony Monitor",SKU-003055,4573485,953
"Samsung Monitor",SKU-003056,29929807,482
"Samsung Camera",SKU-003057,2660913,905
"HP Monitor",SKU-003058,23697574,494
"Samsung Monitor",SKU-003059,3840390,901
"Dell Laptop",SKU-003060,49803171,640
"Dell Camera",SKU-003061,11163589,249
"Sony Laptop",SKU-003062,14790319,583
"HP Smartphone",SKU-003063,40269093,181
"HP Laptop",SKU-003064,26542937,69
"Apple Laptop",SKU-003065,38193069,629
"Samsung Camera",SKU-003066,14484983,906
"HP Tablet",SKU-003067,41669066,544
"Samsung Camera",SKU-003068,33138472,318
"Dell Camera",SKU-003069,17487561,277
"HP Laptop",SKU-003070,40862403,95
"Sony Laptop",SKU-003071,9350882,312
"Apple Monitor",SKU-003072,33907075,581
"Dell Camera",SKU-003073,26180824,654
"Dell Laptop",SKU-003074,43841548,455
"Sony Camera",SKU-003075,19408795,507
"Samsung Smartphone",SKU-003076,1995509,807
"Samsung Camera",SKU-003077,6714491,835
"Dell Smartphone",SKU-003078,33724619,186
"Samsung Smartphone",SKU-003079,2902521,938
"Sony Smartphone",SKU-003080,35751656,46
"Apple Tablet",SKU-003081,30946955,639
"Sony Camera",SKU-003082,5233994,73
"Dell Monitor",SKU-003083,4608688,625
"Samsung Monitor",SKU-003084,21155957,299
"Apple Smartphone",SKU-003085,4478078,801
"Samsung Laptop",SKU-003086,23735416,833
"Apple Tablet",SKU-003087,22220506,793
"Sony Tablet",SKU-003088,40717527,443
"Sony Monitor",SKU-003089,41917136,79
"Apple Laptop",SKU-003090,38394220,56
"Dell Monitor",SKU-003091,34384985,776
"HP Tablet",SKU-003092,30089782,666
"Apple Camera",SKU-003093,36652654,716
"HP Camera",SKU-003094,34979523,480
"Samsung Laptop",SKU-003095,42455506,22
"Apple Laptop",SKU-003096,37940089,318
"HP Laptop",SKU-003097,29449450,822
"Dell Tablet",SKU-003098,8949989,673
"Apple Tablet",SKU-003099,32301954,151
"Samsung Laptop",SKU-003100,28656418,125
"Samsung Monitor",SKU-003101,47797953,44
"Sony Tablet",SKU-003102,41565834,82
"Apple Camera",SKU-003103,34280075,962
"Dell Tablet",SKU-003104,21734219,356
"Apple Tablet",SKU-003105,25531187,983
"Dell Laptop",SKU-003106,35178434,867
"Sony Camera",SKU-003107,10308755,231
"Apple Laptop",SKU-003108,6173644,763
"Apple Monitor",SKU-003109,37817178,183
"Apple Tablet",SKU-003110,21410127,583
"Apple Laptop",SKU-003111,25809851,563
"Apple Camera",SKU-003112,45536822,428
"Apple Laptop",SKU-003113,47878278,637
"Apple Tablet",SKU-003114,16246060,13
"HP Monitor",SKU-003115,12751392,355
"Dell Laptop",SKU-003116,31066292,551
"Apple Laptop",SKU-003117,27489385,855
"Sony Monitor",SKU-003118,7908161,863
"Apple Tablet",SKU-003119,35529592,823
"Samsung Laptop",SKU-003120,28749037,535
"Samsung Monitor",SKU-003121,1451770,15
"HP Monitor",SKU-003122,49388301,198
"Dell Smartphone",SKU-003123,5977838,151
"Apple Laptop",SKU-003124,33263086,138
"Apple Camera",SKU-003125,36833838,750
"Samsung Camera",SKU-003126,12777379,345
"HP Laptop",SKU-003127,46400218,65
"Sony Smartphone",SKU-003128,45893676,691
"HP Smartphone",SKU-003129,31088769,338
"Samsung Laptop",SKU-003130,24122533,301
"Samsung Smartphone",SKU-003131,26055123,375
"HP Smartphone",SKU-003132,24846974,826
"Dell Tablet",SKU-003133,38455802,473
"Sony Camera",SKU-003134,31819021,75
"Samsung Tablet",SKU-003135,20945044,723
"Samsung Monitor",SKU-003136,38611793,376
"Samsung Laptop",SKU-003137,36726098,378
"Sony Smartphone",SKU-003138,1206391,420
"Samsung Laptop",SKU-003139,33668464,444
"Dell Laptop",SKU-003140,4891749,751
"HP Camera",SKU-003141,22008427,46
"Dell Smartphone",SKU-003142,37839089,422
"Dell Laptop",SKU-003143,31945671,868
"Samsung Smartphone",SKU-003144,17652658,218
"Samsung Monitor",SKU-003145,11812669,751
"Apple Smartphone",SKU-003146,27625356,256
"Dell Camera",SKU-003147,31227293,381
"HP Tablet",SKU-003148,8978706,138
"Sony Camera",SKU-003149,42950215,496
"Dell Monitor",SKU-003150,44421944,648
"Samsung Laptop",SKU-003151,9938720,890
"HP Laptop",SKU-003152,9477507,109
"Dell Camera",SKU-003153,44035257,627
"Apple Smartphone",SKU-003154,30665917,246
"HP Tablet",SKU-003155,34089546,702
"Sony Tablet",SKU-003156,28398424,827
"Sony Tablet",SKU-003157,15440579,753
"Apple Monitor",SKU-003158,18534250,885
"Apple Monitor",SKU-003159,20212410,651
"Sony Monitor",SKU-003160,22923770,44
"Dell Monitor",SKU-003161,17901254,753
"Sony Camera",SKU-003162,20613148,6
"Sony Camera",SKU-003163,47896193,744
"HP Tablet",SKU-003164,34192460,848
"Apple Tablet",SKU-003165,9299605,501
"Samsung Smartphone",SKU-003166,32634384,626
"Samsung Monitor",SKU-003167,20586182,583
"Samsung Laptop",SKU-003168,2002073,714
"Samsung Camera",SKU-003169,17991238,919
"Apple Smartphone",SKU-003170,41650101,709
"Dell Smartphone",SKU-003171,3630219,702
"Apple Laptop",SKU-003172,18724441,605
"Dell Camera",SKU-003173,14798119,570
"Apple Smartphone",SKU-003174,9046145,297
"Sony Laptop",SKU-003175,1801946,798
"Apple Monitor",SKU-003176,29397649,700
"Sony Camera",SKU-003177,14463046,201
"Dell Laptop",SKU-003178,3931139,421
"Dell Laptop",SKU-003179,2521094,798
"Apple Tablet",SKU-003180,31748532,193
"Apple Camera",SKU-003181,28426556,83
"Samsung Monitor",SKU-003182,40765254,391
"Sony Monitor",SKU-003183,26401339,912
"Apple Smartphone",SKU-003184,8824482,645
"HP Smartphone",SKU-003185,16849891,624
"Apple Smartphone",SKU-003186,7183870,499
"Sony Camera",SKU-003187,31390537,947
"Sony Monitor",SKU-003188,42054361,690
"Apple Tablet",SKU-003189,20374716,932
"HP Tablet",SKU-003190,10801006,164
"Apple Tablet",SKU-003191,44675692,61
"Dell Tablet",SKU-003192,10081829,719
"Dell Tablet",SKU-003193,35192800,357
"Samsung Monitor",SKU-003194,30412477,137
"Sony Smartphone",SKU-003195,38795541,192
"Apple Smartphone",SKU-003196,47039537,876
"Apple Camera",SKU-003197,14071684,647
"Dell Camera",SKU-003198,16422871,286
"Sony Smartphone",SKU-003199,36990650,600
"Apple Tablet",SKU-003200,1427039,173
"Sony Tablet",SKU-003201,3139767,505
"Dell Tablet",SKU-003202,24788450,556
"HP Monitor",SKU-003203,38923647,157
"Apple Smartphone",SKU-003204,42239578,191
"Dell Camera",SKU-003205,43423822,545
"Apple Smartphone",SKU-003206,3988219,383
"Dell Tablet",SKU-003207,1294561,457
"HP Laptop",SKU-003208,12334661,317
"Apple Laptop",SKU-003209,40339949,547
"Samsung Laptop",SKU-003210,7948224,307
"Dell Camera",SKU-003211,7429588,463
"Dell Monitor",SKU-003212,26244375,702
"Apple Smartphone",SKU-003213,10427465,48
"Dell Monitor",SKU-003214,36478325,893
"HP Smartphone",SKU-003215,15027569,336
"Apple Laptop",SKU-003216,30254353,254
"HP Tablet",SKU-003217,30642657,447
"HP Laptop",SKU-003218,10377221,263
"Apple Monitor",SKU-003219,34729992,461
"Apple Monitor",SKU-003220,11512417,997
"HP Laptop",SKU-003221,24852348,157
"Sony Laptop",SKU-003222,19972842,172
"HP Camera",SKU-003223,19602976,20
"Dell Camera",SKU-003224,39916058,405
"Apple Camera",SKU-003225,13401218,773
"Apple Camera",SKU-003226,30123990,188
"Apple Laptop",SKU-003227,15770337,947
"Sony Monitor",SKU-003228,20081296,348
"HP Monitor",SKU-003229,1925715,100
"Samsung Smartphone",SKU-003230,20291045,294
"HP Tablet",SKU-003231,7272327,810
"HP Smartphone",SKU-003232,40014612,708
"Samsung Laptop",SKU-003233,40909033,301
"Dell Laptop",SKU-003234,13430849,397
"Sony Laptop",SKU-003235,4795101,426
"Samsung Tablet",SKU-003236,39450967,597
"HP Camera",SKU-003237,18035450,958
"Samsung Camera",SKU-003238,11126504,847
"HP Tablet",SKU-003239,47348074,733
"Sony Camera",SKU-003240,22814296,595
"Apple Camera",SKU-003241,40536928,404
"Sony Smartphone",SKU-003242,32292697,146
"HP Laptop",SKU-003243,27603078,439
"Sony Monitor",SKU-003244,44624269,384
"HP Smartphone",SKU-003245,3510971,736
"Dell Monitor",SKU-003246,49552791,658
"HP Tablet",SKU-003247,23817577,373
"HP Tablet",SKU-003248,29610443,359
"Sony Smartphone",SKU-003249,22326429,557
"HP Monitor",SKU-003250,1921857,247
"Sony Monitor",SKU-003251,28079042,812
"Sony Laptop",SKU-003252,45065804,327
"Dell Monitor",SKU-003253,17048623,976
"HP Laptop",SKU-003254,16208966,421
"Samsung Smartphone",SKU-003255,40880713,377
"HP Smartphone",SKU-003256,36254276,881
"Dell Camera",SKU-003257,23169992,617
"Dell Monitor",SKU-003258,31046498,665
"Dell Laptop",SKU-003259,36091981,840
"HP Camera",SKU-003260,23881104,312
"HP Camera",SKU-003261,45032518,241
"Samsung Smartphone",SKU-003262,17610691,573
"Sony Camera",SKU-003263,40281182,861
"Sony Smartphone",SKU-003264,34074128,688
"Sony Monitor",SKU-003265,10751957,693
"Samsung Smartphone",SKU-003266,10265507,345
"Apple Tablet",SKU-003267,6578099,300
"Apple Smartphone",SKU-003268,19864981,414
"HP Laptop",SKU-003269,6798957,609
"Samsung Tablet",SKU-003270,13115018,773
"HP Smartphone",SKU-003271,47575912,966
"Dell Laptop",SKU-003272,44949146,681
"Samsung Monitor",SKU-003273,41725249,439
"Sony Laptop",SKU-003274,25966740,480
"Samsung Laptop",SKU-003275,34512319,458
"Apple Tablet",SKU-003276,39159211,523
"Samsung Smartphone",SKU-003277,36658720,351
"HP Monitor",SKU-003278,23648305,5
"Sony Camera",SKU-003279,34362729,846
"Samsung Laptop",SKU-003280,39540902,762
"Samsung Monitor",SKU-003281,12132468,950
"Apple Camera",SKU-003282,8710741,824
"Sony Camera",SKU-003283,15784706,72
"Apple Tablet",SKU-003284,13196652,684
"Dell Smartphone",SKU-003285,5201335,417
"HP Laptop",SKU-003286,10698430,487
"Samsung Tablet",SKU-003287,32489709,390
"HP Tablet",SKU-003288,34803731,965
"Sony Laptop",SKU-003289,2147346,137
"HP Smartphone",SKU-003290,7723537,443
"Apple Smartphone",SKU-003291,35319226,342
"Dell Monitor",SKU-003292,16894966,449
"Dell Smartphone",SKU-003293,2229596,658
"HP Tablet",SKU-003294,12664388,815
"HP Laptop",SKU-003295,33111080,442
"Samsung Laptop",SKU-003296,13682715,779
"Apple Tablet",SKU-003297,2482017,884
"Sony Smartphone",SKU-003298,31514971,143
"Samsung Laptop",SKU-003299,33942808,437
"Apple Camera",SKU-003300,49206879,832
"Dell Tablet",SKU-003301,24371419,796
"Samsung Laptop",SKU-003302,5604423,30
"Dell Monitor",SKU-003303,45780582,299
"Dell Monitor",SKU-003304,6120176,500
"Dell Camera",SKU-003305,34695292,982
"Dell Monitor",SKU-003306,37052270,329
"Apple Laptop",SKU-003307,2612085,556
"HP Camera",SKU-003308,3466396,366
"Apple Tablet",SKU-003309,37047278,703
"Samsung Laptop",SKU-003310,12496824,301
"Sony Smartphone",SKU-003311,7625088,67
"HP Camera",SKU-003312,3761968,342
"HP Smartphone",SKU-003313,36513877,23
"Apple Laptop",SKU-003314,7194653,999
"Sony Laptop",SKU-003315,37285434,658
"Samsung Tablet",SKU-003316,25179328,943
"Dell Tablet",SKU-003317,17760129,515
"HP Monitor",SKU-003318,41349912,499
"Sony Laptop",SKU-003319,14486355,264
"Dell Camera",SKU-003320,41453238,574
"Dell Camera",SKU-003321,4516593,769
"Sony Monitor",SKU-003322,44331945,909
"Apple Tablet",SKU-003323,1523387,907
"Samsung Monitor",SKU-003324,18099562,703
"Dell Laptop",SKU-003325,10506441,15
"HP Camera",SKU-003326,27744710,303
"Samsung Monitor",SKU-003327,32336778,994
"Apple Tablet",SKU-003328,34641862,738
"Samsung Tablet",SKU-003329,23998787,685
"HP Camera",SKU-003330,17186534,406
"Sony Smartphone",SKU-003331,14150106,758
"HP Tablet",SKU-003332,16775986,905
"Sony Tablet",SKU-003333,16656072,475
"Samsung Tablet",SKU-003334,43069495,72
"Dell Monitor",SKU-003335,38015407,122
"Dell Monitor",SKU-003336,23228981,386
"Samsung Tablet",SKU-003337,47897627,56
"Apple Tablet",SKU-003338,24378775,558
"Dell Smartphone",SKU-003339,10355064,328
"Sony Monitor",SKU-003340,35876611,459
"Samsung Monitor",SKU-003341,49442790,14
"Apple Tablet",SKU-003342,37186885,811
"Sony Monitor",SKU-003343,18774790,846
"Samsung Smartphone",SKU-003344,19111806,368
"HP Tablet",SKU-003345,43812014,988
"Apple Monitor",SKU-003346,45049268,531
"Samsung Camera",SKU-003347,16982560,297
"Dell Laptop",SKU-003348,38634072,206
"Sony Monitor",SKU-003349,8243817,481
"Sony Monitor",SKU-003350,37139377,123
"Sony Smartphone",SKU-003351,48176620,660
"Dell Camera",SKU-003352,10708464,0
"Samsung Tablet",SKU-003353,12409229,282
"HP Laptop",SKU-003354,10483471,943
"Dell Camera",SKU-003355,19953840,584
"Sony Laptop",SKU-003356,46983634,194
"Sony Tablet",SKU-003357,7712454,910
"Apple Tablet",SKU-003358,44639155,75
"Samsung Smartphone",SKU-003359,18858995,905
"Samsung Monitor",SKU-003360,11687113,230
"Sony Smartphone",SKU-003361,24475510,724
"HP Camera",SKU-003362,3483833,449
"HP Camera",SKU-003363,7466945,12
"HP Camera",SKU-003364,47189436,31
"Sony Camera",SKU-003365,7985744,85
"Samsung Tablet",SKU-003366,43761852,390
"Apple Laptop",SKU-003367,8854977,341
"Apple Tablet",SKU-003368,1367488,913
"Sony Monitor",SKU-003369,40876746,692
"HP Camera",SKU-003370,39615274,639
"Samsung Laptop",SKU-003371,23354938,914
"Samsung Camera",SKU-003372,29544303,87
"Apple Camera",SKU-003373,22645559,779
"Samsung Laptop",SKU-003374,49865156,715
"Sony Smartphone",SKU-003375,6626639,924
"Sony Camera",SKU-003376,25057998,752
"HP Laptop",SKU-003377,16877921,942
"Sony Smartphone",SKU-003378,16671947,806
"Apple Laptop",SKU-003379,36380028,485
"Samsung Smartphone",SKU-003380,34760218,251
"Apple Tablet",SKU-003381,36158812,956
"Samsung Laptop",SKU-003382,19675357,125
"Sony Tablet",SKU-003383,2622265,213
"HP Smartphone",SKU-003384,8279090,470
"Samsung Monitor",SKU-003385,7969413,392
"Dell Camera",SKU-003386,20653885,65
"Dell Camera",SKU-003387,44581797,756
"Apple Camera",SKU-003388,3724053,151
"Dell Smartphone",SKU-003389,25479122,196
"Samsung Camera",SKU-003390,22399096,409
"Apple Laptop",SKU-003391,1710593,45
"Apple Monitor",SKU-003392,8613490,732
"Apple Camera",SKU-003393,14003057,235
"Dell Laptop",SKU-003394,1773686,738
"Apple Monitor",SKU-003395,8720060,112
"Sony Laptop",SKU-003396,23430466,809
"Samsung Camera",SKU-003397,22331580,710
"Sony Smartphone",SKU-003398,47689163,595
"Sony Camera",SKU-003399,40772631,657
"Sony Smartphone",SKU-003400,42319297,344
"Apple Monitor",SKU-003401,17460535,589
"Samsung Camera",SKU-003402,12459348,106
"Samsung Camera",SKU-003403,11626365,954
"Dell Monitor",SKU-003404,9681765,221
"Apple Laptop",SKU-003405,16738698,911
"HP Camera",SKU-003406,36123981,367
"Sony Monitor",SKU-003407,24976162,957
"HP Laptop",SKU-003408,40375074,283
"Dell Smartphone",SKU-003409,15627433,695
"Sony Tablet",SKU-003410,13390893,635
"Sony Camera",SKU-003411,4832786,165
"Apple Camera",SKU-003412,46593134,642
"Dell Smartphone",SKU-003413,14284689,836
"Dell Monitor",SKU-003414,16346132,574
"Dell Tablet",SKU-003415,45484642,846
"HP Camera",SKU-003416,24550811,998
"Sony Monitor",SKU-003417,19304331,570
"Sony Smartphone",SKU-003418,26373587,475
"Dell Monitor",SKU-003419,42828596,746
"Sony Tablet",SKU-003420,5814302,726
"Samsung Laptop",SKU-003421,16380193,632
"Sony Laptop",SKU-003422,30057578,684
"Apple Laptop",SKU-003423,40397439,76
"Samsung Monitor",SKU-003424,5395385,113
"Samsung Tablet",SKU-003425,21507184,692
"Sony Monitor",SKU-003426,49805025,324
"Apple Laptop",SKU-003427,7941477,590
"Dell Monitor",SKU-003428,8645825,146
"HP Tablet",SKU-003429,36307841,144
"Apple Monitor",SKU-003430,39542239,79
"Sony Tablet",SKU-003431,32200986,508
"Apple Camera",SKU-003432,13981373,709
"HP Camera",SKU-003433,44644716,214
"Sony Tablet",SKU-003434,10605631,787
"HP Tablet",SKU-003435,3909013,114
"Apple Camera",SKU-003436,43954668,202
"Apple Tablet",SKU-003437,36254529,556
"Sony Tablet",SKU-003438,30921785,857
"Apple Tablet",SKU-003439,33273752,966
"Dell Tablet",SKU-003440,29960564,789
"Sony Laptop",SKU-003441,9724209,457
"HP Smartphone",SKU-003442,40246390,895
"Sony Laptop",SKU-003443,31119259,908
"Dell Tablet",SKU-003444,13180934,299
"Sony Smartphone",SKU-003445,1493263,931
"Apple Monitor",SKU-003446,40801827,254
"Apple Smartphone",SKU-003447,14722791,674
"Apple Tablet",SKU-003448,47762908,734
"Samsung Monitor",SKU-003449,21288389,672
"HP Monitor",SKU-003450,1383573,596
"Sony Laptop",SKU-003451,37452201,738
"Dell Monitor",SKU-003452,17394137,347
"HP Camera",SKU-003453,24632725,323
"Sony Laptop",SKU-003454,30285013,368
"Apple Monitor",SKU-003455,16903940,378
"Apple Smartphone",SKU-003456,10120429,279
"Sony Camera",SKU-003457,33349247,745
"Dell Laptop",SKU-003458,46274096,924
"Sony Monitor",SKU-003459,24479355,285
"Sony Camera",SKU-003460,35544561,811
"Dell Smartphone",SKU-003461,35319775,56
"Sony Camera",SKU-003462,6379395,208
"Dell Laptop",SKU-003463,16844712,26
"HP Smartphone",SKU-003464,43877167,669
"Dell Monitor",SKU-003465,27369642,968
"Sony Camera",SKU-003466,9344350,989
"Samsung Monitor",SKU-003467,21150894,689
"Sony Camera",SKU-003468,7884395,227
"Apple Laptop",SKU-003469,27287290,525
"Apple Monitor",SKU-003470,24090326,738
"Samsung Laptop",SKU-003471,37162654,602
"Sony Camera",SKU-003472,13945433,101
"Apple Laptop",SKU-003473,16728814,467
"Dell Tablet",SKU-003474,26751248,128
"HP Monitor",SKU-003475,31157776,783
"Dell Smartphone",SKU-003476,18347257,476
"Samsung Monitor",SKU-003477,6393250,596
"HP Laptop",SKU-003478,15103847,431
"Sony Smartphone",SKU-003479,16293383,828
"Sony Camera",SKU-003480,18311726,251
"Apple Tablet",SKU-003481,10057371,665
"Dell Smartphone",SKU-003482,35881359,368
"Samsung Tablet",SKU-003483,23441104,849
"Dell Laptop",SKU-003484,46949459,849
"Sony Camera",SKU-003485,36000190,156
"Apple Smartphone",SKU-003486,41413370,421
"Apple Camera",SKU-003487,31849339,435
"Dell Monitor",SKU-003488,32311469,688
"Samsung Monitor",SKU-003489,44945963,437
"Sony Laptop",SKU-003490,10170740,441
"HP Laptop",SKU-003491,35837614,647
"Samsung Smartphone",SKU-003492,49792932,489
"Dell Camera",SKU-003493,12608190,162
"Sony Laptop",SKU-003494,48958841,989
"Dell Smartphone",SKU-003495,44498605,637
"Apple Laptop",SKU-003496,15642670,185
"Sony Monitor",SKU-003497,6205775,955
"Samsung Tablet",SKU-003498,24785247,583
"Sony Camera",SKU-003499,29171962,770
"Samsung Tablet",SKU-003500,4679796,590
"Sony Laptop",SKU-003501,18604276,949
"Dell Camera",SKU-003502,32013551,935
"HP Laptop",SKU-003503,27755644,196
"Samsung Tablet",SKU-003504,35675728,246
"Samsung Smartphone",SKU-003505,33342204,236
"Sony Monitor",SKU-003506,22831985,384
"Apple Laptop",SKU-003507,17526969,313
"Dell Smartphone",SKU-003508,35310766,570
"HP Monitor",SKU-003509,19959675,371
"Samsung Monitor",SKU-003510,5396651,871
"Samsung Monitor",SKU-003511,29570470,164
"Apple Laptop",SKU-003512,22724068,204
"Samsung Monitor",SKU-003513,14457922,903
"Sony Tablet",SKU-003514,25504541,912
"Samsung Smartphone",SKU-003515,37983947,7
"Dell Monitor",SKU-003516,47339166,868
"Samsung Smartphone",SKU-003517,42498216,312
"Samsung Camera",SKU-003518,36282028,605
"Sony Tablet",SKU-003519,41798188,4
"Sony Camera",SKU-003520,7753560,558
"Dell Smartphone",SKU-003521,38125114,471
"Dell Camera",SKU-003522,28184970,693
"Apple Tablet",SKU-003523,10906526,636
"Apple Tablet",SKU-003524,27257420,259
"HP Smartphone",SKU-003525,37831188,417
"Dell Camera",SKU-003526,13594071,591
"Apple Camera",SKU-003527,48532972,761
"Dell Monitor",SKU-003528,24718784,759
"HP Smartphone",SKU-003529,26338756,854
"Apple Laptop",SKU-003530,7179693,542
"Apple Tablet",SKU-003531,41944486,111
"Sony Laptop",SKU-003532,34756940,473
"Sony Camera",SKU-003533,49120859,975
"Apple Monitor",SKU-003534,36081310,521
"Sony Tablet",SKU-003535,1874627,792
"HP Camera",SKU-003536,22623753,673
"Dell Camera",SKU-003537,9908123,161
"Dell Monitor",SKU-003538,23052985,972
"Sony Smartphone",SKU-003539,36187816,249
"Dell Laptop",SKU-003540,43418940,82
"HP Camera",SKU-003541,10406869,155
"Samsung Monitor",SKU-003542,4949346,547
"Apple Monitor",SKU-003543,9386494,894
"HP Laptop",SKU-003544,36328667,648
"HP Smartphone",SKU-003545,1760162,391
"Sony Monitor",SKU-003546,24804641,978
"Samsung Laptop",SKU-003547,49058346,176
"Dell Laptop",SKU-003548,39093695,673
"HP Camera",SKU-003549,26610296,131
"Samsung Laptop",SKU-003550,44485241,108
"Dell Monitor",SKU-003551,1417863,726
"HP Camera",SKU-003552,33530809,445
"HP Smartphone",SKU-003553,33247560,896
"Apple Laptop",SKU-003554,24376664,868
"Apple Monitor",SKU-003555,1366413,266
"Dell Laptop",SKU-003556,43827192,589
"Sony Monitor",SKU-003557,34183418,813
"Sony Tablet",SKU-003558,9930844,279
"Samsung Smartphone",SKU-003559,29693736,679
"Dell Tablet",SKU-003560,24479135,598
"Samsung Laptop",SKU-003561,10173490,219
"Dell Monitor",SKU-003562,24869242,918
"HP Monitor",SKU-003563,10778890,2
"HP Monitor",SKU-003564,41490287,779
"HP Smartphone",SKU-003565,46273947,278
"Dell Tablet",SKU-003566,48999899,885
"Dell Laptop",SKU-003567,9359246,376
"HP Camera",SKU-003568,19899590,89
"Samsung Tablet",SKU-003569,6012044,496
"HP Tablet",SKU-003570,48956836,409
"Sony Camera",SKU-003571,34512219,823
"Apple Monitor",SKU-003572,21832101,222
"HP Monitor",SKU-003573,1133879,704
"HP Laptop",SKU-003574,4255617,760
"Samsung Smartphone",SKU-003575,5464278,28
"Apple Monitor",SKU-003576,16872334,65
"Dell Tablet",SKU-003577,17330423,883
"Dell Laptop",SKU-003578,36737197,226
"Dell Laptop",SKU-003579,12309509,988
"HP Camera",SKU-003580,45621200,112
"Apple Tablet",SKU-003581,23964357,823
"Apple Tablet",SKU-003582,17979255,458
"Samsung Smartphone",SKU-003583,5565269,179
"Apple Camera",SKU-003584,24380605,263
"HP Laptop",SKU-003585,5171585,524
"Apple Smartphone",SKU-003586,15942950,54
"HP Smartphone",SKU-003587,24459891,176
"Samsung Tablet",SKU-003588,40656943,939
"HP Laptop",SKU-003589,10626064,234
"Dell Laptop",SKU-003590,12121402,779
"Samsung Monitor",SKU-003591,30133472,997
"HP Tablet",SKU-003592,41460896,901
"Sony Camera",SKU-003593,1362245,269
"Apple Camera",SKU-003594,33002026,826
"Samsung Camera",SKU-003595,45269769,55
"HP Tablet",SKU-003596,20204526,873
"Samsung Smartphone",SKU-003597,16799587,196
"Dell Monitor",SKU-003598,21921667,233
"Apple Camera",SKU-003599,7175537,821
"Sony Camera",SKU-003600,29836002,682
"Apple Camera",SKU-003601,12702125,380
"Apple Camera",SKU-003602,7040271,288
"Dell Smartphone",SKU-003603,43293608,541
"Sony Tablet",SKU-003604,9155330,494
"Sony Smartphone",SKU-003605,11617901,21
"Dell Laptop",SKU-003606,13258909,602
"Sony Laptop",SKU-003607,28833724,419
"HP Monitor",SKU-003608,33149022,305
"Sony Tablet",SKU-003609,4891586,623
"Dell Laptop",SKU-003610,33433949,208
"Dell Smartphone",SKU-003611,36359837,491
"Apple Monitor",SKU-003612,35251335,333
"Dell Smartphone",SKU-003613,37107275,968
"Dell Monitor",SKU-003614,16372657,721
"HP Smartphone",SKU-003615,15817523,230
"Samsung Camera",SKU-003616,18635828,598
"Dell Laptop",SKU-003617,12740952,109
"Sony Tablet",SKU-003618,4827774,162
"Dell Smartphone",SKU-003619,25479118,761
"Sony Tablet",SKU-003620,42326186,768
"Sony Tablet",SKU-003621,24711902,204
"Samsung Tablet",SKU-003622,18323906,152
"Sony Camera",SKU-003623,7912270,311
"Apple Smartphone",SKU-003624,5750965,336
"Apple Camera",SKU-003625,22846915,99
"Apple Laptop",SKU-003626,28779331,363
"Sony Laptop",SKU-003627,21935126,103
"HP Smartphone",SKU-003628,8433855,602
"Sony Camera",SKU-003629,6840388,867
"Sony Monitor",SKU-003630,36645179,666
"Samsung Camera",SKU-003631,10418663,807
"Sony Monitor",SKU-003632,22388172,644
"Apple Tablet",SKU-003633,7654285,526
"Dell Smartphone",SKU-003634,39400575,902
"Dell Tablet",SKU-003635,1241424,471
"HP Tablet",SKU-003636,27642654,52
"Samsung Laptop",SKU-003637,28043327,549
"Samsung Laptop",SKU-003638,48001007,279
"Apple Laptop",SKU-003639,45162533,291
"Apple Camera",SKU-003640,41915908,343
"Dell Monitor",SKU-003641,41723837,633
"HP Tablet",SKU-003642,5812002,409
"Dell Smartphone",SKU-003643,33145372,792
"Samsung Laptop",SKU-003644,46682569,971
"Samsung Laptop",SKU-003645,8770535,308
"Samsung Camera",SKU-003646,23905712,694
"Sony Laptop",SKU-003647,47182503,178
"Apple Monitor",SKU-003648,32023832,754
"Dell Monitor",SKU-003649,6691093,91
"Dell Tablet",SKU-003650,36720483,957
"Dell Monitor",SKU-003651,26382247,209
"HP Smartphone",SKU-003652,8539392,481
"Apple Tablet",SKU-003653,24534617,855
"Sony Laptop",SKU-003654,38978916,294
"Apple Monitor",SKU-003655,13880837,834
"Sony Laptop",SKU-003656,8963946,526
"Dell Tablet",SKU-003657,20809780,920
"Samsung Laptop",SKU-003658,24851681,693
"HP Smartphone",SKU-003659,47699211,694
"Samsung Smartphone",SKU-003660,40968998,475
"HP Monitor",SKU-003661,22713179,711
"Sony Tablet",SKU-003662,17251373,208
"Dell Camera",SKU-003663,5152666,484
"Sony Camera",SKU-003664,7395704,219
"HP Laptop",SKU-003665,21773031,278
"Dell Camera",SKU-003666,24985416,702
"Samsung Monitor",SKU-003667,34102872,98
"Sony Laptop",SKU-003668,10215134,955
"Sony Laptop",SKU-003669,8378539,271
"Apple Tablet",SKU-003670,5037391,855
"Dell Monitor",SKU-003671,7061155,967
"Sony Laptop",SKU-003672,44160286,409
"Apple Smartphone",SKU-003673,14821201,983
"Sony Camera",SKU-003674,26165912,115
"Apple Monitor",SKU-003675,48167897,862
"Sony Tablet",SKU-003676,18246959,918
"Dell Laptop",SKU-003677,35983507,906
"HP Smartphone",SKU-003678,18387814,531
"HP Camera",SKU-003679,10487860,939
"Sony Tablet",SKU-003680,39451184,411
"Dell Laptop",SKU-003681,20008766,66
"Apple Camera",SKU-003682,32859882,390
"Sony Laptop",SKU-003683,36871648,335
"Samsung Laptop",SKU-003684,40469265,804
"HP Camera",SKU-003685,47213401,921
"Dell Camera",SKU-003686,6644831,43
"Sony Smartphone",SKU-003687,30335584,768
"HP Camera",SKU-003688,2828323,718
"HP Laptop",SKU-003689,44721794,610
"Samsung Smartphone",SKU-003690,4226053,940
"Sony Laptop",SKU-003691,30202461,673
"Samsung Tablet",SKU-003692,22154164,324
"HP Monitor",SKU-003693,41266012,1000
"Apple Camera",SKU-003694,27883738,809
"Dell Smartphone",SKU-003695,45483472,196
"HP Monitor",SKU-003696,6448118,123
"Dell Smartphone",SKU-003697,3109134,455
"Apple Smartphone",SKU-003698,44374988,38
"Apple Monitor",SKU-003699,16423045,881
"Apple Tablet",SKU-003700,48509450,200
"Samsung Smartphone",SKU-003701,6157491,620
"Apple Monitor",SKU-003702,12581253,381
"Dell Tablet",SKU-003703,8103695,747
"HP Monitor",SKU-003704,29513067,671
"HP Tablet",SKU-003705,36771827,289
"Apple Smartphone",SKU-003706,39517101,883
"Dell Laptop",SKU-003707,27331671,783
"Samsung Tablet",SKU-003708,7222556,964
"HP Tablet",SKU-003709,13149834,525
"Sony Smartphone",SKU-003710,16723484,45
"Sony Smartphone",SKU-003711,37849513,406
"Sony Laptop",SKU-003712,46476387,531
"HP Smartphone",SKU-003713,8637328,305
"Dell Monitor",SKU-003714,22654416,184
"HP Tablet",SKU-003715,45191895,273
"Apple Smartphone",SKU-003716,18910980,651
"Apple Smartphone",SKU-003717,22933058,123
"Sony Smartphone",SKU-003718,49027113,918
"Sony Smartphone",SKU-003719,26582942,119
"Samsung Laptop",SKU-003720,41204326,606
"Samsung Laptop",SKU-003721,6652124,755
"Samsung Laptop",SKU-003722,5311672,462
"HP Tablet",SKU-003723,17876470,374
"Samsung Camera",SKU-003724,48872597,554
"Samsung Camera",SKU-003725,31032787,398
"Dell Laptop",SKU-003726,49741946,165
"Samsung Camera",SKU-003727,38265970,888
"Apple Tablet",SKU-003728,5502469,791
"Dell Camera",SKU-003729,4267744,921
"Samsung Monitor",SKU-003730,19388922,462
"Apple Laptop",SKU-003731,2261023,846
"Apple Smartphone",SKU-003732,7506790,282
"Dell Laptop",SKU-003733,25981252,375
"HP Laptop",SKU-003734,2559885,790
"Dell Laptop",SKU-003735,20343241,929
"Sony Tablet",SKU-003736,47316026,500
"Sony Monitor",SKU-003737,44205652,12
"Sony Smartphone",SKU-003738,29151073,795
"Sony Monitor",SKU-003739,6419340,620
"HP Camera",SKU-003740,8293750,513
"HP Monitor",SKU-003741,14333414,177
"Dell Laptop",SKU-003742,10298842,892
"Apple Monitor",SKU-003743,30673591,917
"Apple Smartphone",SKU-003744,21776521,366
"Sony Monitor",SKU-003745,25103052,974
"Apple Camera",SKU-003746,17388833,326
"Apple Tablet",SKU-003747,48362102,885
"Apple Camera",SKU-003748,34948192,848
"Samsung Camera",SKU-003749,24435346,780
"Dell Laptop",SKU-003750,10533084,974
"HP Smartphone",SKU-003751,41424407,205
"Dell Laptop",SKU-003752,38349557,280
"Samsung Monitor",SKU-003753,49879705,151
"Apple Tablet",SKU-003754,7099318,103
"Apple Laptop",SKU-003755,36900753,587
"Apple Tablet",SKU-003756,32410743,510
"Apple Camera",SKU-003757,12117071,494
"Apple Monitor",SKU-003758,20378896,523
"Apple Monitor",SKU-003759,28418563,274
"Dell Monitor",SKU-003760,26751127,317
"Samsung Camera",SKU-003761,38748241,673
"HP Monitor",SKU-003762,48718377,597
"Apple Smartphone",SKU-003763,29611890,360
"Apple Tablet",SKU-003764,32495353,627
"Dell Monitor",SKU-003765,10190263,939
"Sony Smartphone",SKU-003766,19944493,515
"Apple Laptop",SKU-003767,25699909,70
"Sony Tablet",SKU-003768,47982856,932
"Samsung Monitor",SKU-003769,45352139,774
"Apple Monitor",SKU-003770,2699751,658
"Sony Laptop",SKU-003771,9629824,67
"Apple Monitor",SKU-003772,28157752,530
"HP Laptop",SKU-003773,28149115,513
"HP Camera",SKU-003774,5007175,799
"Sony Camera",SKU-003775,39186652,711
"Samsung Camera",SKU-003776,4434863,144
"HP Laptop",SKU-003777,44720810,525
"Dell Tablet",SKU-003778,18108645,265
"Apple Camera",SKU-003779,38374339,315
"Apple Camera",SKU-003780,37232195,195
"Apple Tablet",SKU-003781,5093129,659
"Samsung Camera",SKU-003782,10754708,28
"Dell Camera",SKU-003783,3077531,783
"HP Camera",SKU-003784,19439992,679
"HP Camera",SKU-003785,27593544,998
"Dell Camera",SKU-003786,30317788,650
"Sony Monitor",SKU-003787,46416752,443
"Apple Laptop",SKU-003788,29315773,884
"Apple Camera",SKU-003789,7479464,106
"Samsung Monitor",SKU-003790,2369697,523
"Samsung Smartphone",SKU-003791,30787009,599
"Sony Camera",SKU-003792,3614615,11
"Dell Monitor",SKU-003793,4395000,893
"Sony Monitor",SKU-003794,32703546,904
"Sony Laptop",SKU-003795,30525608,525
"Samsung Smartphone",SKU-003796,28020978,557
"Apple Tablet",SKU-003797,38024567,838
"Samsung Smartphone",SKU-003798,3057150,95
"Sony Laptop",SKU-003799,17775643,714
"Apple Smartphone",SKU-003800,38081497,100
"Samsung Smartphone",SKU-003801,35004540,764
"Dell Monitor",SKU-003802,2932843,975
"HP Camera",SKU-003803,31638003,651
"HP Laptop",SKU-003804,20561856,915
"HP Monitor",SKU-003805,29755181,294
"Apple Smartphone",SKU-003806,6004424,207
"Sony Laptop",SKU-003807,3284462,700
"Apple Camera",SKU-003808,17032488,641
"Sony Tablet",SKU-003809,27736429,552
"Sony Monitor",SKU-003810,6631467,453
"Apple Monitor",SKU-003811,46094444,496
"HP Tablet",SKU-003812,43212730,755
"Apple Tablet",SKU-003813,26208166,311
"HP Camera",SKU-003814,37897871,186
"Dell Tablet",SKU-003815,9769971,309
"HP Smartphone",SKU-003816,17451323,98
"HP Smartphone",SKU-003817,20479698,183
"Sony Laptop",SKU-003818,6363000,708
"Samsung Tablet",SKU-003819,39027104,492
"Samsung Tablet",SKU-003820,48865439,428
"Sony Smartphone",SKU-003821,44479357,975
"Dell Camera",SKU-003822,22154949,977
"Apple Camera",SKU-003823,45744376,315
"Samsung Camera",SKU-003824,19130856,374
"Dell Laptop",SKU-003825,30870974,899
"HP Camera",SKU-003826,17472024,146
"Apple Tablet",SKU-003827,1007969,167
"Samsung Tablet",SKU-003828,48963036,146
"Apple Camera",SKU-003829,34039142,279
"HP Tablet",SKU-003830,49094181,571
"Dell Laptop",SKU-003831,48639777,687
"HP Camera",SKU-003832,47003123,164
"Dell Camera",SKU-003833,28645025,246
"Samsung Camera",SKU-003834,41001834,525
"Sony Monitor",SKU-003835,28912495,476
"Sony Tablet",SKU-003836,15473645,121
"Sony Monitor",SKU-003837,20898443,67
"Sony Tablet",SKU-003838,6542977,397
"HP Camera",SKU-003839,16270822,910
"Sony Laptop",SKU-003840,41015145,300
"Sony Tablet",SKU-003841,42290939,605
"Dell Camera",SKU-003842,12711413,189
"HP Tablet",SKU-003843,5133529,72
"Apple Tablet",SKU-003844,49984686,385
"Dell Tablet",SKU-003845,17319690,365
"Apple Camera",SKU-003846,36861527,520
"HP Camera",SKU-003847,11332766,632
"Sony Tablet",SKU-003848,44457616,216
"Apple Laptop",SKU-003849,30866013,893
"Sony Laptop",SKU-003850,34118033,780
"Dell Tablet",SKU-003851,36985572,835
"Samsung Monitor",SKU-003852,23132805,257
"Apple Smartphone",SKU-003853,15758911,811
"Apple Tablet",SKU-003854,18348323,533
"Sony Tablet",SKU-003855,45533765,446
"HP Camera",SKU-003856,17021158,108
"HP Smartphone",SKU-003857,21352603,245
"Apple Smartphone",SKU-003858,3636102,177
"HP Camera",SKU-003859,23778150,220
"HP Tablet",SKU-003860,23883858,986
"Dell Camera",SKU-003861,35514934,319
"Sony Camera",SKU-003862,11066105,705
"HP Monitor",SKU-003863,28706812,379
"Apple Camera",SKU-003864,30053791,141
"HP Monitor",SKU-003865,35505951,653
"Samsung Tablet",SKU-003866,44863626,631
"Dell Monitor",SKU-003867,29167516,36
"Apple Monitor",SKU-003868,34106768,996
"Samsung Laptop",SKU-003869,6428129,395
"Sony Camera",SKU-003870,43159812,951
"Sony Smartphone",SKU-003871,26266715,809
"Dell Monitor",SKU-003872,21954789,98
"Sony Camera",SKU-003873,2655314,952
"Sony Monitor",SKU-003874,17704748,647
"Dell Camera",SKU-003875,43278161,337
"Apple Camera",SKU-003876,10852447,462
"HP Laptop",SKU-003877,22454278,858
"Samsung Tablet",SKU-003878,19764989,753
"Apple Smartphone",SKU-003879,18383046,16
"Apple Tablet",SKU-003880,7478000,107
"HP Camera",SKU-003881,46498221,506
"Dell Laptop",SKU-003882,30740746,302
"Dell Monitor",SKU-003883,14573071,577
"Dell Tablet",SKU-003884,4413611,79
"Dell Monitor",SKU-003885,27183367,763
"Dell Monitor",SKU-003886,49835592,810
"Sony Laptop",SKU-003887,40356716,135
"Samsung Monitor",SKU-003888,29232223,607
"Sony Smartphone",SKU-003889,18146111,548
"Sony Tablet",SKU-003890,47805009,888
"Dell Monitor",SKU-003891,31867421,221
"HP Smartphone",SKU-003892,31626953,839
"Sony Camera",SKU-003893,39135103,594
"Apple Tablet",SKU-003894,16639444,431
"Dell Monitor",SKU-003895,5910009,738
"Sony Camera",SKU-003896,7626563,890
"Samsung Tablet",SKU-003897,46476531,670
"Apple Camera",SKU-003898,44347937,135
"Sony Monitor",SKU-003899,23383514,419
"Apple Tablet",SKU-003900,28272834,55
"Apple Smartphone",SKU-003901,9114892,619
"Apple Smartphone",SKU-003902,28974059,223
"Samsung Smartphone",SKU-003903,26553505,5
"Apple Monitor",SKU-003904,44742983,21
"Sony Monitor",SKU-003905,41700416,763
"HP Smartphone",SKU-003906,32514275,36
"Sony Smartphone",SKU-003907,5949213,622
"Samsung Monitor",SKU-003908,15180466,203
"Sony Tablet",SKU-003909,43544703,711
"Samsung Tablet",SKU-003910,33081768,20
"HP Laptop",SKU-003911,36434158,501
"Apple Monitor",SKU-003912,22208467,969
"Dell Monitor",SKU-003913,14981781,141
"Apple Camera",SKU-003914,30817072,723
"HP Camera",SKU-003915,28444488,263
"HP Laptop",SKU-003916,44755436,5
"Apple Smartphone",SKU-003917,8796914,88
"Dell Tablet",SKU-003918,9248910,947
"HP Tablet",SKU-003919,17659541,303
"Apple Smartphone",SKU-003920,1982523,174
"Apple Laptop",SKU-003921,35340754,423
"Apple Smartphone",SKU-003922,38146724,797
"Dell Camera",SKU-003923,29084721,478
"Apple Laptop",SKU-003924,9076838,683
"HP Laptop",SKU-003925,21930540,992
"Sony Tablet",SKU-003926,1828368,147
"Dell Camera",SKU-003927,28304420,596
"Samsung Camera",SKU-003928,35344802,972
"HP Tablet",SKU-003929,47014720,548
"HP Tablet",SKU-003930,25579259,587
"Dell Laptop",SKU-003931,47487142,71
"HP Camera",SKU-003932,3463317,680
"Apple Smartphone",SKU-003933,48578326,547
"Dell Laptop",SKU-003934,8835933,63
"HP Monitor",SKU-003935,37640737,3
"Samsung Monitor",SKU-003936,37905771,659
"Apple Monitor",SKU-003937,22060296,314
"Sony Camera",SKU-003938,16462747,100
"HP Tablet",SKU-003939,3864104,783
"Sony Laptop",SKU-003940,27998306,278
"Sony Smartphone",SKU-003941,36811176,835
"HP Camera",SKU-003942,21057333,776
"Dell Smartphone",SKU-003943,31904901,200
"Apple Smartphone",SKU-003944,44616244,826
"Sony Monitor",SKU-003945,42686938,452
"Dell Monitor",SKU-003946,7729731,933
"HP Camera",SKU-003947,11253135,83
"Dell Camera",SKU-003948,28673615,381
"Apple Smartphone",SKU-003949,11718839,101
"Dell Smartphone",SKU-003950,39206599,44
"Samsung Monitor",SKU-003951,19842622,480
"HP Laptop",SKU-003952,7966341,647
"Sony Camera",SKU-003953,49267724,547
"Dell Tablet",SKU-003954,19895547,503
"Dell Tablet",SKU-003955,45946063,728
"Apple Monitor",SKU-003956,19948343,767
"HP Laptop",SKU-003957,27695937,478
"Sony Laptop",SKU-003958,21857435,844
"Apple Smartphone",SKU-003959,28291403,172
"HP Smartphone",SKU-003960,38244294,556
"Sony Monitor",SKU-003961,12505068,686
"Dell Laptop",SKU-003962,49488279,317
"Apple Laptop",SKU-003963,22410784,525
"Apple Smartphone",SKU-003964,16967780,181
"HP Camera",SKU-003965,2574237,921
"Sony Camera",SKU-003966,35980197,571
"Sony Smartphone",SKU-003967,16672494,77
"HP Monitor",SKU-003968,20372059,65
"Sony Tablet",SKU-003969,45789783,68
"Sony Camera",SKU-003970,36353992,383
"Dell Camera",SKU-003971,10336167,417
"HP Smartphone",SKU-003972,43661563,98
"HP Laptop",SKU-003973,20780792,743
"Apple Monitor",SKU-003974,41343904,922
"Sony Camera",SKU-003975,29300317,831
"Samsung Camera",SKU-003976,27616401,347
"Dell Camera",SKU-003977,35788950,109
"Dell Camera",SKU-003978,12328251,527
"HP Monitor",SKU-003979,32919501,876
"Samsung Monitor",SKU-003980,16758978,763
"Dell Smartphone",SKU-003981,37249058,334
"Sony Monitor",SKU-003982,2502523,554
"Samsung Monitor",SKU-003983,21648904,382
"Sony Laptop",SKU-003984,28654888,189
"Dell Monitor",SKU-003985,10759128,524
"Samsung Tablet",SKU-003986,36880691,328
"HP Camera",SKU-003987,15534376,312
"HP Laptop",SKU-003988,43201550,589
"Dell Camera",SKU-003989,41087160,849
"HP Smartphone",SKU-003990,30820269,485
"Samsung Camera",SKU-003991,9137704,397
"Dell Tablet",SKU-003992,17432349,370
"Apple Smartphone",SKU-003993,31086307,382
"Samsung Tablet",SKU-003994,16104698,650
"Sony Smartphone",SKU-003995,4889241,529
"Samsung Monitor",SKU-003996,35981894,751
"HP Camera",SKU-003997,17641765,795
"HP Smartphone",SKU-003998,3436855,187
"Sony Laptop",SKU-003999,4165723,413
"Apple Tablet",SKU-004000,20334335,478
"Samsung Laptop",SKU-004001,25976604,942
"HP Laptop",SKU-004002,43964993,662
"Samsung Tablet",SKU-004003,22652639,114
"Samsung Laptop",SKU-004004,15956722,438
"Samsung Monitor",SKU-004005,32674589,498
"Dell Camera",SKU-004006,2779506,622
"Apple Smartphone",SKU-004007,9593209,825
"Dell Laptop",SKU-004008,47279347,250
"Samsung Laptop",SKU-004009,14668423,941
"Sony Laptop",SKU-004010,47893719,967
"Dell Camera",SKU-004011,21749118,28
"Samsung Laptop",SKU-004012,21767403,771
"Sony Camera",SKU-004013,7292663,73
"Samsung Camera",SKU-004014,24257329,448
"Dell Monitor",SKU-004015,8963148,510
"Sony Monitor",SKU-004016,37145213,710
"Dell Camera",SKU-004017,30135608,570
"Dell Monitor",SKU-004018,12342973,302
"Samsung Monitor",SKU-004019,1448026,877
"HP Monitor",SKU-004020,37364358,187
"Dell Smartphone",SKU-004021,47823923,662
"Sony Laptop",SKU-004022,41212799,678
"HP Camera",SKU-004023,30699753,912
"Apple Camera",SKU-004024,46898264,126
"Apple Tablet",SKU-004025,34052697,846
"Apple Tablet",SKU-004026,27988687,713
"Sony Monitor",SKU-004027,24612468,71
"Samsung Smartphone",SKU-004028,42167496,801
"Apple Tablet",SKU-004029,24196088,195
"Dell Tablet",SKU-004030,2163399,208
"Dell Monitor",SKU-004031,11723645,976
"Apple Laptop",SKU-004032,28869964,911
"Dell Smartphone",SKU-004033,16610076,996
"HP Monitor",SKU-004034,11401668,581
"Sony Laptop",SKU-004035,4610382,205
"HP Laptop",SKU-004036,15841272,182
"Apple Camera",SKU-004037,44367374,521
"Dell Laptop",SKU-004038,26227292,666
"Sony Smartphone",SKU-004039,17743527,124
"HP Camera",SKU-004040,23353570,908
"HP Monitor",SKU-004041,23679700,917
"Dell Camera",SKU-004042,26227706,775
"Apple Smartphone",SKU-004043,34008660,476
"Samsung Smartphone",SKU-004044,24756864,80
"Apple Tablet",SKU-004045,13277976,623
"Apple Camera",SKU-004046,48548475,219
"Apple Camera",SKU-004047,3720807,286
"Sony Laptop",SKU-004048,47233032,68
"HP Tablet",SKU-004049,35100592,93
"HP Smartphone",SKU-004050,45157869,905
"Sony Smartphone",SKU-004051,47463946,345
"Apple Laptop",SKU-004052,22768896,171
"Samsung Laptop",SKU-004053,25969067,255
"Apple Monitor",SKU-004054,4946377,422
"Apple Smartphone",SKU-004055,11837962,672
"HP Smartphone",SKU-004056,39375421,873
"HP Laptop",SKU-004057,39384458,205
"Samsung Monitor",SKU-004058,37496686,466
"Dell Smartphone",SKU-004059,11505178,152
"HP Camera",SKU-004060,41700072,616
"Dell Laptop",SKU-004061,35207722,680
"Samsung Smartphone",SKU-004062,30301650,504
"Sony Laptop",SKU-004063,28124309,922
"Sony Smartphone",SKU-004064,16196314,458
"Dell Smartphone",SKU-004065,40347419,950
"Samsung Smartphone",SKU-004066,38448344,538
"Samsung Smartphone",SKU-004067,2208906,571
"Samsung Smartphone",SKU-004068,15443346,925
"HP Monitor",SKU-004069,42001539,972
"Sony Laptop",SKU-004070,10453166,161
"Apple Monitor",SKU-004071,2103865,935
"Apple Tablet",SKU-004072,20231752,237
"Samsung Camera",SKU-004073,36643356,98
"Dell Smartphone",SKU-004074,12885143,570
"Sony Laptop",SKU-004075,13967846,147
"Sony Monitor",SKU-004076,38775002,779
"Dell Monitor",SKU-004077,22469617,435
"Sony Monitor",SKU-004078,6110530,164
"HP Tablet",SKU-004079,36346353,266
"Dell Monitor",SKU-004080,24864067,693
"Apple Tablet",SKU-004081,49889833,581
"Dell Monitor",SKU-004082,39456212,535
"Sony Tablet",SKU-004083,24619357,375
"Apple Smartphone",SKU-004084,6505094,483
"HP Camera",SKU-004085,14661611,813
"Sony Smartphone",SKU-004086,37065813,397
"Samsung Camera",SKU-004087,26833837,67
"Dell Smartphone",SKU-004088,42751693,117
"Samsung Laptop",SKU-004089,26792005,292
"Apple Camera",SKU-004090,49723202,457
"Sony Camera",SKU-004091,40450301,161
"Samsung Smartphone",SKU-004092,30892517,852
"Apple Tablet",SKU-004093,32536443,603
"Dell Smartphone",SKU-004094,1002144,504
"HP Tablet",SKU-004095,38343046,476
"Sony Smartphone",SKU-004096,15788687,80
"HP Laptop",SKU-004097,23638581,722
"Samsung Tablet",SKU-004098,31774279,819
"Dell Smartphone",SKU-004099,3828273,595
"Dell Tablet",SKU-004100,31878536,98
"Samsung Monitor",SKU-004101,35778508,159
"Sony Tablet",SKU-004102,41796096,64
"Dell Laptop",SKU-004103,31885430,946
"Sony Smartphone",SKU-004104,31730314,670
"Samsung Smartphone",SKU-004105,19078944,130
"Apple Laptop",SKU-004106,36487357,919
"Sony Monitor",SKU-004107,41087060,753
"Apple Monitor",SKU-004108,45947547,206
"Apple Monitor",SKU-004109,12279565,721
"Dell Laptop",SKU-004110,31198314,607
"HP Camera",SKU-004111,23394641,164
"HP Smartphone",SKU-004112,27650812,69
"HP Tablet",SKU-004113,3328851,355
"Apple Tablet",SKU-004114,21177963,415
"Samsung Tablet",SKU-004115,46006100,208
"HP Camera",SKU-004116,16340125,949
"HP Laptop",SKU-004117,31867136,73
"Samsung Laptop",SKU-004118,22838471,99
"Sony Tablet",SKU-004119,11289211,172
"Apple Tablet",SKU-004120,42744282,570
"Dell Monitor",SKU-004121,6400324,420
"Sony Smartphone",SKU-004122,48366846,655
"Apple Smartphone",SKU-004123,17072962,65
"HP Laptop",SKU-004124,40391739,601
"Dell Tablet",SKU-004125,12543034,991
"Apple Monitor",SKU-004126,33236470,895
"Dell Smartphone",SKU-004127,11172827,187
"Sony Laptop",SKU-004128,6713484,558
"Samsung Monitor",SKU-004129,17291447,451
"Dell Monitor",SKU-004130,11250331,91
"Samsung Monitor",SKU-004131,4771364,11
"Apple Monitor",SKU-004132,44419933,364
"HP Monitor",SKU-004133,9552239,912
"Sony Camera",SKU-004134,39310968,108
"Samsung Smartphone",SKU-004135,36356273,351
"Sony Laptop",SKU-004136,27266843,246
"HP Laptop",SKU-004137,45243126,725
"Sony Camera",SKU-004138,48252180,204
"Sony Tablet",SKU-004139,49907611,490
"Samsung Monitor",SKU-004140,27982333,442
"HP Smartphone",SKU-004141,43134138,405
"Dell Tablet",SKU-004142,31339796,713
"Samsung Smartphone",SKU-004143,33738303,55
"HP Tablet",SKU-004144,24542932,71
"HP Monitor",SKU-004145,46406940,191
"Sony Tablet",SKU-004146,34153978,515
"Dell Laptop",SKU-004147,29011808,603
"HP Smartphone",SKU-004148,30145816,593
"Apple Tablet",SKU-004149,14638625,486
"HP Camera",SKU-004150,14915861,256
"Apple Smartphone",SKU-004151,21100324,309
"HP Smartphone",SKU-004152,48974227,397
"Dell Laptop",SKU-004153,13449010,373
"HP Laptop",SKU-004154,40772948,903
"Sony Smartphone",SKU-004155,8559904,710
"Apple Monitor",SKU-004156,38785920,977
"Apple Monitor",SKU-004157,33957119,652
"Samsung Monitor",SKU-004158,2983094,911
"HP Laptop",SKU-004159,40855079,259
"Sony Tablet",SKU-004160,44960939,890
"HP Laptop",SKU-004161,20828974,691
"Apple Camera",SKU-004162,11650328,475
"Samsung Tablet",SKU-004163,17151648,95
"Sony Laptop",SKU-004164,18337285,871
"Sony Monitor",SKU-004165,45124292,336
"Apple Tablet",SKU-004166,27097973,753
"Apple Tablet",SKU-004167,29234696,664
"HP Camera",SKU-004168,18715656,13
"HP Smartphone",SKU-004169,21004624,41
"Dell Monitor",SKU-004170,26026814,613
"Samsung Camera",SKU-004171,21265361,789
"Sony Tablet",SKU-004172,40570647,726
"HP Smartphone",SKU-004173,33026365,576
"Dell Monitor",SKU-004174,32253704,628
"Apple Smartphone",SKU-004175,49331571,452
"Dell Camera",SKU-004176,4570389,423
"Dell Monitor",SKU-004177,45038759,956
"Dell Monitor",SKU-004178,31777803,416
"Sony Smartphone",SKU-004179,28591614,575
"HP Smartphone",SKU-004180,10975177,336
"Apple Laptop",SKU-004181,18925277,569
"Dell Smartphone",SKU-004182,27481866,168
"Samsung Camera",SKU-004183,47459493,386
"Dell Camera",SKU-004184,21283906,661
"Apple Laptop",SKU-004185,49816336,269
"Dell Tablet",SKU-004186,4296823,184
"Dell Tablet",SKU-004187,11272453,245
"Dell Camera",SKU-004188,16206203,857
"Sony Laptop",SKU-004189,14587760,176
"Dell Smartphone",SKU-004190,28516833,531
"Sony Monitor",SKU-004191,40801794,91
"HP Laptop",SKU-004192,14260222,578
"Samsung Camera",SKU-004193,47300688,409
"HP Camera",SKU-004194,40464291,684
"Apple Laptop",SKU-004195,39886648,332
"Samsung Camera",SKU-004196,24338023,938
"Dell Camera",SKU-004197,39349136,965
"Samsung Tablet",SKU-004198,33756053,934
"Sony Smartphone",SKU-004199,42091130,774
"Apple Laptop",SKU-004200,46508805,514
"Dell Tablet",SKU-004201,30316384,678
"HP Camera",SKU-004202,35532396,60
"Samsung Tablet",SKU-004203,21347368,571
"Samsung Monitor",SKU-004204,11168384,735
"Samsung Smartphone",SKU-004205,47375408,314
"Apple Smartphone",SKU-004206,15691770,363
"Apple Monitor",SKU-004207,3389457,903
"Sony Laptop",SKU-004208,37030170,580
"Sony Monitor",SKU-004209,13572424,990
"HP Monitor",SKU-004210,41269240,433
"Dell Laptop",SKU-004211,19513195,598
"Samsung Tablet",SKU-004212,40004839,348
"Dell Tablet",SKU-004213,17882122,936
"HP Camera",SKU-004214,30934650,227
"Samsung Tablet",SKU-004215,31020739,206
"Dell Camera",SKU-004216,24337833,961
"Samsung Laptop",SKU-004217,39314743,794
"Samsung Tablet",SKU-004218,16934531,606
"HP Monitor",SKU-004219,33411611,505
"Apple Smartphone",SKU-004220,47244205,246
"Dell Camera",SKU-004221,44186254,727
"HP Laptop",SKU-004222,29188654,277
"Sony Tablet",SKU-004223,48440409,331
"Dell Smartphone",SKU-004224,18659794,664
"Samsung Laptop",SKU-004225,8593522,600
"HP Smartphone",SKU-004226,8293891,642
"HP Laptop",SKU-004227,8357464,94
"Sony Smartphone",SKU-004228,32746365,160
"Sony Camera",SKU-004229,4762267,597
"Samsung Smartphone",SKU-004230,16221913,57
"Samsung Laptop",SKU-004231,36836268,893
"Sony Smartphone",SKU-004232,27208123,339
"Sony Laptop",SKU-004233,32558132,796
"Apple Camera",SKU-004234,8219889,313
"Apple Camera",SKU-004235,21627363,386
"HP Monitor",SKU-004236,45947078,31
"HP Smartphone",SKU-004237,41917776,990
"Samsung Camera",SKU-004238,3953026,650
"Apple Laptop",SKU-004239,2391926,145
"HP Monitor",SKU-004240,11828907,887
"Apple Camera",SKU-004241,35016787,920
"Dell Tablet",SKU-004242,9484207,460
"Sony Smartphone",SKU-004243,46952240,945
"Samsung Laptop",SKU-004244,9948924,872
"Samsung Camera",SKU-004245,28379874,539
"Dell Laptop",SKU-004246,4274052,180
"Sony Tablet",SKU-004247,48066505,522
"HP Laptop",SKU-004248,6199524,125
"HP Monitor",SKU-004249,14041252,139
"Apple Monitor",SKU-004250,18906682,845
"HP Tablet",SKU-004251,20147845,245
"Apple Tablet",SKU-004252,23827233,22
"Dell Tablet",SKU-004253,24211654,500
"Sony Laptop",SKU-004254,49385194,269
"HP Laptop",SKU-004255,12589696,473
"Samsung Smartphone",SKU-004256,14233322,15
"HP Smartphone",SKU-004257,24137212,253
"Sony Smartphone",SKU-004258,15105110,22
"HP Smartphone",SKU-004259,27505683,335
"Samsung Monitor",SKU-004260,45268943,764
"Dell Camera",SKU-004261,38061786,612
"Apple Laptop",SKU-004262,33417511,100
"Dell Smartphone",SKU-004263,47101488,599
"HP Smartphone",SKU-004264,12422745,293
"Apple Smartphone",SKU-004265,41344095,525
"Dell Smartphone",SKU-004266,20750270,660
"Samsung Camera",SKU-004267,21629057,264
"HP Monitor",SKU-004268,2956555,719
"Sony Camera",SKU-004269,32542897,98
"Samsung Laptop",SKU-004270,12693388,332
"HP Laptop",SKU-004271,32099705,671
"Samsung Tablet",SKU-004272,38205983,798
"Samsung Camera",SKU-004273,15603964,968
"Dell Tablet",SKU-004274,1783348,325
"Sony Laptop",SKU-004275,19253015,968
"Apple Smartphone",SKU-004276,25088183,765
"HP Monitor",SKU-004277,43982111,686
"Apple Smartphone",SKU-004278,31515512,617
"HP Smartphone",SKU-004279,17999986,245
"HP Monitor",SKU-004280,29211425,310
"Apple Laptop",SKU-004281,22008352,543
"Samsung Monitor",SKU-004282,24730053,811
"Samsung Monitor",SKU-004283,19408180,879
"Samsung Smartphone",SKU-004284,48770929,218
"Samsung Smartphone",SKU-004285,14235155,764
"Apple Laptop",SKU-004286,20953955,182
"Sony Laptop",SKU-004287,5483988,309
"HP Camera",SKU-004288,45918142,523
"Dell Camera",SKU-004289,7359831,866
"Samsung Tablet",SKU-004290,14006081,583
"HP Camera",SKU-004291,24641119,325
"HP Laptop",SKU-004292,27703177,238
"Sony Monitor",SKU-004293,31009183,752
"Samsung Tablet",SKU-004294,46262205,685
"HP Monitor",SKU-004295,34474244,632
"HP Tablet",SKU-004296,12299515,795
"HP Camera",SKU-004297,15220706,630
"Apple Laptop",SKU-004298,45678022,607
"Dell Monitor",SKU-004299,48605521,352
"Dell Monitor",SKU-004300,12583630,910
"Apple Smartphone",SKU-004301,14418530,293
"Apple Camera",SKU-004302,21535737,356
"Dell Camera",SKU-004303,21002154,533
"HP Monitor",SKU-004304,40500427,78
"Dell Camera",SKU-004305,45075541,879
"Sony Camera",SKU-004306,38639664,230
"Apple Camera",SKU-004307,13796789,650
"Samsung Laptop",SKU-004308,17101808,599
"Dell Camera",SKU-004309,30078872,246
"Samsung Monitor",SKU-004310,47281206,738
"Dell Camera",SKU-004311,11026531,999
"HP Tablet",SKU-004312,24788872,460
"HP Smartphone",SKU-004313,42618172,422
"Dell Camera",SKU-004314,18519352,665
"Apple Tablet",SKU-004315,42527250,623
"Apple Laptop",SKU-004316,6313005,637
"HP Tablet",SKU-004317,29605154,605
"Dell Camera",SKU-004318,37787394,310
"Samsung Laptop",SKU-004319,8070742,110
"Samsung Laptop",SKU-004320,28476769,198
"Dell Tablet",SKU-004321,42075722,597
"HP Camera",SKU-004322,40894837,482
"Samsung Smartphone",SKU-004323,7348447,165
"Apple Tablet",SKU-004324,11908781,829
"Samsung Smartphone",SKU-004325,39306044,362
"Sony Monitor",SKU-004326,34143959,660
"Dell Camera",SKU-004327,20592288,509
"Dell Monitor",SKU-004328,45087022,466
"Sony Monitor",SKU-004329,44275374,510
"Dell Tablet",SKU-004330,19841018,310
"Sony Smartphone",SKU-004331,26128001,295
"HP Smartphone",SKU-004332,35164446,468
"Dell Tablet",SKU-004333,32095790,54
"Apple Smartphone",SKU-004334,37998957,564
"Samsung Laptop",SKU-004335,23178940,182
"Dell Smartphone",SKU-004336,17913612,376
"HP Monitor",SKU-004337,20800416,519
"Dell Camera",SKU-004338,49171263,267
"Apple Laptop",SKU-004339,31202537,430
"Dell Laptop",SKU-004340,13014197,306
"Dell Camera",SKU-004341,43737472,343
"HP Smartphone",SKU-004342,22130310,823
"Dell Laptop",SKU-004343,22052791,437
"Dell Tablet",SKU-004344,5230467,174
"HP Monitor",SKU-004345,24419030,100
"Apple Camera",SKU-004346,14530783,897
"Apple Laptop",SKU-004347,43120552,177
"HP Monitor",SKU-004348,32164604,366
"Samsung Tablet",SKU-004349,38183493,774
"Dell Tablet",SKU-004350,23802582,117
"Sony Camera",SKU-004351,21674169,288
"HP Camera",SKU-004352,37991172,60
"Apple Laptop",SKU-004353,39455836,153
"Samsung Camera",SKU-004354,30065866,816
"Sony Laptop",SKU-004355,43236430,530
"Apple Monitor",SKU-004356,33531926,490
"Samsung Monitor",SKU-004357,49664236,120
"Dell Camera",SKU-004358,37530182,11
"HP Smartphone",SKU-004359,27999438,702
"Samsung Tablet",SKU-004360,4433375,996
"Sony Camera",SKU-004361,36658405,50
"Apple Tablet",SKU-004362,47622057,218
"Apple Laptop",SKU-004363,15644801,702
"Sony Camera",SKU-004364,40294003,577
"Sony Laptop",SKU-004365,5676965,195
"Apple Monitor",SKU-004366,6478564,958
"Samsung Laptop",SKU-004367,42385321,712
"Apple Laptop",SKU-004368,33131983,444
"Sony Laptop",SKU-004369,26674693,726
"Dell Smartphone",SKU-004370,42303107,742
"Dell Tablet",SKU-004371,41903734,752
"Apple Laptop",SKU-004372,12263499,847
"HP Monitor",SKU-004373,5479373,613
"Apple Camera",SKU-004374,38225659,312
"Samsung Tablet",SKU-004375,40623162,81
"Samsung Laptop",SKU-004376,14956125,734
"Samsung Smartphone",SKU-004377,21468786,964
"Dell Laptop",SKU-004378,45654326,834
"HP Camera",SKU-004379,3587382,65
"Sony Smartphone",SKU-004380,15244721,753
"Samsung Camera",SKU-004381,22781365,38
"Apple Smartphone",SKU-004382,34345767,195
"Samsung Laptop",SKU-004383,1191031,334
"Samsung Monitor",SKU-004384,2576967,395
"Sony Laptop",SKU-004385,12616590,728
"Apple Camera",SKU-004386,25968386,427
"Apple Monitor",SKU-004387,35157286,72
"HP Tablet",SKU-004388,41241142,751
"Sony Smartphone",SKU-004389,36445093,191
"Sony Smartphone",SKU-004390,22657648,41
"Apple Smartphone",SKU-004391,6424469,277
"HP Camera",SKU-004392,31943190,385
"Sony Laptop",SKU-004393,19151935,277
"HP Laptop",SKU-004394,40213474,597
"Samsung Camera",SKU-004395,38999642,326
"Sony Tablet",SKU-004396,9147047,405
"Sony Tablet",SKU-004397,42458616,802
"Dell Smartphone",SKU-004398,27404264,471
"Samsung Monitor",SKU-004399,27836483,874
"Apple Monitor",SKU-004400,36970267,735
"Sony Monitor",SKU-004401,48365753,548
"Samsung Smartphone",SKU-004402,46467248,16
"Sony Smartphone",SKU-004403,24987249,891
"Sony Smartphone",SKU-004404,12299694,553
"Samsung Camera",SKU-004405,8298538,329
"Apple Tablet",SKU-004406,18633176,780
"Apple Smartphone",SKU-004407,49781811,858
"HP Monitor",SKU-004408,46688579,498
"Sony Laptop",SKU-004409,26499281,919
"Apple Monitor",SKU-004410,36534937,260
"Apple Camera",SKU-004411,49453134,707
"Dell Tablet",SKU-004412,22291509,437
"Samsung Camera",SKU-004413,26725672,365
"Dell Camera",SKU-004414,7595720,34
"Sony Smartphone",SKU-004415,41087106,249
"Samsung Laptop",SKU-004416,18744509,582
"Apple Monitor",SKU-004417,45271071,307
"Dell Tablet",SKU-004418,1280363,215
"Samsung Laptop",SKU-004419,24764641,966
"Apple Monitor",SKU-004420,26079448,248
"Dell Smartphone",SKU-004421,42385625,389
"Dell Tablet",SKU-004422,23239686,349
"Dell Laptop",SKU-004423,36580163,0
"Apple Monitor",SKU-004424,39423332,324
"HP Camera",SKU-004425,49828361,735
"Sony Monitor",SKU-004426,15081892,196
"HP Smartphone",SKU-004427,45738129,330
"Samsung Laptop",SKU-004428,25337653,949
"HP Camera",SKU-004429,20783196,766
"Samsung Smartphone",SKU-004430,9472569,175
"HP Monitor",SKU-004431,9390262,961
"Sony Tablet",SKU-004432,23696602,574
"HP Monitor",SKU-004433,20013078,125
"Samsung Laptop",SKU-004434,43848139,879
"Sony Tablet",SKU-004435,12703017,816
"Apple Camera",SKU-004436,31430697,512
"Sony Monitor",SKU-004437,32861503,570
"HP Monitor",SKU-004438,18967631,467
"Dell Monitor",SKU-004439,35091479,309
"Apple Laptop",SKU-004440,38098486,33
"Samsung Smartphone",SKU-004441,9064880,462
"Apple Camera",SKU-004442,45808052,20
"Apple Smartphone",SKU-004443,3277841,981
"Apple Monitor",SKU-004444,40754835,404
"Sony Laptop",SKU-004445,17768905,468
"Dell Tablet",SKU-004446,46596438,390
"Samsung Laptop",SKU-004447,32461089,380
"Sony Smartphone",SKU-004448,29182837,537
"Apple Camera",SKU-004449,19093982,786
"Apple Camera",SKU-004450,20637963,640
"Sony Laptop",SKU-004451,16650220,583
"Samsung Tablet",SKU-004452,8027129,593
"Apple Tablet",SKU-004453,33621587,624
"Apple Tablet",SKU-004454,33143380,116
"HP Laptop",SKU-004455,35461384,154
"Apple Laptop",SKU-004456,8507523,186
"Dell Laptop",SKU-004457,14394347,350
"Sony Monitor",SKU-004458,25019078,50
"Sony Tablet",SKU-004459,1199410,110
"Dell Smartphone",SKU-004460,13690727,319
"Samsung Tablet",SKU-004461,14039680,537
"Dell Monitor",SKU-004462,27711232,301
"Samsung Monitor",SKU-004463,29864497,692
"Sony Monitor",SKU-004464,21160755,956
"Sony Monitor",SKU-004465,7540661,192
"Apple Laptop",SKU-004466,26537178,513
"Apple Smartphone",SKU-004467,46836878,865
"HP Laptop",SKU-004468,34365705,761
"Apple Smartphone",SKU-004469,8266789,563
"HP Smartphone",SKU-004470,35464289,570
"HP Monitor",SKU-004471,21173316,900
"Apple Laptop",SKU-004472,15664319,333
"Sony Monitor",SKU-004473,8636697,848
"Samsung Laptop",SKU-004474,23223902,49
"Sony Monitor",SKU-004475,4904213,665
"Samsung Smartphone",SKU-004476,46841046,459
"Dell Laptop",SKU-004477,46782073,656
"Sony Camera",SKU-004478,38585498,18
"Sony Monitor",SKU-004479,37722758,1
"Samsung Tablet",SKU-004480,34105687,651
"HP Camera",SKU-004481,45289433,278
"Apple Camera",SKU-004482,29212504,2
"Dell Smartphone",SKU-004483,23406984,138
"Samsung Monitor",SKU-004484,30765151,375
"Samsung Tablet",SKU-004485,19334201,424
"Dell Laptop",SKU-004486,37566645,655
"HP Laptop",SKU-004487,2816194,914
"Apple Laptop",SKU-004488,1774639,747
"Apple Monitor",SKU-004489,9929773,210
"Apple Tablet",SKU-004490,14544577,402
"Sony Monitor",SKU-004491,34081274,92
"HP Laptop",SKU-004492,47628110,0
"Apple Laptop",SKU-004493,13048842,420
"Apple Camera",SKU-004494,36315636,206
"Samsung Monitor",SKU-004495,7675941,748
"Sony Camera",SKU-004496,35666055,620
"Samsung Laptop",SKU-004497,18310417,801
"Samsung Tablet",SKU-004498,20276200,726
"Sony Camera",SKU-004499,10368876,611
"HP Laptop",SKU-004500,20180310,876
"Samsung Monitor",SKU-004501,33922535,329
"Dell Laptop",SKU-004502,47106720,6
"Dell Laptop",SKU-004503,2391676,376
"Sony Tablet",SKU-004504,42337633,861
"Apple Camera",SKU-004505,6215767,255
"Dell Camera",SKU-004506,44607391,437
"Sony Smartphone",SKU-004507,5574325,718
"Apple Monitor",SKU-004508,26829080,746
"Samsung Tablet",SKU-004509,8335266,312
"Sony Monitor",SKU-004510,19668620,677
"Sony Smartphone",SKU-004511,35904348,279
"Sony Monitor",SKU-004512,38120959,292
"Sony Smartphone",SKU-004513,4185236,659
"HP Monitor",SKU-004514,16308458,784
"Samsung Camera",SKU-004515,9480492,243
"Dell Smartphone",SKU-004516,40086287,759
"Sony Tablet",SKU-004517,12658960,318
"Dell Tablet",SKU-004518,15131597,452
"Dell Laptop",SKU-004519,27894380,688
"Apple Laptop",SKU-004520,40830575,978
"Dell Laptop",SKU-004521,41317354,424
"Dell Smartphone",SKU-004522,15915263,639
"Sony Camera",SKU-004523,5984568,564
"Dell Monitor",SKU-004524,34374142,790
"Sony Tablet",SKU-004525,12606483,841
"Sony Smartphone",SKU-004526,33781743,291
"Dell Laptop",SKU-004527,27061941,885
"Apple Smartphone",SKU-004528,40257215,829
"Dell Tablet",SKU-004529,2196443,143
"HP Camera",SKU-004530,14313440,38
"Samsung Laptop",SKU-004531,33757433,766
"Apple Camera",SKU-004532,41580763,547
"Sony Laptop",SKU-004533,3654570,503
"HP Tablet",SKU-004534,30788568,485
"Samsung Monitor",SKU-004535,45804315,752
"Apple Camera",SKU-004536,9511996,981
"Sony Smartphone",SKU-004537,46349648,991
"Dell Tablet",SKU-004538,22467569,892
"HP Monitor",SKU-004539,11905815,103
"HP Tablet",SKU-004540,15731926,629
"Sony Monitor",SKU-004541,10854349,742
"HP Monitor",SKU-004542,19592071,510
"Sony Smartphone",SKU-004543,6397059,375
"Samsung Camera",SKU-004544,19286324,577
"Sony Smartphone",SKU-004545,12204976,455
"Dell Monitor",SKU-004546,12960932,935
"Dell Smartphone",SKU-004547,28321270,484
"Samsung Tablet",SKU-004548,18312800,727
"Sony Laptop",SKU-004549,42695748,588
"Dell Smartphone",SKU-004550,5974079,259
"Apple Tablet",SKU-004551,43570496,839
"Samsung Tablet",SKU-004552,10611795,772
"Samsung Monitor",SKU-004553,34835063,52
"HP Camera",SKU-004554,36019387,177
"Sony Camera",SKU-004555,17252691,107
"Dell Monitor",SKU-004556,27244640,262
"HP Camera",SKU-004557,5437283,150
"HP Smartphone",SKU-004558,49596478,265
"Samsung Smartphone",SKU-004559,33456559,643
"Samsung Tablet",SKU-004560,10572504,922
"Dell Tablet",SKU-004561,49645098,279
"HP Tablet",SKU-004562,12540011,504
"Dell Camera",SKU-004563,14363528,759
"Dell Laptop",SKU-004564,28016348,902
"Samsung Camera",SKU-004565,48906516,642
"Samsung Tablet",SKU-004566,36991078,778
"Samsung Camera",SKU-004567,9070926,139
"Sony Camera",SKU-004568,49586049,638
"HP Smartphone",SKU-004569,4416099,828
"Dell Camera",SKU-004570,35042806,864
"Sony Smartphone",SKU-004571,30387786,612
"Samsung Smartphone",SKU-004572,26669866,233
"HP Monitor",SKU-004573,44221386,925
"Sony Laptop",SKU-004574,33890303,108
"HP Tablet",SKU-004575,36428124,83
"Samsung Camera",SKU-004576,37756254,306
"Sony Monitor",SKU-004577,25266901,591
"Samsung Monitor",SKU-004578,32904394,319
"Samsung Tablet",SKU-004579,19596360,107
"Samsung Tablet",SKU-004580,3324525,373
"Samsung Laptop",SKU-004581,29979268,102
"HP Smartphone",SKU-004582,20614992,190
"Samsung Tablet",SKU-004583,38501053,97
"Samsung Smartphone",SKU-004584,13039788,975
"HP Monitor",SKU-004585,6772712,893
"Apple Camera",SKU-004586,19696972,990
"HP Laptop",SKU-004587,40417661,747
"Apple Camera",SKU-004588,31480359,930
"Samsung Smartphone",SKU-004589,43312208,453
"Apple Camera",SKU-004590,8853714,416
"Dell Laptop",SKU-004591,11613978,734
"Samsung Camera",SKU-004592,37046038,469
"Dell Laptop",SKU-004593,8011733,784
"Apple Tablet",SKU-004594,46961060,32
"HP Tablet",SKU-004595,18882942,903
"HP Monitor",SKU-004596,4125240,842
"Samsung Tablet",SKU-004597,48432192,788
"HP Monitor",SKU-004598,25263935,25
"Apple Smartphone",SKU-004599,27645993,517
"Sony Laptop",SKU-004600,45490779,114
"HP Monitor",SKU-004601,32245712,784
"Sony Monitor",SKU-004602,34793894,553
"Sony Monitor",SKU-004603,3272590,141
"Apple Camera",SKU-004604,21771095,398
"Apple Monitor",SKU-004605,13974626,959
"Dell Laptop",SKU-004606,14045954,331
"Sony Tablet",SKU-004607,7746231,730
"HP Laptop",SKU-004608,22438405,150
"HP Camera",SKU-004609,42964195,148
"Apple Smartphone",SKU-004610,17367537,351
"HP Smartphone",SKU-004611,49389090,835
"Samsung Camera",SKU-004612,26839330,82
"Samsung Camera",SKU-004613,45869194,84
"Sony Monitor",SKU-004614,14196765,746
"HP Camera",SKU-004615,4363825,762
"Dell Smartphone",SKU-004616,2049948,967
"Samsung Monitor",SKU-004617,49667445,936
"HP Laptop",SKU-004618,3431813,120
"HP Laptop",SKU-004619,47923157,468
"Apple Tablet",SKU-004620,21419533,45
"Dell Tablet",SKU-004621,41747585,385
"Apple Smartphone",SKU-004622,43520431,910
"Sony Smartphone",SKU-004623,34606196,381
"Dell Laptop",SKU-004624,42262583,667
"Samsung Camera",SKU-004625,15364322,766
"HP Laptop",SKU-004626,13666639,866
"HP Monitor",SKU-004627,36617210,355
"HP Smartphone",SKU-004628,24531664,187
"HP Smartphone",SKU-004629,34967681,193
"HP Laptop",SKU-004630,38870635,922
"HP Laptop",SKU-004631,1036485,417
"Samsung Laptop",SKU-004632,31825649,780
"Sony Monitor",SKU-004633,8646739,452
"Sony Tablet",SKU-004634,8105137,312
"Dell Laptop",SKU-004635,4457368,289
"HP Monitor",SKU-004636,19911297,286
"Dell Camera",SKU-004637,36059146,4
"HP Tablet",SKU-004638,37027360,563
"Dell Laptop",SKU-004639,38808720,770
"HP Laptop",SKU-004640,17179639,299
"Samsung Camera",SKU-004641,45886664,676
"Sony Laptop",SKU-004642,19269907,428
"Samsung Smartphone",SKU-004643,44359945,964
"HP Laptop",SKU-004644,44857372,626
"Dell Tablet",SKU-004645,36996443,283
"HP Tablet",SKU-004646,12296812,392
"Samsung Monitor",SKU-004647,33852945,174
"HP Smartphone",SKU-004648,8670632,859
"Samsung Smartphone",SKU-004649,14826899,431
"Apple Smartphone",SKU-004650,28677254,473
"Samsung Camera",SKU-004651,11542196,794
"Samsung Camera",SKU-004652,37341598,205
"HP Monitor",SKU-004653,3845852,353
"HP Tablet",SKU-004654,49391762,10
"HP Camera",SKU-004655,32186637,758
"Sony Smartphone",SKU-004656,28800489,535
"Samsung Tablet",SKU-004657,30459151,778
"HP Laptop",SKU-004658,49708607,599
"Dell Smartphone",SKU-004659,5253123,38
"Dell Laptop",SKU-004660,12657155,234
"HP Camera",SKU-004661,13982077,663
"Samsung Camera",SKU-004662,39298562,618
"Dell Tablet",SKU-004663,26133989,679
"Apple Laptop",SKU-004664,33732672,722
"Dell Tablet",SKU-004665,2199427,649
"Sony Laptop",SKU-004666,34659322,933
"Sony Camera",SKU-004667,12684221,143
"Samsung Tablet",SKU-004668,41006721,85
"Samsung Monitor",SKU-004669,27987624,868
"Dell Laptop",SKU-004670,8876029,390
"Samsung Monitor",SKU-004671,5607972,532
"Apple Monitor",SKU-004672,48914416,822
"Dell Monitor",SKU-004673,17947891,687
"HP Tablet",SKU-004674,32476232,34
"Sony Monitor",SKU-004675,27992820,725
"Samsung Tablet",SKU-004676,41567341,479
"Dell Monitor",SKU-004677,4703134,806
"Sony Tablet",SKU-004678,22519919,300
"Dell Laptop",SKU-004679,6531313,842
"Sony Smartphone",SKU-004680,13891078,985
"Sony Camera",SKU-004681,3023937,637
"Sony Camera",SKU-004682,43109852,554
"Samsung Tablet",SKU-004683,49424042,886
"HP Monitor",SKU-004684,23588422,73
"Apple Camera",SKU-004685,15343406,162
"Samsung Smartphone",SKU-004686,5576262,116
"HP Camera",SKU-004687,12667539,358
"Samsung Smartphone",SKU-004688,49601464,269
"Samsung Camera",SKU-004689,35908190,163
"HP Camera",SKU-004690,3460960,797
"Sony Smartphone",SKU-004691,44586442,377
"Dell Laptop",SKU-004692,43767969,184
"Sony Camera",SKU-004693,11612357,471
"HP Tablet",SKU-004694,31459265,284
"Samsung Smartphone",SKU-004695,7857682,394
"HP Smartphone",SKU-004696,4262300,383
"Apple Smartphone",SKU-004697,44293338,577
"Sony Laptop",SKU-004698,37614409,609
"Apple Monitor",SKU-004699,28347761,448
"Sony Camera",SKU-004700,5350904,491
"Dell Laptop",SKU-004701,44216190,34
"Samsung Camera",SKU-004702,43311637,415
"Apple Tablet",SKU-004703,38774356,640
"Samsung Monitor",SKU-004704,6742145,922
"Sony Monitor",SKU-004705,2555457,678
"Sony Monitor",SKU-004706,28179737,261
"Dell Smartphone",SKU-004707,30800433,680
"Apple Monitor",SKU-004708,8453559,849
"Samsung Monitor",SKU-004709,42532048,236
"Sony Smartphone",SKU-004710,12182380,198
"Dell Camera",SKU-004711,20638473,302
"Dell Camera",SKU-004712,12925049,389
"HP Tablet",SKU-004713,49675448,26
"Apple Tablet",SKU-004714,1489955,388
"Samsung Tablet",SKU-004715,24124549,907
"HP Smartphone",SKU-004716,41001581,921
"HP Tablet",SKU-004717,8062508,529
"Samsung Tablet",SKU-004718,31519260,688
"Dell Tablet",SKU-004719,5057158,756
"Apple Laptop",SKU-004720,8722966,953
"Dell Camera",SKU-004721,46015038,647
"Samsung Monitor",SKU-004722,8007746,986
"Apple Camera",SKU-004723,20327965,637
"Sony Laptop",SKU-004724,40796031,735
"Apple Monitor",SKU-004725,27143972,246
"HP Tablet",SKU-004726,30133988,805
"Apple Camera",SKU-004727,28220767,876
"Sony Smartphone",SKU-004728,39385963,353
"Sony Tablet",SKU-004729,2606106,558
"Sony Laptop",SKU-004730,36379216,119
"HP Camera",SKU-004731,44888383,132
"Apple Camera",SKU-004732,42954072,540
"Dell Camera",SKU-004733,17559747,88
"Dell Tablet",SKU-004734,45644104,58
"HP Monitor",SKU-004735,14510811,56
"Samsung Monitor",SKU-004736,38907006,246
"Sony Smartphone",SKU-004737,6526388,348
"Apple Monitor",SKU-004738,27909831,154
"Sony Smartphone",SKU-004739,37777464,22
"Apple Tablet",SKU-004740,19713364,688
"Dell Monitor",SKU-004741,39982076,265
"HP Laptop",SKU-004742,43350529,225
"Samsung Laptop",SKU-004743,15852148,741
"Dell Laptop",SKU-004744,39935208,828
"HP Tablet",SKU-004745,30768686,138
"Samsung Smartphone",SKU-004746,6966948,398
"Sony Laptop",SKU-004747,30654232,780
"Dell Laptop",SKU-004748,20095814,290
"Samsung Monitor",SKU-004749,6938751,822
"Samsung Tablet",SKU-004750,39141860,31
"HP Camera",SKU-004751,22276020,671
"Sony Tablet",SKU-004752,32877398,968
"Dell Smartphone",SKU-004753,15307343,527
"HP Smartphone",SKU-004754,36162333,254
"Apple Tablet",SKU-004755,22219198,384
"HP Smartphone",SKU-004756,25583203,128
"Sony Camera",SKU-004757,36762336,546
"HP Monitor",SKU-004758,47962618,50
"HP Camera",SKU-004759,21151668,326
"Dell Monitor",SKU-004760,8555463,301
"Sony Camera",SKU-004761,23303560,936
"HP Monitor",SKU-004762,31718960,871
"Samsung Laptop",SKU-004763,40339099,315
"Sony Smartphone",SKU-004764,25680706,588
"Samsung Laptop",SKU-004765,29258608,699
"Dell Camera",SKU-004766,10371793,599
"Sony Smartphone",SKU-004767,35755564,519
"Apple Tablet",SKU-004768,17232377,450
"Sony Smartphone",SKU-004769,11286122,583
"HP Monitor",SKU-004770,16647956,702
"Samsung Smartphone",SKU-004771,40256184,540
"Dell Laptop",SKU-004772,28339607,376
"Apple Monitor",SKU-004773,10886075,185
"Sony Laptop",SKU-004774,45780182,917
"Sony Camera",SKU-004775,42318294,948
"Dell Monitor",SKU-004776,47616787,953
"Apple Camera",SKU-004777,38994570,931
"Samsung Monitor",SKU-004778,31888658,932
"Dell Camera",SKU-004779,31295379,786
"Apple Tablet",SKU-004780,18727746,805
"Samsung Tablet",SKU-004781,38849515,967
"Apple Tablet",SKU-004782,32833765,291
"Sony Smartphone",SKU-004783,36549759,793
"Sony Monitor",SKU-004784,49281710,876
"Samsung Camera",SKU-004785,30655307,777
"Samsung Camera",SKU-004786,33258182,203
"Sony Tablet",SKU-004787,48146834,785
"Samsung Monitor",SKU-004788,36105234,790
"Samsung Laptop",SKU-004789,47032941,957
"Samsung Monitor",SKU-004790,21189675,36
"HP Tablet",SKU-004791,23488430,876
"Samsung Camera",SKU-004792,6645942,892
"Apple Camera",SKU-004793,18172513,502
"Apple Laptop",SKU-004794,6772756,601
"Dell Tablet",SKU-004795,12331964,485
"Sony Smartphone",SKU-004796,42957073,324
"Apple Tablet",SKU-004797,32282696,185
"Dell Laptop",SKU-004798,13613631,410
"Samsung Tablet",SKU-004799,10755906,805
"HP Tablet",SKU-004800,9817609,396
"Sony Camera",SKU-004801,9797301,403
"HP Laptop",SKU-004802,32228147,645
"Apple Smartphone",SKU-004803,30270777,365
"Sony Tablet",SKU-004804,44523397,562
"Sony Smartphone",SKU-004805,20719372,686
"Dell Smartphone",SKU-004806,16996652,743
"Apple Camera",SKU-004807,46048499,555
"Sony Camera",SKU-004808,13899996,7
"Sony Laptop",SKU-004809,15428610,977
"Apple Laptop",SKU-004810,32926387,201
"HP Laptop",SKU-004811,38499871,752
"Samsung Monitor",SKU-004812,13620142,442
"Samsung Monitor",SKU-004813,34826718,718
"Samsung Tablet",SKU-004814,41686478,359
"HP Tablet",SKU-004815,46278464,113
"Samsung Monitor",SKU-004816,49784533,787
"Sony Laptop",SKU-004817,49456604,516
"Apple Laptop",SKU-004818,46189343,316
"HP Monitor",SKU-004819,38103992,22
"HP Smartphone",SKU-004820,14689759,118
"HP Monitor",SKU-004821,49812876,437
"Samsung Camera",SKU-004822,1297908,487
"HP Monitor",SKU-004823,15621962,50
"Samsung Smartphone",SKU-004824,19542531,9
"Dell Laptop",SKU-004825,26166403,411
"Dell Smartphone",SKU-004826,45393548,786
"HP Monitor",SKU-004827,28283620,816
"HP Monitor",SKU-004828,43903365,829
"Sony Monitor",SKU-004829,16332418,963
"Samsung Monitor",SKU-004830,25526770,630
"HP Camera",SKU-004831,33093154,306
"Samsung Laptop",SKU-004832,42159751,873
"HP Camera",SKU-004833,38166370,201
"Apple Monitor",SKU-004834,47585139,162
"HP Camera",SKU-004835,48412865,681
"Dell Monitor",SKU-004836,28209635,289
"Apple Monitor",SKU-004837,27448197,171
"Sony Monitor",SKU-004838,9072002,665
"HP Camera",SKU-004839,37279114,914
"Dell Tablet",SKU-004840,5666476,563
"Dell Smartphone",SKU-004841,6386856,163
"HP Camera",SKU-004842,25293651,164
"HP Monitor",SKU-004843,38988583,470
"Sony Camera",SKU-004844,38967507,960
"Samsung Smartphone",SKU-004845,15524979,943
"Dell Laptop",SKU-004846,37992294,852
"Apple Tablet",SKU-004847,49222925,740
"Dell Camera",SKU-004848,28865396,333
"Apple Tablet",SKU-004849,49203912,649
"HP Laptop",SKU-004850,2661559,82
"Apple Tablet",SKU-004851,45434482,826
"Samsung Laptop",SKU-004852,11006788,524
"HP Camera",SKU-004853,36055537,78
"HP Monitor",SKU-004854,21066401,836
"Dell Tablet",SKU-004855,10886877,0
"Apple Laptop",SKU-004856,44250442,840
"Samsung Smartphone",SKU-004857,2799694,310
"HP Tablet",SKU-004858,36078315,703
"Dell Smartphone",SKU-004859,48149203,316
"HP Smartphone",SKU-004860,20550640,326
"Dell Tablet",SKU-004861,25400939,668
"HP Laptop",SKU-004862,29822125,697
"Dell Laptop",SKU-004863,4152644,666
"HP Smartphone",SKU-004864,47284021,991
"Dell Smartphone",SKU-004865,40184776,887
"Samsung Monitor",SKU-004866,20149247,648
"Apple Laptop",SKU-004867,21025860,410
"Dell Laptop",SKU-004868,15729049,118
"Sony Tablet",SKU-004869,1102851,392
"Dell Laptop",SKU-004870,41940482,315
"Apple Monitor",SKU-004871,48555330,42
"HP Camera",SKU-004872,18498264,477
"Sony Laptop",SKU-004873,11719866,458
"Samsung Monitor",SKU-004874,5842670,572
"Dell Smartphone",SKU-004875,40172214,129
"Samsung Monitor",SKU-004876,31954090,418
"Apple Laptop",SKU-004877,39995571,903
"HP Laptop",SKU-004878,7067964,501
"Samsung Camera",SKU-004879,20206180,393
"Dell Smartphone",SKU-004880,48309678,329
"Samsung Camera",SKU-004881,45135805,118
"Sony Camera",SKU-004882,46680843,766
"Samsung Monitor",SKU-004883,19173358,273
"Sony Smartphone",SKU-004884,32170843,959
"Sony Smartphone",SKU-004885,23220923,51
"Dell Monitor",SKU-004886,5484816,963
"Sony Smartphone",SKU-004887,49621307,425
"Samsung Camera",SKU-004888,48656291,586
"Dell Camera",SKU-004889,20715086,855
"Dell Smartphone",SKU-004890,25595587,924
"Sony Camera",SKU-004891,3876827,489
"Samsung Monitor",SKU-004892,33383208,406
"Samsung Laptop",SKU-004893,44866884,62
"HP Smartphone",SKU-004894,39731458,369
"Samsung Camera",SKU-004895,18022123,177
"Dell Monitor",SKU-004896,6323243,290
"HP Monitor",SKU-004897,26905775,126
"Apple Tablet",SKU-004898,3835482,38
"Apple Camera",SKU-004899,45644432,187
"Sony Tablet",SKU-004900,18061635,46
"HP Laptop",SKU-004901,49807973,604
"Samsung Monitor",SKU-004902,1785474,350
"Sony Laptop",SKU-004903,35619383,338
"HP Tablet",SKU-004904,39640983,541
"Samsung Laptop",SKU-004905,13910021,298
"Dell Camera",SKU-004906,23074066,956
"Samsung Laptop",SKU-004907,49689565,847
"Samsung Camera",SKU-004908,18480216,154
"Dell Tablet",SKU-004909,35660128,275
"HP Smartphone",SKU-004910,9719775,163
"Samsung Monitor",SKU-004911,42023570,266
"Apple Smartphone",SKU-004912,3549514,842
"Sony Monitor",SKU-004913,15904207,185
"Sony Smartphone",SKU-004914,47360257,172
"Sony Camera",SKU-004915,23957861,851
"Dell Smartphone",SKU-004916,34234063,141
"Sony Smartphone",SKU-004917,32258074,880
"Samsung Laptop",SKU-004918,49769603,870
"Samsung Monitor",SKU-004919,11118063,210
"Sony Smartphone",SKU-004920,8823786,174
"HP Laptop",SKU-004921,41858067,829
"HP Monitor",SKU-004922,20893740,930
"HP Smartphone",SKU-004923,23902162,53
"HP Tablet",SKU-004924,11137143,281
"Apple Smartphone",SKU-004925,20743710,90
"Sony Smartphone",SKU-004926,6088719,742
"Apple Tablet",SKU-004927,22796665,968
"HP Camera",SKU-004928,16035359,812
"Sony Laptop",SKU-004929,25058836,811
"Dell Smartphone",SKU-004930,14549099,860
"Dell Smartphone",SKU-004931,49864617,19
"Samsung Laptop",SKU-004932,45452859,592
"Samsung Monitor",SKU-004933,49384006,683
"Sony Camera",SKU-004934,20333864,117
"Dell Camera",SKU-004935,38921766,464
"Dell Tablet",SKU-004936,30535154,430
"Apple Tablet",SKU-004937,35458658,13
"Apple Tablet",SKU-004938,38680384,226
"HP Camera",SKU-004939,42102000,266
"Dell Laptop",SKU-004940,22671561,719
"Sony Monitor",SKU-004941,10796243,805
"HP Monitor",SKU-004942,13776378,883
"Sony Laptop",SKU-004943,19413078,999
"HP Camera",SKU-004944,23922572,335
"Sony Smartphone",SKU-004945,49205399,595
"Dell Smartphone",SKU-004946,23698043,132
"HP Smartphone",SKU-004947,42835288,132
"Dell Smartphone",SKU-004948,18317635,47
"HP Tablet",SKU-004949,22133697,518
"Apple Camera",SKU-004950,39521866,339
"Sony Laptop",SKU-004951,5688933,786
"HP Smartphone",SKU-004952,35524810,707
"HP Camera",SKU-004953,29820420,726
"Samsung Tablet",SKU-004954,31680925,430
"Samsung Camera",SKU-004955,26338049,607
"Dell Smartphone",SKU-004956,36094603,586
"HP Smartphone",SKU-004957,28828734,425
"Dell Smartphone",SKU-004958,49742509,920
"HP Tablet",SKU-004959,47686812,368
"HP Monitor",SKU-004960,15079775,292
"Apple Smartphone",SKU-004961,44607095,592
"Dell Laptop",SKU-004962,46840575,892
"Sony Smartphone",SKU-004963,41611071,685
"Sony Tablet",SKU-004964,44878800,918
"Samsung Laptop",SKU-004965,16558385,167
"Samsung Tablet",SKU-004966,48823506,360
"Apple Smartphone",SKU-004967,9013021,751
"HP Smartphone",SKU-004968,3616564,341
"Sony Smartphone",SKU-004969,10499572,277
"Dell Monitor",SKU-004970,11435252,966
"Samsung Camera",SKU-004971,49512422,403
"Dell Tablet",SKU-004972,40628063,214
"Sony Monitor",SKU-004973,37048361,484
"HP Tablet",SKU-004974,14925297,51
"Samsung Camera",SKU-004975,8609489,0
"HP Tablet",SKU-004976,27304877,839
"Apple Tablet",SKU-004977,5243087,630
"Apple Camera",SKU-004978,7725221,193
"Dell Laptop",SKU-004979,19659259,210
"Apple Laptop",SKU-004980,27449190,324
"HP Laptop",SKU-004981,44467457,385
"Dell Smartphone",SKU-004982,15050494,230
"HP Smartphone",SKU-004983,35697648,737
"Sony Camera",SKU-004984,18691133,877
"Samsung Tablet",SKU-004985,5765564,74
"Apple Tablet",SKU-004986,1831861,384
"HP Tablet",SKU-004987,14836853,32
"HP Laptop",SKU-004988,10664730,723
"Samsung Tablet",SKU-004989,3676296,788
"Dell Smartphone",SKU-004990,47611654,152
"HP Camera",SKU-004991,42700661,219
"Samsung Camera",SKU-004992,29523455,205
"Sony Tablet",SKU-004993,8590210,900
"Dell Monitor",SKU-004994,41689666,297
"HP Laptop",SKU-004995,17148734,258
"Apple Laptop",SKU-004996,23275556,835
"Samsung Camera",SKU-004997,41428760,928
"Apple Laptop",SKU-004998,24503008,443
"Samsung Tablet",SKU-004999,27518102,224
"HP Monitor",SKU-005000,4737418,108
"HP Tablet",SKU-005001,35050099,266
"Samsung Tablet",SKU-005002,6821138,246
"Dell Tablet",SKU-005003,20483790,418
"Sony Monitor",SKU-005004,24868292,297
"Apple Tablet",SKU-005005,26838031,870
"Apple Smartphone",SKU-005006,1011476,45
"Apple Monitor",SKU-005007,23185465,373
"Apple Tablet",SKU-005008,6564773,936
"Dell Camera",SKU-005009,6819761,560
"HP Camera",SKU-005010,35765036,663
"HP Smartphone",SKU-005011,2276282,945
"Apple Tablet",SKU-005012,42596525,268
"Dell Smartphone",SKU-005013,14743065,364
"Samsung Camera",SKU-005014,18587473,220
"Samsung Smartphone",SKU-005015,28788936,424
"Apple Monitor",SKU-005016,18415894,825
"HP Camera",SKU-005017,6395353,607
"Dell Monitor",SKU-005018,32199291,427
"HP Tablet",SKU-005019,46708554,142
"HP Smartphone",SKU-005020,21173972,164
"Dell Camera",SKU-005021,1193061,966
"Sony Smartphone",SKU-005022,31063674,800
"HP Monitor",SKU-005023,47213710,120
"HP Tablet",SKU-005024,32832053,197
"Dell Laptop",SKU-005025,29611973,959
"Apple Tablet",SKU-005026,43457678,133
"Sony Monitor",SKU-005027,39425821,490
"Sony Smartphone",SKU-005028,11516866,425
"HP Monitor",SKU-005029,23753976,804
"Samsung Smartphone",SKU-005030,13787254,84
"Dell Smartphone",SKU-005031,28017360,389
"Apple Camera",SKU-005032,4133694,446
"Sony Tablet",SKU-005033,38210079,96
"Samsung Tablet",SKU-005034,33638215,805
"Dell Smartphone",SKU-005035,23832935,623
"Samsung Tablet",SKU-005036,11433330,458
"Sony Smartphone",SKU-005037,35386123,980
"Dell Camera",SKU-005038,36791100,545
"Dell Monitor",SKU-005039,28981898,961
"HP Smartphone",SKU-005040,10011648,118
"Dell Smartphone",SKU-005041,25982047,942
"Apple Smartphone",SKU-005042,41364826,446
"HP Laptop",SKU-005043,31792891,262
"Sony Monitor",SKU-005044,25925605,444
"Apple Monitor",SKU-005045,32482459,375
"HP Monitor",SKU-005046,15215521,649
"Dell Smartphone",SKU-005047,35767193,507
"Sony Camera",SKU-005048,4727620,974
"Samsung Camera",SKU-005049,1900420,647
"Dell Monitor",SKU-005050,29789140,215
"Samsung Camera",SKU-005051,4138917,409
"Dell Camera",SKU-005052,48399312,837
"Dell Monitor",SKU-005053,6044716,883
"Samsung Monitor",SKU-005054,7883086,3
"Apple Monitor",SKU-005055,12285017,668
"Samsung Laptop",SKU-005056,9341763,73
"Samsung Monitor",SKU-005057,5202056,505
"Apple Tablet",SKU-005058,48744661,888
"Samsung Smartphone",SKU-005059,44091371,612
"Samsung Smartphone",SKU-005060,1592629,372
"Dell Laptop",SKU-005061,17634223,435
"Samsung Smartphone",SKU-005062,47886764,40
"Sony Laptop",SKU-005063,36302539,445
"Dell Laptop",SKU-005064,46829286,41
"Samsung Smartphone",SKU-005065,28745466,170
"Dell Monitor",SKU-005066,46967097,967
"HP Camera",SKU-005067,33066579,80
"HP Smartphone",SKU-005068,3212296,416
"Samsung Smartphone",SKU-005069,15451409,760
"HP Smartphone",SKU-005070,25774734,153
"Apple Camera",SKU-005071,35712513,37
"Apple Tablet",SKU-005072,23133228,808
"HP Camera",SKU-005073,45519722,272
"Samsung Smartphone",SKU-005074,46685896,737
"Dell Camera",SKU-005075,48261522,7
"Apple Laptop",SKU-005076,19021363,218
"Sony Smartphone",SKU-005077,46719185,563
"Samsung Tablet",SKU-005078,40357077,180
"Samsung Camera",SKU-005079,41426783,651
"Apple Laptop",SKU-005080,8010158,327
"HP Laptop",SKU-005081,8740817,356
"HP Laptop",SKU-005082,4191328,910
"Dell Tablet",SKU-005083,23928514,976
"Samsung Tablet",SKU-005084,27598575,938
"HP Camera",SKU-005085,1279519,575
"Samsung Laptop",SKU-005086,30719255,173
"Apple Monitor",SKU-005087,48509854,512
"Dell Smartphone",SKU-005088,28360798,513
"Apple Camera",SKU-005089,27568508,984
"HP Tablet",SKU-005090,22061021,188
"HP Smartphone",SKU-005091,44903179,890
"HP Monitor",SKU-005092,2724376,974
"Dell Camera",SKU-005093,15380420,676
"HP Smartphone",SKU-005094,43125665,501
"Sony Tablet",SKU-005095,15750359,364
"HP Monitor",SKU-005096,34026668,253
"Sony Laptop",SKU-005097,22052629,701
"Apple Camera",SKU-005098,5167650,185
"Dell Laptop",SKU-005099,23726868,73
"Dell Tablet",SKU-005100,1935840,662
"Sony Smartphone",SKU-005101,38122318,936
"Apple Monitor",SKU-005102,44319259,31
"Apple Monitor",SKU-005103,17349699,199
"Dell Smartphone",SKU-005104,1042896,817
"HP Camera",SKU-005105,19382122,796
"Dell Smartphone",SKU-005106,22179080,110
"HP Smartphone",SKU-005107,30417182,678
"Sony Laptop",SKU-005108,32800186,380
"Samsung Smartphone",SKU-005109,12684579,389
"Samsung Laptop",SKU-005110,22263678,884
"HP Monitor",SKU-005111,43571763,480
"Dell Tablet",SKU-005112,39652563,779
"Dell Laptop",SKU-005113,7383713,604
"HP Smartphone",SKU-005114,9389206,74
"Sony Laptop",SKU-005115,18682601,161
"Sony Camera",SKU-005116,38682254,624
"Dell Camera",SKU-005117,13835129,432
"Sony Smartphone",SKU-005118,17194625,810
"Samsung Smartphone",SKU-005119,12184807,348
"HP Smartphone",SKU-005120,28179726,406
"Apple Camera",SKU-005121,11690819,436
"Apple Monitor",SKU-005122,1052260,276
"Dell Tablet",SKU-005123,4613887,827
"HP Camera",SKU-005124,3174117,157
"Samsung Tablet",SKU-005125,27929068,872
"Sony Smartphone",SKU-005126,20481597,697
"Samsung Monitor",SKU-005127,45370358,113
"Apple Smartphone",SKU-005128,38332369,629
"Apple Camera",SKU-005129,20621754,83
"Sony Smartphone",SKU-005130,46968317,343
"HP Camera",SKU-005131,40813158,752
"Apple Camera",SKU-005132,24010720,222
"Dell Monitor",SKU-005133,37189007,197
"Samsung Laptop",SKU-005134,18608973,657
"Apple Laptop",SKU-005135,46825712,742
"Sony Camera",SKU-005136,32914906,703
"Dell Tablet",SKU-005137,41007610,751
"HP Tablet",SKU-005138,28644201,329
"Sony Monitor",SKU-005139,12990892,468
"HP Laptop",SKU-005140,45683450,459
"Samsung Tablet",SKU-005141,33002042,84
"Apple Camera",SKU-005142,10872969,562
"Samsung Tablet",SKU-005143,3212726,137
"HP Camera",SKU-005144,42328214,722
"Apple Camera",SKU-005145,42060850,682
"Dell Tablet",SKU-005146,9269241,220
"HP Monitor",SKU-005147,33650405,921
"Apple Monitor",SKU-005148,26606967,586
"Sony Laptop",SKU-005149,28660059,180
"Apple Laptop",SKU-005150,42802985,675
"Sony Monitor",SKU-005151,23052457,111
"Samsung Monitor",SKU-005152,26132817,149
"Samsung Monitor",SKU-005153,4424245,213
"Samsung Laptop",SKU-005154,42050596,723
"Sony Smartphone",SKU-005155,20991705,497
"Samsung Laptop",SKU-005156,28460984,288
"Dell Laptop",SKU-005157,36450903,960
"HP Laptop",SKU-005158,17114600,529
"Samsung Camera",SKU-005159,25420693,678
"HP Monitor",SKU-005160,41597945,941
"Samsung Laptop",SKU-005161,25688523,208
"Apple Tablet",SKU-005162,21215861,399
"Apple Tablet",SKU-005163,31895447,191
"Samsung Tablet",SKU-005164,28020388,509
"Sony Tablet",SKU-005165,20797465,977
"HP Smartphone",SKU-005166,35191759,835
"Dell Tablet",SKU-005167,8486000,256
"HP Camera",SKU-005168,24422469,88
"HP Camera",SKU-005169,40087242,478
"Samsung Smartphone",SKU-005170,43918854,916
"HP Laptop",SKU-005171,29854872,683
"Dell Smartphone",SKU-005172,28269407,697
"Apple Camera",SKU-005173,14871137,136
"Apple Monitor",SKU-005174,45454930,755
"HP Tablet",SKU-005175,4325837,219
"Dell Laptop",SKU-005176,49819147,665
"Apple Tablet",SKU-005177,1298280,548
"Samsung Camera",SKU-005178,48044882,971
"Dell Monitor",SKU-005179,23276845,852
"Samsung Tablet",SKU-005180,48647168,779
"Apple Laptop",SKU-005181,25994906,970
"Dell Monitor",SKU-005182,11734544,307
"Samsung Monitor",SKU-005183,31830883,427
"Apple Smartphone",SKU-005184,20175313,398
"HP Tablet",SKU-005185,2178213,497
"Dell Smartphone",SKU-005186,28002770,105
"Samsung Camera",SKU-005187,35066039,995
"HP Monitor",SKU-005188,33081005,193
"HP Monitor",SKU-005189,34177948,791
"Sony Tablet",SKU-005190,21065111,236
"Dell Monitor",SKU-005191,5176575,688
"Samsung Monitor",SKU-005192,49267221,81
"Sony Laptop",SKU-005193,49127476,115
"Dell Smartphone",SKU-005194,43180343,270
"Sony Camera",SKU-005195,42613154,861
"Samsung Monitor",SKU-005196,36967676,778
"Apple Tablet",SKU-005197,7451317,905
"Sony Tablet",SKU-005198,16350440,107
"HP Smartphone",SKU-005199,20716379,404
"Dell Camera",SKU-005200,48942566,146
"Apple Tablet",SKU-005201,22358271,299
"Dell Monitor",SKU-005202,49792827,112
"HP Smartphone",SKU-005203,15845361,860
"HP Laptop",SKU-005204,43108734,938
"Apple Monitor",SKU-005205,23755820,69
"HP Laptop",SKU-005206,23575007,508
"Samsung Laptop",SKU-005207,6453270,998
"Samsung Tablet",SKU-005208,38162039,189
"Apple Camera",SKU-005209,9912821,800
"Dell Laptop",SKU-005210,3097108,377
"Apple Laptop",SKU-005211,9104745,975
"Apple Tablet",SKU-005212,18599540,656
"Dell Camera",SKU-005213,21683958,95
"Sony Smartphone",SKU-005214,43685926,855
"HP Smartphone",SKU-005215,25743266,651
"Apple Laptop",SKU-005216,26079708,213
"HP Monitor",SKU-005217,47112443,139
"Dell Laptop",SKU-005218,39791618,262
"Sony Tablet",SKU-005219,19661275,374
"Samsung Laptop",SKU-005220,46968101,537
"Apple Smartphone",SKU-005221,12209799,861
"Dell Camera",SKU-005222,41582179,241
"HP Laptop",SKU-005223,34402899,245
"Dell Camera",SKU-005224,41547965,901
"Dell Smartphone",SKU-005225,49963941,15
"Dell Laptop",SKU-005226,8552616,661
"Samsung Monitor",SKU-005227,10608445,303
"Apple Smartphone",SKU-005228,31798601,964
"HP Laptop",SKU-005229,41345652,420
"Sony Monitor",SKU-005230,36006544,349
"Dell Laptop",SKU-005231,43147540,687
"HP Monitor",SKU-005232,5850295,198
"Dell Monitor",SKU-005233,41902636,76
"Sony Tablet",SKU-005234,18631430,342
"Apple Smartphone",SKU-005235,5014673,976
"Dell Smartphone",SKU-005236,24212328,338
"Dell Tablet",SKU-005237,46790898,953
"Dell Camera",SKU-005238,21441437,577
"HP Tablet",SKU-005239,49569489,948
"Apple Tablet",SKU-005240,19195263,979
"Apple Monitor",SKU-005241,24218574,844
"Apple Tablet",SKU-005242,26783526,458
"Apple Laptop",SKU-005243,35451942,570
"Sony Monitor",SKU-005244,32858111,481
"Sony Tablet",SKU-005245,23457866,79
"Sony Tablet",SKU-005246,31940861,994
"Samsung Laptop",SKU-005247,42719538,453
"Samsung Smartphone",SKU-005248,18885062,133
"Dell Laptop",SKU-005249,25901024,431
"Samsung Camera",SKU-005250,5407995,440
"Dell Monitor",SKU-005251,36719496,946
"Dell Camera",SKU-005252,3644557,434
"Apple Tablet",SKU-005253,44511634,277
"Samsung Monitor",SKU-005254,2493966,719
"HP Smartphone",SKU-005255,2497936,218
"Apple Tablet",SKU-005256,49186613,746
"Sony Smartphone",SKU-005257,22695792,673
"Sony Camera",SKU-005258,14708975,29
"Apple Smartphone",SKU-005259,11245593,515
"Apple Smartphone",SKU-005260,48683855,444
"Apple Laptop",SKU-005261,14442239,801
"Apple Tablet",SKU-005262,43809871,210
"Sony Smartphone",SKU-005263,44001526,565
"Samsung Smartphone",SKU-005264,42473413,622
"Apple Camera",SKU-005265,12492098,427
"HP Tablet",SKU-005266,34325485,671
"Dell Smartphone",SKU-005267,1276412,565
"Samsung Tablet",SKU-005268,38563599,107
"Sony Laptop",SKU-005269,25886846,589
"Sony Monitor",SKU-005270,36882416,674
"Sony Camera",SKU-005271,8940392,16
"Sony Smartphone",SKU-005272,3618639,177
"Apple Laptop",SKU-005273,39249883,744
"Sony Camera",SKU-005274,5147443,191
"Apple Camera",SKU-005275,39533964,964
"Dell Monitor",SKU-005276,13916258,337
"Apple Laptop",SKU-005277,7629797,157
"Apple Laptop",SKU-005278,1717967,273
"HP Camera",SKU-005279,11161847,315
"Dell Tablet",SKU-005280,35685033,374
"Dell Tablet",SKU-005281,15078549,177
"Apple Camera",SKU-005282,1518452,353
"Dell Laptop",SKU-005283,10529476,573
"HP Camera",SKU-005284,34609724,285
"Apple Camera",SKU-005285,19474581,754
"Sony Camera",SKU-005286,24290815,905
"Samsung Monitor",SKU-005287,43298640,957
"Samsung Smartphone",SKU-005288,29685961,253
"Sony Laptop",SKU-005289,30251237,220
"Apple Laptop",SKU-005290,3635002,529
"Sony Camera",SKU-005291,30660272,165
"Samsung Laptop",SKU-005292,48423228,944
"HP Camera",SKU-005293,15249452,65
"Dell Tablet",SKU-005294,41454260,972
"HP Tablet",SKU-005295,22727800,240
"Sony Laptop",SKU-005296,7765751,570
"Samsung Smartphone",SKU-005297,32414954,911
"HP Monitor",SKU-005298,2805183,392
"Samsung Monitor",SKU-005299,44069381,140
"Apple Smartphone",SKU-005300,24759245,607
"Apple Laptop",SKU-005301,14249036,350
"HP Camera",SKU-005302,21654286,711
"Samsung Monitor",SKU-005303,13186541,480
"Sony Laptop",SKU-005304,41170993,947
"Dell Monitor",SKU-005305,29944168,162
"Dell Camera",SKU-005306,9151078,655
"Samsung Monitor",SKU-005307,46523934,490
"Sony Camera",SKU-005308,32446709,363
"Samsung Smartphone",SKU-005309,36515092,503
"Dell Smartphone",SKU-005310,36297633,285
"Apple Camera",SKU-005311,21475126,829
"Apple Tablet",SKU-005312,2768339,798
"Apple Smartphone",SKU-005313,14152125,374
"HP Monitor",SKU-005314,41283279,720
"Dell Tablet",SKU-005315,26529046,169
"HP Smartphone",SKU-005316,41780809,905
"Samsung Monitor",SKU-005317,42384948,323
"Dell Camera",SKU-005318,1921860,125
"Dell Smartphone",SKU-005319,33964330,792
"Samsung Monitor",SKU-005320,34250002,647
"HP Tablet",SKU-005321,43437424,309
"HP Smartphone",SKU-005322,15634058,110
"Samsung Monitor",SKU-005323,29902444,928
"Dell Tablet",SKU-005324,38179228,854
"Dell Laptop",SKU-005325,42432461,105
"Dell Monitor",SKU-005326,8677697,656
"Samsung Tablet",SKU-005327,45709545,473
"Dell Camera",SKU-005328,24037364,723
"Dell Camera",SKU-005329,39134883,742
"Sony Monitor",SKU-005330,37220901,434
"HP Camera",SKU-005331,22380663,406
"Dell Tablet",SKU-005332,8755556,397
"Samsung Tablet",SKU-005333,19457254,304
"HP Monitor",SKU-005334,22157158,952
"HP Tablet",SKU-005335,14358970,450
"Dell Laptop",SKU-005336,42474525,413
"HP Tablet",SKU-005337,30292332,150
"Samsung Tablet",SKU-005338,49677475,136
"Dell Smartphone",SKU-005339,34416965,304
"Dell Smartphone",SKU-005340,11497680,784
"Sony Monitor",SKU-005341,11421788,745
"HP Tablet",SKU-005342,10539945,898
"HP Laptop",SKU-005343,39014777,741
"Dell Camera",SKU-005344,30782268,938
"Apple Camera",SKU-005345,33363949,421
"Sony Tablet",SKU-005346,42139605,167
"Samsung Smartphone",SKU-005347,49775676,421
"Sony Camera",SKU-005348,12775912,391
"Samsung Laptop",SKU-005349,14301653,98
"Samsung Laptop",SKU-005350,22100517,453
"Samsung Smartphone",SKU-005351,26192901,537
"Dell Camera",SKU-005352,24571826,520
"Apple Monitor",SKU-005353,5140332,915
"HP Tablet",SKU-005354,47698440,721
"Sony Smartphone",SKU-005355,30609818,521
"Dell Camera",SKU-005356,16466441,639
"HP Camera",SKU-005357,12727462,209
"Samsung Smartphone",SKU-005358,25414911,356
"Apple Camera",SKU-005359,2202586,651
"HP Tablet",SKU-005360,9205996,657
"Sony Smartphone",SKU-005361,13069440,37
"HP Camera",SKU-005362,9486649,635
"Apple Monitor",SKU-005363,39441763,450
"Samsung Smartphone",SKU-005364,11729563,948
"HP Laptop",SKU-005365,10259886,547
"Sony Laptop",SKU-005366,34943699,93
"Sony Camera",SKU-005367,41996501,236
"Apple Camera",SKU-005368,15044853,659
"HP Smartphone",SKU-005369,47699450,216
"Samsung Tablet",SKU-005370,2817854,277
"Samsung Camera",SKU-005371,5088474,969
"Apple Monitor",SKU-005372,36692189,598
"Dell Camera",SKU-005373,10448255,820
"Dell Monitor",SKU-005374,13718670,784
"HP Camera",SKU-005375,31801626,56
"HP Laptop",SKU-005376,6625793,905
"Samsung Smartphone",SKU-005377,2792837,176
"Samsung Smartphone",SKU-005378,44827887,897
"Apple Laptop",SKU-005379,45489794,892
"Apple Smartphone",SKU-005380,13987458,85
"HP Camera",SKU-005381,3989301,708
"Sony Camera",SKU-005382,40423378,18
"Apple Camera",SKU-005383,7334089,612
"HP Camera",SKU-005384,26044951,192
"Samsung Monitor",SKU-005385,9117138,953
"Apple Monitor",SKU-005386,9045882,972
"HP Laptop",SKU-005387,49633573,734
"Sony Monitor",SKU-005388,27288436,995
"Apple Monitor",SKU-005389,31790618,761
"HP Laptop",SKU-005390,35106680,277
"HP Camera",SKU-005391,17395509,619
"Sony Laptop",SKU-005392,10236953,867
"Dell Camera",SKU-005393,8427615,988
"Apple Camera",SKU-005394,34752619,438
"Dell Tablet",SKU-005395,41630973,794
"HP Laptop",SKU-005396,9730130,425
"Samsung Laptop",SKU-005397,34362598,686
"Apple Camera",SKU-005398,1192939,944
"Sony Camera",SKU-005399,26034094,986
"Dell Smartphone",SKU-005400,13222711,482
"HP Camera",SKU-005401,34624705,112
"HP Laptop",SKU-005402,1776596,361
"Sony Monitor",SKU-005403,6446811,104
"Dell Camera",SKU-005404,5561244,64
"Samsung Smartphone",SKU-005405,5854346,29
"HP Tablet",SKU-005406,3168391,754
"Samsung Monitor",SKU-005407,30485216,809
"HP Tablet",SKU-005408,42335381,975
"Sony Tablet",SKU-005409,22710656,439
"Apple Camera",SKU-005410,15813173,906
"Sony Monitor",SKU-005411,44039380,856
"Apple Monitor",SKU-005412,19379179,772
"Dell Monitor",SKU-005413,26849774,844
"HP Smartphone",SKU-005414,18346247,519
"HP Laptop",SKU-005415,36502683,198
"Dell Monitor",SKU-005416,43728489,361
"Apple Smartphone",SKU-005417,25768038,963
"Apple Smartphone",SKU-005418,34182851,907
"Samsung Tablet",SKU-005419,13100310,838
"HP Tablet",SKU-005420,25772713,549
"HP Camera",SKU-005421,47205924,822
"HP Camera",SKU-005422,14432304,589
"Dell Smartphone",SKU-005423,12024492,391
"Dell Tablet",SKU-005424,10025235,927
"Apple Laptop",SKU-005425,49911769,533
"Samsung Tablet",SKU-005426,46721769,584
"Dell Camera",SKU-005427,42309098,499
"Samsung Laptop",SKU-005428,13788558,47
"Apple Tablet",SKU-005429,31221470,187
"Apple Tablet",SKU-005430,28296281,978
"Apple Tablet",SKU-005431,19247771,18
"Sony Smartphone",SKU-005432,22713715,79
"Samsung Tablet",SKU-005433,45791132,629
"HP Camera",SKU-005434,37071607,315
"Samsung Smartphone",SKU-005435,16220424,451
"Samsung Laptop",SKU-005436,17299631,257
"Sony Tablet",SKU-005437,8304114,30
"Samsung Tablet",SKU-005438,20868858,574
"Apple Camera",SKU-005439,8999970,813
"HP Monitor",SKU-005440,2203261,424
"Apple Laptop",SKU-005441,48427604,865
"Samsung Monitor",SKU-005442,1653800,426
"Samsung Monitor",SKU-005443,45690737,809
"Apple Smartphone",SKU-005444,16664656,747
"Samsung Monitor",SKU-005445,27355826,22
"Samsung Monitor",SKU-005446,39769760,188
"HP Monitor",SKU-005447,12575456,227
"Apple Monitor",SKU-005448,6847398,137
"HP Monitor",SKU-005449,23387492,969
"Apple Tablet",SKU-005450,2572693,611
"HP Monitor",SKU-005451,47169100,242
"Sony Monitor",SKU-005452,3036106,48
"Dell Camera",SKU-005453,14456441,55
"Dell Tablet",SKU-005454,34497438,589
"Dell Smartphone",SKU-005455,14950499,747
"Dell Camera",SKU-005456,27108809,409
"Sony Tablet",SKU-005457,36390364,298
"Apple Monitor",SKU-005458,17805214,55
"Samsung Smartphone",SKU-005459,19697440,914
"HP Tablet",SKU-005460,1604398,997
"Apple Camera",SKU-005461,18195692,473
"Sony Smartphone",SKU-005462,1160496,304
"Samsung Laptop",SKU-005463,40241826,455
"Apple Monitor",SKU-005464,46540816,911
"Apple Laptop",SKU-005465,48438006,159
"Dell Camera",SKU-005466,27998931,243
"Sony Smartphone",SKU-005467,48648421,835
"Samsung Smartphone",SKU-005468,49800905,6
"Apple Tablet",SKU-005469,13337151,26
"HP Monitor",SKU-005470,28189785,898
"Samsung Camera",SKU-005471,35586331,81
"HP Laptop",SKU-005472,38823052,816
"HP Smartphone",SKU-005473,46564462,212
"HP Tablet",SKU-005474,10953474,580
"Samsung Monitor",SKU-005475,42220982,901
"HP Monitor",SKU-005476,39064940,489
"Samsung Tablet",SKU-005477,17097095,75
"HP Monitor",SKU-005478,3876298,222
"HP Laptop",SKU-005479,41453749,285
"Sony Smartphone",SKU-005480,42485712,626
"Sony Tablet",SKU-005481,37428885,756
"Samsung Monitor",SKU-005482,16636826,77
"Apple Laptop",SKU-005483,16976183,85
"Sony Camera",SKU-005484,38579054,245
"Apple Tablet",SKU-005485,39367593,430
"Dell Camera",SKU-005486,39284784,460
"HP Smartphone",SKU-005487,4201537,390
"Apple Monitor",SKU-005488,6612113,570
"HP Smartphone",SKU-005489,48420767,592
"Apple Laptop",SKU-005490,48871494,37
"Apple Camera",SKU-005491,46403205,508
"Apple Smartphone",SKU-005492,27252944,498
"Sony Laptop",SKU-005493,27107851,140
"HP Laptop",SKU-005494,31041609,284
"Sony Laptop",SKU-005495,28554453,818
"Dell Tablet",SKU-005496,34358984,510
"HP Tablet",SKU-005497,26790484,79
"HP Smartphone",SKU-005498,6557572,561
"Apple Camera",SKU-005499,29938769,870
"Sony Monitor",SKU-005500,41730294,524
"Apple Tablet",SKU-005501,5311465,842
"HP Smartphone",SKU-005502,33757578,23
"Samsung Smartphone",SKU-005503,39084505,178
"Sony Smartphone",SKU-005504,22565779,432
"Apple Laptop",SKU-005505,7817138,291
"Samsung Tablet",SKU-005506,39741745,21
"Apple Tablet",SKU-005507,44802887,663
"Samsung Monitor",SKU-005508,38797503,5
"Sony Tablet",SKU-005509,7997937,273
"HP Monitor",SKU-005510,21207197,958
"Samsung Monitor",SKU-005511,20557038,406
"HP Laptop",SKU-005512,33709022,26
"Sony Laptop",SKU-005513,31228126,401
"Samsung Monitor",SKU-005514,3152738,355
"Dell Laptop",SKU-005515,49436123,801
"Dell Tablet",SKU-005516,40893251,680
"Sony Tablet",SKU-005517,6558852,167
"Dell Camera",SKU-005518,8266387,713
"HP Monitor",SKU-005519,46190502,222
"Apple Laptop",SKU-005520,28837812,21
"Apple Tablet",SKU-005521,40291521,504
"Dell Tablet",SKU-005522,19055001,805
"Apple Laptop",SKU-005523,39654776,856
"Samsung Monitor",SKU-005524,36386292,151
"HP Monitor",SKU-005525,41927671,639
"Apple Laptop",SKU-005526,46510482,210
"Apple Camera",SKU-005527,48073971,511
"HP Laptop",SKU-005528,6960730,749
"Dell Tablet",SKU-005529,40180268,3
"Sony Smartphone",SKU-005530,19043006,517
"Dell Smartphone",SKU-005531,37808825,993
"Dell Laptop",SKU-005532,47486298,867
"Apple Monitor",SKU-005533,19510843,44
"Sony Smartphone",SKU-005534,26403038,471
"Dell Camera",SKU-005535,21379965,809
"HP Camera",SKU-005536,7423283,649
"Apple Tablet",SKU-005537,5372144,741
"Sony Monitor",SKU-005538,35843101,515
"Dell Tablet",SKU-005539,25606553,685
"Apple Smartphone",SKU-005540,22073707,496
"Dell Camera",SKU-005541,35368368,615
"Dell Camera",SKU-005542,15739690,168
"Apple Smartphone",SKU-005543,38668535,761
"Dell Monitor",SKU-005544,20572930,781
"Apple Tablet",SKU-005545,23785859,470
"Samsung Smartphone",SKU-005546,16252596,320
"Sony Monitor",SKU-005547,5846905,502
"Apple Monitor",SKU-005548,5447801,271
"Samsung Camera",SKU-005549,46148802,282
"Apple Tablet",SKU-005550,14179109,451
"Apple Camera",SKU-005551,24411515,306
"Sony Camera",SKU-005552,35371330,609
"HP Camera",SKU-005553,10535442,169
"HP Tablet",SKU-005554,24052292,829
"Apple Monitor",SKU-005555,22862726,905
"Sony Camera",SKU-005556,6773425,912
"Apple Laptop",SKU-005557,3707828,408
"Sony Smartphone",SKU-005558,12666697,844
"HP Monitor",SKU-005559,23734980,170
"HP Camera",SKU-005560,36896993,30
"Samsung Laptop",SKU-005561,25990125,503
"Dell Tablet",SKU-005562,39317380,214
"HP Camera",SKU-005563,17783888,776
"Dell Camera",SKU-005564,25098217,217
"HP Monitor",SKU-005565,43533608,361
"Samsung Monitor",SKU-005566,14032527,896
"Apple Laptop",SKU-005567,4998163,704
"Apple Tablet",SKU-005568,20584477,660
"Dell Tablet",SKU-005569,17010926,21
"Dell Camera",SKU-005570,1961148,392
"Sony Camera",SKU-005571,40748997,306
"Dell Smartphone",SKU-005572,14692958,330
"Dell Smartphone",SKU-005573,10183594,273
"Samsung Smartphone",SKU-005574,5382482,108
"Sony Laptop",SKU-005575,45805814,726
"Dell Laptop",SKU-005576,20728019,802
"HP Camera",SKU-005577,48655195,370
"Samsung Tablet",SKU-005578,47974546,875
"HP Camera",SKU-005579,30942516,138
"Dell Camera",SKU-005580,30315151,481
"Sony Monitor",SKU-005581,18603905,557
"Apple Tablet",SKU-005582,26829126,523
"Sony Laptop",SKU-005583,27540239,454
"Apple Camera",SKU-005584,10569597,368
"HP Camera",SKU-005585,36327720,378
"Samsung Tablet",SKU-005586,2649656,95
"Sony Smartphone",SKU-005587,2921620,860
"Samsung Tablet",SKU-005588,29204656,888
"Apple Monitor",SKU-005589,25996539,613
"Samsung Smartphone",SKU-005590,15408233,658
"Sony Laptop",SKU-005591,16612375,411
"Dell Tablet",SKU-005592,32267356,28
"Dell Laptop",SKU-005593,35694984,842
"Samsung Smartphone",SKU-005594,11598009,159
"HP Monitor",SKU-005595,5022948,441
"Apple Laptop",SKU-005596,1115224,745
"Dell Laptop",SKU-005597,48121295,338
"Apple Smartphone",SKU-005598,30473863,518
"Apple Smartphone",SKU-005599,4880968,613
"Dell Tablet",SKU-005600,26455314,885
"Samsung Smartphone",SKU-005601,11091275,87
"HP Smartphone",SKU-005602,34331568,309
"Samsung Laptop",SKU-005603,44034850,251
"Samsung Laptop",SKU-005604,28522612,578
"HP Laptop",SKU-005605,5339304,58
"Apple Tablet",SKU-005606,2892224,475
"Apple Camera",SKU-005607,2397932,408
"HP Camera",SKU-005608,39166789,56
"Samsung Laptop",SKU-005609,29365436,718
"Sony Laptop",SKU-005610,2993006,122
"Apple Camera",SKU-005611,25900880,465
"HP Tablet",SKU-005612,25460031,3
"Apple Monitor",SKU-005613,15292894,237
"Apple Tablet",SKU-005614,42505079,763
"Dell Camera",SKU-005615,42891265,907
"HP Laptop",SKU-005616,32209553,10
"HP Tablet",SKU-005617,2439898,686
"Apple Laptop",SKU-005618,10959950,932
"Sony Smartphone",SKU-005619,12652461,213
"Sony Smartphone",SKU-005620,35480149,910
"Dell Camera",SKU-005621,33552888,868
"Apple Camera",SKU-005622,27424280,122
"Apple Camera",SKU-005623,28856776,637
"Apple Tablet",SKU-005624,44833321,743
"Dell Laptop",SKU-005625,2632212,798
"Sony Laptop",SKU-005626,13562697,175
"Samsung Camera",SKU-005627,22607800,879
"Apple Camera",SKU-005628,27904403,536
"Apple Monitor",SKU-005629,34460299,486
"Samsung Smartphone",SKU-005630,2029507,415
"Samsung Monitor",SKU-005631,7157861,114
"Sony Laptop",SKU-005632,7108582,488
"Apple Camera",SKU-005633,14878123,663
"Sony Camera",SKU-005634,39116537,720
"Sony Camera",SKU-005635,8324129,140
"Dell Monitor",SKU-005636,16816794,536
"Samsung Monitor",SKU-005637,46343377,319
"HP Monitor",SKU-005638,23094658,707
"HP Monitor",SKU-005639,37290956,936
"HP Laptop",SKU-005640,6144463,441
"HP Laptop",SKU-005641,34097621,145
"Samsung Laptop",SKU-005642,46444924,551
"Apple Smartphone",SKU-005643,43082404,617
"Samsung Laptop",SKU-005644,14704793,673
"Samsung Camera",SKU-005645,35209873,260
"Apple Smartphone",SKU-005646,49713107,219
"Apple Tablet",SKU-005647,40447804,197
"Apple Smartphone",SKU-005648,5275583,397
"HP Smartphone",SKU-005649,6438478,942
"Samsung Monitor",SKU-005650,45167741,823
"Apple Smartphone",SKU-005651,8043455,833
"Sony Smartphone",SKU-005652,28356365,999
"Sony Monitor",SKU-005653,26410198,413
"Dell Tablet",SKU-005654,30272956,665
"HP Tablet",SKU-005655,36429303,153
"HP Camera",SKU-005656,34043036,156
"HP Camera",SKU-005657,3640512,151
"Sony Laptop",SKU-005658,45846205,476
"Samsung Monitor",SKU-005659,48077939,825
"Sony Smartphone",SKU-005660,42412152,191
"HP Tablet",SKU-005661,27874655,650
"Apple Smartphone",SKU-005662,22708979,246
"Apple Camera",SKU-005663,3676927,125
"HP Camera",SKU-005664,31060822,241
"Apple Laptop",SKU-005665,2234634,131
"Dell Tablet",SKU-005666,49320412,571
"Samsung Monitor",SKU-005667,29870738,450
"Apple Monitor",SKU-005668,16875275,568
"HP Tablet",SKU-005669,41573411,405
"Apple Tablet",SKU-005670,25757531,669
"Dell Monitor",SKU-005671,16182266,790
"Samsung Tablet",SKU-005672,33202648,943
"Samsung Monitor",SKU-005673,38363240,682
"Apple Smartphone",SKU-005674,10178048,354
"Apple Monitor",SKU-005675,44839412,21
"Sony Smartphone",SKU-005676,9109548,373
"Sony Tablet",SKU-005677,21199598,449
"Apple Camera",SKU-005678,43692825,307
"Sony Tablet",SKU-005679,44481781,751
"Sony Monitor",SKU-005680,20031399,797
"Apple Laptop",SKU-005681,36076571,760
"Apple Laptop",SKU-005682,31312593,919
"HP Laptop",SKU-005683,36908560,286
"HP Camera",SKU-005684,13451152,11
"Apple Tablet",SKU-005685,7266846,732
"HP Monitor",SKU-005686,38401132,382
"Samsung Laptop",SKU-005687,5124544,202
"Dell Tablet",SKU-005688,18685518,208
"Sony Smartphone",SKU-005689,48311751,867
"Sony Camera",SKU-005690,5566303,648
"Sony Smartphone",SKU-005691,20876658,766
"HP Laptop",SKU-005692,48802916,397
"HP Laptop",SKU-005693,25033900,534
"Samsung Laptop",SKU-005694,21516229,569
"HP Tablet",SKU-005695,13632309,857
"Samsung Laptop",SKU-005696,17036694,311
"Samsung Camera",SKU-005697,4231486,358
"Samsung Tablet",SKU-005698,39390561,312
"Apple Monitor",SKU-005699,26069296,348
"Samsung Laptop",SKU-005700,22353792,662
"Samsung Laptop",SKU-005701,37433812,891
"Sony Laptop",SKU-005702,49405073,272
"Dell Monitor",SKU-005703,47957190,0
"Apple Tablet",SKU-005704,32972737,55
"Apple Smartphone",SKU-005705,27556124,26
"HP Tablet",SKU-005706,14198273,305
"Apple Monitor",SKU-005707,18053981,645
"Samsung Laptop",SKU-005708,39239395,495
"Dell Tablet",SKU-005709,33870866,499
"Samsung Smartphone",SKU-005710,40626553,901
"Samsung Tablet",SKU-005711,11876764,728
"Dell Laptop",SKU-005712,13498055,208
"Dell Smartphone",SKU-005713,23368845,889
"Apple Laptop",SKU-005714,14295657,25
"Apple Camera",SKU-005715,41214397,619
"Sony Monitor",SKU-005716,21644261,141
"Samsung Monitor",SKU-005717,38744623,271
"Samsung Tablet",SKU-005718,45436811,543
"Samsung Camera",SKU-005719,7824206,112
"Dell Smartphone",SKU-005720,33879517,519
"HP Laptop",SKU-005721,47235989,585
"Apple Smartphone",SKU-005722,18336530,195
"Samsung Smartphone",SKU-005723,9830080,527
"Dell Monitor",SKU-005724,49834028,382
"Sony Tablet",SKU-005725,39500396,451
"Samsung Tablet",SKU-005726,4467261,307
"Dell Monitor",SKU-005727,27921487,620
"Apple Camera",SKU-005728,38531139,111
"Sony Monitor",SKU-005729,29750660,483
"Apple Camera",SKU-005730,7218233,454
"Dell Camera",SKU-005731,37953710,923
"Dell Tablet",SKU-005732,31337839,225
"Apple Smartphone",SKU-005733,28790646,906
"Samsung Tablet",SKU-005734,15520831,894
"Sony Monitor",SKU-005735,15593290,837
"Samsung Camera",SKU-005736,41776274,533
"Sony Monitor",SKU-005737,46226555,55
"Samsung Smartphone",SKU-005738,24324131,89
"Apple Laptop",SKU-005739,32494722,577
"HP Smartphone",SKU-005740,14607957,202
"HP Smartphone",SKU-005741,30078559,648
"Samsung Monitor",SKU-005742,39205256,479
"HP Laptop",SKU-005743,32870822,86
"Samsung Camera",SKU-005744,15588955,476
"Samsung Tablet",SKU-005745,1256988,511
"Apple Smartphone",SKU-005746,31840942,514
"HP Monitor",SKU-005747,34599206,270
"Dell Tablet",SKU-005748,28048160,941
"HP Smartphone",SKU-005749,14479272,230
"Apple Monitor",SKU-005750,29697797,112
"HP Laptop",SKU-005751,16241266,257
"Sony Tablet",SKU-005752,9075881,189
"HP Monitor",SKU-005753,45115575,463
"Sony Camera",SKU-005754,30840439,28
"HP Laptop",SKU-005755,18169896,763
"Dell Monitor",SKU-005756,14930376,365
"Dell Monitor",SKU-005757,41551750,832
"HP Laptop",SKU-005758,22586304,931
"Sony Smartphone",SKU-005759,9652285,940
"Sony Monitor",SKU-005760,10497183,407
"Dell Smartphone",SKU-005761,24527055,99
"Apple Smartphone",SKU-005762,39594514,448
"HP Monitor",SKU-005763,36472897,494
"Apple Tablet",SKU-005764,40244257,232
"Dell Camera",SKU-005765,5254688,470
"Samsung Monitor",SKU-005766,46504709,393
"Apple Laptop",SKU-005767,4147755,930
"Dell Smartphone",SKU-005768,31518610,114
"Apple Tablet",SKU-005769,13711264,426
"Sony Smartphone",SKU-005770,44924658,819
"Apple Camera",SKU-005771,22136869,522
"Apple Smartphone",SKU-005772,10333103,234
"Apple Smartphone",SKU-005773,40855972,278
"Apple Laptop",SKU-005774,4808383,909
"Apple Camera",SKU-005775,40665609,354
"HP Camera",SKU-005776,30492573,605
"Samsung Camera",SKU-005777,16498415,545
"Sony Laptop",SKU-005778,49373899,736
"HP Monitor",SKU-005779,22534955,30
"Dell Smartphone",SKU-005780,25414711,703
"Samsung Laptop",SKU-005781,24818136,985
"HP Tablet",SKU-005782,28672424,453
"Apple Monitor",SKU-005783,45238758,88
"Sony Monitor",SKU-005784,19704744,231
"Samsung Camera",SKU-005785,35934677,20
"Dell Smartphone",SKU-005786,31831218,489
"Samsung Camera",SKU-005787,24633716,868
"Sony Camera",SKU-005788,1767516,633
"Dell Monitor",SKU-005789,39315154,469
"Sony Laptop",SKU-005790,16955893,938
"Sony Smartphone",SKU-005791,8249579,870
"Apple Monitor",SKU-005792,46537903,561
"Samsung Camera",SKU-005793,10211634,350
"Samsung Laptop",SKU-005794,15287616,237
"Apple Monitor",SKU-005795,14920039,671
"Dell Camera",SKU-005796,49647127,469
"Dell Tablet",SKU-005797,17791022,879
"Apple Tablet",SKU-005798,29941811,54
"Sony Camera",SKU-005799,11813141,906
"Dell Laptop",SKU-005800,21897775,330
"Dell Laptop",SKU-005801,15570578,566
"Sony Laptop",SKU-005802,19515755,466
"Dell Smartphone",SKU-005803,45210580,334
"HP Monitor",SKU-005804,22321197,684
"Apple Laptop",SKU-005805,36990442,971
"Samsung Laptop",SKU-005806,20620748,864
"HP Smartphone",SKU-005807,2113022,748
"Sony Smartphone",SKU-005808,5495497,808
"Apple Monitor",SKU-005809,30757765,198
"Samsung Tablet",SKU-005810,29840266,988
"Samsung Tablet",SKU-005811,31083378,564
"Apple Tablet",SKU-005812,20239698,768
"Apple Camera",SKU-005813,10308025,262
"Sony Smartphone",SKU-005814,46864778,214
"Apple Tablet",SKU-005815,38758963,951
"Samsung Camera",SKU-005816,12732180,570
"HP Camera",SKU-005817,1748380,690
"Samsung Tablet",SKU-005818,31768263,351
"Samsung Tablet",SKU-005819,18055495,957
"Apple Tablet",SKU-005820,12417801,515
"Samsung Monitor",SKU-005821,6489461,696
"HP Smartphone",SKU-005822,14212582,644
"Apple Smartphone",SKU-005823,35330774,711
"Apple Tablet",SKU-005824,33411869,893
"Apple Smartphone",SKU-005825,29333146,85
"Dell Laptop",SKU-005826,45185262,282
"Samsung Tablet",SKU-005827,44469461,953
"HP Camera",SKU-005828,17157133,726
"Dell Camera",SKU-005829,36343577,717
"HP Tablet",SKU-005830,18198227,91
"HP Monitor",SKU-005831,21850392,761
"Samsung Monitor",SKU-005832,26173696,321
"Dell Monitor",SKU-005833,9365821,664
"HP Smartphone",SKU-005834,29014252,164
"Sony Monitor",SKU-005835,21135037,191
"Apple Monitor",SKU-005836,7923829,297
"Samsung Smartphone",SKU-005837,3584612,896
"Sony Camera",SKU-005838,30367740,364
"Dell Monitor",SKU-005839,8409180,961
"Samsung Camera",SKU-005840,23435807,659
"HP Smartphone",SKU-005841,11068023,788
"Apple Monitor",SKU-005842,35964153,110
"Samsung Laptop",SKU-005843,1082895,729
"Samsung Smartphone",SKU-005844,17235812,364
"Dell Tablet",SKU-005845,9708519,45
"Samsung Tablet",SKU-005846,48034876,517
"Apple Camera",SKU-005847,48571045,411
"Samsung Smartphone",SKU-005848,23374388,439
"HP Monitor",SKU-005849,12223194,818
"Samsung Laptop",SKU-005850,12365548,963
"HP Laptop",SKU-005851,28452958,291
"Apple Smartphone",SKU-005852,17063552,427
"Samsung Smartphone",SKU-005853,21086222,106
"HP Camera",SKU-005854,33475911,106
"Sony Smartphone",SKU-005855,27758021,77
"HP Monitor",SKU-005856,16862159,830
"Samsung Camera",SKU-005857,38426558,994
"Apple Tablet",SKU-005858,9373317,660
"Samsung Laptop",SKU-005859,20324915,737
"Apple Smartphone",SKU-005860,44140090,541
"HP Smartphone",SKU-005861,11176802,945
"Samsung Monitor",SKU-005862,36144004,462
"Apple Tablet",SKU-005863,20987773,866
"Sony Smartphone",SKU-005864,33739097,984
"HP Camera",SKU-005865,29269351,941
"HP Camera",SKU-005866,4841597,508
"Sony Camera",SKU-005867,2433597,879
"Samsung Smartphone",SKU-005868,24456982,262
"Sony Smartphone",SKU-005869,13775143,76
"HP Monitor",SKU-005870,33580400,39
"Apple Tablet",SKU-005871,15875402,919
"HP Camera",SKU-005872,21260053,925
"Apple Laptop",SKU-005873,17040093,240
"HP Smartphone",SKU-005874,1607268,881
"Dell Smartphone",SKU-005875,10306589,821
"Apple Camera",SKU-005876,41693345,804
"HP Smartphone",SKU-005877,8592144,276
"HP Tablet",SKU-005878,31866806,533
"HP Laptop",SKU-005879,22452257,664
"Dell Camera",SKU-005880,29296412,836
"HP Laptop",SKU-005881,34418313,802
"HP Tablet",SKU-005882,49389577,792
"Sony Laptop",SKU-005883,41040959,314
"Dell Tablet",SKU-005884,26689853,236
"Sony Smartphone",SKU-005885,29392880,431
"Samsung Monitor",SKU-005886,18714825,711
"Sony Laptop",SKU-005887,24247203,84
"Samsung Tablet",SKU-005888,7867361,255
"Samsung Laptop",SKU-005889,39685217,17
"Apple Laptop",SKU-005890,22897972,646
"HP Smartphone",SKU-005891,19403930,191
"Apple Smartphone",SKU-005892,22402986,114
"HP Tablet",SKU-005893,4483600,122
"Samsung Smartphone",SKU-005894,20648046,404
"Sony Smartphone",SKU-005895,26653645,592
"Sony Camera",SKU-005896,9389852,671
"Sony Laptop",SKU-005897,29239969,902
"Dell Laptop",SKU-005898,46672088,593
"Apple Monitor",SKU-005899,30221675,574
"Apple Monitor",SKU-005900,26644268,496
"HP Monitor",SKU-005901,8390698,440
"Apple Smartphone",SKU-005902,11239102,209
"Apple Camera",SKU-005903,32597181,183
"Sony Monitor",SKU-005904,8845038,40
"HP Smartphone",SKU-005905,45267464,370
"Dell Smartphone",SKU-005906,1555552,23
"Dell Camera",SKU-005907,39121920,388
"Apple Camera",SKU-005908,16856335,526
"Apple Monitor",SKU-005909,10636348,313
"HP Tablet",SKU-005910,32746860,1000
"HP Monitor",SKU-005911,43489496,421
"Dell Camera",SKU-005912,9795225,196
"Dell Tablet",SKU-005913,41789826,738
"Apple Smartphone",SKU-005914,39195355,622
"Dell Laptop",SKU-005915,6574266,249
"Dell Camera",SKU-005916,1904444,34
"Samsung Tablet",SKU-005917,36649227,557
"Sony Smartphone",SKU-005918,37416375,380
"Sony Monitor",SKU-005919,44398837,20
"Dell Smartphone",SKU-005920,48759344,867
"Sony Smartphone",SKU-005921,1601994,656
"Apple Laptop",SKU-005922,26005377,429
"Sony Smartphone",SKU-005923,24661432,59
"Samsung Smartphone",SKU-005924,49318990,557
"Apple Camera",SKU-005925,23944200,954
"Dell Monitor",SKU-005926,48059395,948
"Apple Laptop",SKU-005927,25816495,831
"Sony Monitor",SKU-005928,19096482,898
"Dell Laptop",SKU-005929,8484147,84
"Sony Monitor",SKU-005930,6253651,504
"HP Smartphone",SKU-005931,44534812,880
"Samsung Smartphone",SKU-005932,31902314,901
"Sony Camera",SKU-005933,18641946,666
"Sony Tablet",SKU-005934,34536205,238
"Samsung Smartphone",SKU-005935,8012324,107
"Dell Laptop",SKU-005936,23039413,51
"Dell Tablet",SKU-005937,8932131,651
"Dell Tablet",SKU-005938,37644620,85
"Dell Tablet",SKU-005939,44115067,398
"HP Monitor",SKU-005940,18188247,167
"Dell Smartphone",SKU-005941,12837499,292
"Apple Tablet",SKU-005942,9852832,282
"Sony Camera",SKU-005943,2166457,956
"Dell Laptop",SKU-005944,27491662,582
"Apple Camera",SKU-005945,32594521,52
"HP Camera",SKU-005946,36963373,185
"HP Tablet",SKU-005947,43176063,555
"Sony Smartphone",SKU-005948,17890898,644
"Sony Smartphone",SKU-005949,45351206,36
"Sony Smartphone",SKU-005950,7889771,743
"Dell Tablet",SKU-005951,28160215,343
"HP Camera",SKU-005952,22703883,111
"Sony Camera",SKU-005953,46241989,467
"Dell Laptop",SKU-005954,9262948,43
"Dell Smartphone",SKU-005955,35077119,153
"Sony Camera",SKU-005956,42590041,542
"Dell Smartphone",SKU-005957,33216051,829
"Dell Smartphone",SKU-005958,32701576,267
"Samsung Laptop",SKU-005959,11338586,940
"Samsung Camera",SKU-005960,20184313,343
"Apple Camera",SKU-005961,7582523,313
"HP Laptop",SKU-005962,47008583,8
"Dell Camera",SKU-005963,11440574,461
"Dell Tablet",SKU-005964,23628867,801
"Dell Smartphone",SKU-005965,5275111,879
"HP Monitor",SKU-005966,30034513,603
"Samsung Monitor",SKU-005967,34722714,478
"Apple Laptop",SKU-005968,4776065,530
"Sony Camera",SKU-005969,18649559,609
"HP Laptop",SKU-005970,38603810,46
"Apple Laptop",SKU-005971,32385302,865
"Apple Smartphone",SKU-005972,49841446,644
"HP Smartphone",SKU-005973,49550845,988
"Apple Laptop",SKU-005974,19456447,982
"Samsung Laptop",SKU-005975,47222591,283
"HP Tablet",SKU-005976,13605481,61
"Samsung Smartphone",SKU-005977,34529811,538
"Apple Smartphone",SKU-005978,49738883,164
"Dell Smartphone",SKU-005979,25980935,863
"Dell Smartphone",SKU-005980,30906548,385
"Apple Tablet",SKU-005981,27107501,258
"Samsung Smartphone",SKU-005982,10241538,291
"HP Tablet",SKU-005983,4841563,861
"Dell Laptop",SKU-005984,22864464,539
"Apple Laptop",SKU-005985,34733330,375
"Sony Tablet",SKU-005986,16388199,751
"Dell Monitor",SKU-005987,8238475,754
"Samsung Camera",SKU-005988,18157102,514
"Dell Monitor",SKU-005989,11773383,426
"Apple Laptop",SKU-005990,38071242,861
"HP Tablet",SKU-005991,47295344,991
"Samsung Camera",SKU-005992,43309943,875
"Dell Monitor",SKU-005993,25337624,437
"Samsung Camera",SKU-005994,19578886,527
"HP Camera",SKU-005995,7354226,732
"HP Camera",SKU-005996,8653541,6
"Dell Smartphone",SKU-005997,16453390,710
"Sony Smartphone",SKU-005998,24350682,100
"Sony Smartphone",SKU-005999,25596876,619
"Sony Tablet",SKU-006000,10607859,329
"Samsung Monitor",SKU-006001,42487700,674
"Dell Monitor",SKU-006002,21427098,696
"Dell Monitor",SKU-006003,1095552,234
"Sony Monitor",SKU-006004,29146827,28
"Sony Laptop",SKU-006005,48507890,921
"HP Camera",SKU-006006,22774151,449
"Dell Monitor",SKU-006007,12743012,866
"Samsung Tablet",SKU-006008,23223527,902
"Apple Monitor",SKU-006009,19021500,855
"Apple Tablet",SKU-006010,25481647,866
"Sony Laptop",SKU-006011,49377956,213
"Samsung Monitor",SKU-006012,31851983,575
"Sony Laptop",SKU-006013,6833708,91
"Apple Tablet",SKU-006014,4684894,532
"Dell Monitor",SKU-006015,27301888,279
"Samsung Tablet",SKU-006016,43992784,152
"Apple Smartphone",SKU-006017,23907764,696
"Apple Camera",SKU-006018,24384811,520
"Sony Laptop",SKU-006019,46418019,924
"Dell Monitor",SKU-006020,2078786,857
"Apple Smartphone",SKU-006021,12983247,349
"Samsung Smartphone",SKU-006022,20806297,223
"Samsung Laptop",SKU-006023,46383369,625
"Apple Tablet",SKU-006024,4072741,814
"Samsung Monitor",SKU-006025,42890713,476
"Dell Tablet",SKU-006026,14920462,567
"Dell Laptop",SKU-006027,44105864,346
"HP Smartphone",SKU-006028,18988973,842
"HP Tablet",SKU-006029,12950249,43
"Apple Monitor",SKU-006030,23769349,840
"HP Camera",SKU-006031,45931308,853
"Sony Tablet",SKU-006032,19426541,522
"HP Monitor",SKU-006033,17312260,817
"Sony Tablet",SKU-006034,38033293,149
"Dell Camera",SKU-006035,46875603,261
"Samsung Tablet",SKU-006036,18317644,554
"Apple Camera",SKU-006037,3416874,430
"Samsung Smartphone",SKU-006038,7690675,430
"Apple Smartphone",SKU-006039,13690920,112
"Samsung Camera",SKU-006040,39727198,538
"Apple Tablet",SKU-006041,4596230,291
"HP Tablet",SKU-006042,17410504,300
"Apple Monitor",SKU-006043,37035983,492
"Dell Tablet",SKU-006044,12637169,135
"Samsung Monitor",SKU-006045,42088549,708
"Dell Smartphone",SKU-006046,35042514,173
"Sony Camera",SKU-006047,42158098,13
"Dell Laptop",SKU-006048,41374909,368
"Samsung Camera",SKU-006049,8552972,568
"Sony Smartphone",SKU-006050,48336568,784
"Sony Laptop",SKU-006051,13327146,933
"Sony Laptop",SKU-006052,49900865,993
"Apple Tablet",SKU-006053,15226509,429
"HP Camera",SKU-006054,28521689,994
"Sony Laptop",SKU-006055,5928081,669
"Samsung Laptop",SKU-006056,26339177,164
"HP Smartphone",SKU-006057,48374088,290
"Apple Tablet",SKU-006058,8592220,200
"Sony Tablet",SKU-006059,30357469,699
"Sony Smartphone",SKU-006060,22434382,626
"HP Camera",SKU-006061,44216157,29
"Sony Tablet",SKU-006062,47525680,696
"Sony Laptop",SKU-006063,20879056,326
"Apple Monitor",SKU-006064,45853652,862
"Apple Laptop",SKU-006065,6082813,805
"HP Camera",SKU-006066,38143203,34
"Apple Tablet",SKU-006067,38294017,872
"HP Tablet",SKU-006068,34859620,779
"Apple Smartphone",SKU-006069,16002782,937
"Apple Camera",SKU-006070,48643638,943
"Sony Monitor",SKU-006071,38030592,429
"Samsung Tablet",SKU-006072,38747027,134
"Samsung Laptop",SKU-006073,26790465,939
"Sony Smartphone",SKU-006074,42298199,869
"HP Monitor",SKU-006075,6813646,210
"Sony Camera",SKU-006076,43905059,747
"Samsung Smartphone",SKU-006077,35292981,977
"Sony Laptop",SKU-006078,18091125,832
"HP Monitor",SKU-006079,18005556,628
"HP Camera",SKU-006080,18206497,15
"Apple Camera",SKU-006081,25589189,574
"Sony Camera",SKU-006082,30231502,360
"Sony Laptop",SKU-006083,2104315,844
"Apple Laptop",SKU-006084,40260889,290
"Apple Monitor",SKU-006085,36968195,330
"Sony Tablet",SKU-006086,25019510,683
"Dell Smartphone",SKU-006087,1894411,210
"Sony Camera",SKU-006088,49480736,810
"Samsung Tablet",SKU-006089,10299984,26
"Dell Laptop",SKU-006090,46319250,125
"Sony Tablet",SKU-006091,35961616,740
"Dell Camera",SKU-006092,31809601,426
"Dell Monitor",SKU-006093,45065615,751
"Apple Monitor",SKU-006094,14114139,878
"Apple Tablet",SKU-006095,44519663,45
"Apple Tablet",SKU-006096,9101241,731
"Samsung Camera",SKU-006097,23514957,53
"Samsung Smartphone",SKU-006098,30492506,502
"HP Laptop",SKU-006099,49672678,151
"Apple Smartphone",SKU-006100,36875675,136
"HP Smartphone",SKU-006101,47235186,430
"Sony Tablet",SKU-006102,12213069,137
"Dell Laptop",SKU-006103,46245022,239
"Dell Monitor",SKU-006104,7840077,37
"Samsung Laptop",SKU-006105,33288281,292
"Dell Tablet",SKU-006106,26170554,597
"Sony Monitor",SKU-006107,43490209,559
"HP Laptop",SKU-006108,29286765,419
"Sony Tablet",SKU-006109,9595073,518
"Dell Laptop",SKU-006110,39598162,284
"Sony Laptop",SKU-006111,17228008,877
"Dell Laptop",SKU-006112,23992337,512
"Samsung Monitor",SKU-006113,35325182,453
"Dell Monitor",SKU-006114,17060942,189
"Sony Camera",SKU-006115,37971936,483
"Sony Camera",SKU-006116,15716942,294
"Sony Smartphone",SKU-006117,6733717,756
"Sony Laptop",SKU-006118,23497839,680
"HP Smartphone",SKU-006119,7602385,104
"Sony Tablet",SKU-006120,28279607,649
"Samsung Laptop",SKU-006121,43804712,797
"Samsung Tablet",SKU-006122,11960793,191
"Apple Laptop",SKU-006123,39766462,200
"Dell Laptop",SKU-006124,3017431,122
"Sony Tablet",SKU-006125,42619563,412
"HP Laptop",SKU-006126,48195217,913
"Sony Monitor",SKU-006127,43970860,214
"Apple Monitor",SKU-006128,41075062,950
"Apple Monitor",SKU-006129,35632468,256
"Samsung Laptop",SKU-006130,14845152,849
"Sony Tablet",SKU-006131,49661983,57
"Apple Tablet",SKU-006132,34061464,589
"HP Laptop",SKU-006133,4306411,994
"HP Tablet",SKU-006134,45350198,404
"Samsung Camera",SKU-006135,32166592,273
"Sony Smartphone",SKU-006136,46545862,653
"Apple Smartphone",SKU-006137,35960150,937
"HP Camera",SKU-006138,22486798,909
"Sony Smartphone",SKU-006139,6193458,603
"Dell Smartphone",SKU-006140,48849621,545
"Apple Monitor",SKU-006141,31957094,300
"HP Laptop",SKU-006142,29460228,190
"Samsung Laptop",SKU-006143,22411212,372
"Dell Smartphone",SKU-006144,11553316,138
"HP Laptop",SKU-006145,14046329,728
"Sony Smartphone",SKU-006146,24317584,810
"Dell Laptop",SKU-006147,1100747,439
"HP Monitor",SKU-006148,15310789,631
"Sony Monitor",SKU-006149,12112943,117
"Samsung Monitor",SKU-006150,42416016,644
"Dell Tablet",SKU-006151,24646392,897
"HP Tablet",SKU-006152,15978849,484
"Apple Tablet",SKU-006153,41724930,425
"Samsung Camera",SKU-006154,17585592,885
"Dell Tablet",SKU-006155,13896623,541
"Apple Smartphone",SKU-006156,32494129,775
"Samsung Camera",SKU-006157,42030423,150
"Samsung Tablet",SKU-006158,23145771,62
"Apple Monitor",SKU-006159,1745038,465
"Dell Monitor",SKU-006160,36524626,453
"Samsung Tablet",SKU-006161,44974294,100
"Apple Tablet",SKU-006162,20114002,83
"Samsung Smartphone",SKU-006163,15970997,808
"Sony Smartphone",SKU-006164,23918558,946
"Dell Monitor",SKU-006165,44170321,556
"Samsung Laptop",SKU-006166,16480427,75
"Dell Laptop",SKU-006167,44211517,227
"Dell Monitor",SKU-006168,22056182,85
"HP Laptop",SKU-006169,37278565,860
"HP Laptop",SKU-006170,13159285,845
"Samsung Smartphone",SKU-006171,12863083,76
"Apple Camera",SKU-006172,2310145,788
"Dell Tablet",SKU-006173,3060827,779
"Sony Monitor",SKU-006174,37006827,523
"Apple Camera",SKU-006175,16552878,153
"Apple Laptop",SKU-006176,37099112,558
"Sony Monitor",SKU-006177,41803925,905
"Apple Monitor",SKU-006178,3922070,647
"HP Laptop",SKU-006179,13097435,297
"HP Smartphone",SKU-006180,47531168,69
"Apple Camera",SKU-006181,41025704,766
"HP Smartphone",SKU-006182,37550590,584
"Sony Tablet",SKU-006183,11893272,910
"HP Monitor",SKU-006184,41698758,804
"HP Tablet",SKU-006185,18101891,921
"Apple Camera",SKU-006186,39870456,108
"Samsung Tablet",SKU-006187,24750686,175
"HP Monitor",SKU-006188,7287061,446
"Dell Tablet",SKU-006189,5305273,912
"Samsung Smartphone",SKU-006190,15179616,156
"Dell Smartphone",SKU-006191,12793165,87
"Dell Camera",SKU-006192,39546085,577
"Samsung Camera",SKU-006193,5118039,486
"Sony Monitor",SKU-006194,15611436,639
"Apple Smartphone",SKU-006195,29237197,721
"HP Tablet",SKU-006196,17410424,198
"Apple Tablet",SKU-006197,13937528,60
"Sony Monitor",SKU-006198,25739342,485
"Samsung Tablet",SKU-006199,15453493,16
"Samsung Laptop",SKU-006200,36301876,488
"Apple Camera",SKU-006201,41832035,277
"Dell Tablet",SKU-006202,36686040,602
"Dell Smartphone",SKU-006203,6984342,809
"Sony Smartphone",SKU-006204,10383315,473
"Dell Camera",SKU-006205,1611267,477
"Samsung Laptop",SKU-006206,44907483,629
"Dell Smartphone",SKU-006207,34462530,53
"Samsung Laptop",SKU-006208,39346236,292
"Sony Tablet",SKU-006209,46996375,316
"Sony Camera",SKU-006210,10884834,845
"HP Laptop",SKU-006211,45331584,767
"HP Smartphone",SKU-006212,4009046,394
"Apple Tablet",SKU-006213,16119200,475
"Sony Tablet",SKU-006214,22501272,884
"HP Smartphone",SKU-006215,44611462,313
"Sony Laptop",SKU-006216,40140711,833
"Samsung Monitor",SKU-006217,6838951,900
"Apple Tablet",SKU-006218,2730479,649
"HP Smartphone",SKU-006219,25225595,357
"Dell Laptop",SKU-006220,23598847,239
"Apple Tablet",SKU-006221,44038151,751
"Samsung Smartphone",SKU-006222,47630948,712
"HP Monitor",SKU-006223,49631885,365
"Sony Monitor",SKU-006224,49974995,160
"Apple Laptop",SKU-006225,48785927,835
"Sony Tablet",SKU-006226,49944443,198
"HP Camera",SKU-006227,10450020,794
"Samsung Monitor",SKU-006228,38590964,0
"Apple Tablet",SKU-006229,44625843,364
"Apple Smartphone",SKU-006230,35181945,155
"Sony Smartphone",SKU-006231,11121590,781
"Sony Laptop",SKU-006232,42429732,675
"Apple Laptop",SKU-006233,34235077,749
"Samsung Camera",SKU-006234,1470891,200
"Samsung Laptop",SKU-006235,34343220,202
"Apple Smartphone",SKU-006236,6835573,339
"Sony Tablet",SKU-006237,2032905,112
"Samsung Camera",SKU-006238,35559528,736
"Apple Tablet",SKU-006239,7679149,176
"Apple Tablet",SKU-006240,43068900,133
"Apple Smartphone",SKU-006241,23885134,472
"HP Smartphone",SKU-006242,17599449,304
"Apple Laptop",SKU-006243,21557104,500
"Apple Tablet",SKU-006244,34980701,731
"Sony Laptop",SKU-006245,48765236,653
"Dell Smartphone",SKU-006246,11921914,384
"HP Monitor",SKU-006247,1487062,705
"Dell Tablet",SKU-006248,35003195,544
"Sony Smartphone",SKU-006249,14156365,905
"Sony Monitor",SKU-006250,33535003,657
"HP Monitor",SKU-006251,6066470,733
"Apple Camera",SKU-006252,49190702,618
"HP Tablet",SKU-006253,28219201,120
"Apple Monitor",SKU-006254,5608339,690
"Sony Smartphone",SKU-006255,6322219,595
"Apple Laptop",SKU-006256,27474951,993
"HP Laptop",SKU-006257,37657995,501
"Sony Laptop",SKU-006258,29178413,853
"Samsung Camera",SKU-006259,36344020,67
"Sony Monitor",SKU-006260,31812730,242
"HP Laptop",SKU-006261,35877680,228
"Samsung Camera",SKU-006262,26657217,81
"Dell Monitor",SKU-006263,25347691,423
"Samsung Monitor",SKU-006264,29223100,28
"Apple Tablet",SKU-006265,4674725,884
"HP Laptop",SKU-006266,9334296,913
"HP Laptop",SKU-006267,24827400,72
"Samsung Smartphone",SKU-006268,7153293,549
"Dell Smartphone",SKU-006269,20231469,174
"HP Tablet",SKU-006270,7478624,148
"Samsung Monitor",SKU-006271,43611483,164
"Sony Smartphone",SKU-006272,43280966,919
"HP Camera",SKU-006273,43776601,296
"HP Laptop",SKU-006274,6080361,645
"Sony Tablet",SKU-006275,48628079,7
"Dell Laptop",SKU-006276,39820327,77
"Sony Tablet",SKU-006277,13556181,125
"Apple Camera",SKU-006278,46583537,883
"Dell Smartphone",SKU-006279,32001610,180
"Apple Monitor",SKU-006280,23152506,297
"Sony Smartphone",SKU-006281,6772067,962
"HP Camera",SKU-006282,11695367,337
"Apple Smartphone",SKU-006283,10832953,923
"Apple Tablet",SKU-006284,32556308,621
"Dell Camera",SKU-006285,23545828,135
"Dell Laptop",SKU-006286,11168401,626
"Apple Monitor",SKU-006287,42112781,730
"Sony Monitor",SKU-006288,30369643,46
"HP Monitor",SKU-006289,47545637,925
"Samsung Monitor",SKU-006290,29091201,274
"Samsung Monitor",SKU-006291,26095345,641
"Sony Tablet",SKU-006292,4915020,205
"Apple Monitor",SKU-006293,13382347,612
"Samsung Monitor",SKU-006294,22554347,44
"HP Monitor",SKU-006295,47572573,726
"HP Camera",SKU-006296,48129898,782
"Dell Tablet",SKU-006297,12598860,996
"Dell Laptop",SKU-006298,31763921,212
"Samsung Laptop",SKU-006299,6474110,317
"Samsung Laptop",SKU-006300,11677171,520
"Apple Camera",SKU-006301,21809461,455
"HP Laptop",SKU-006302,3194899,383
"Apple Smartphone",SKU-006303,17400745,851
"Dell Laptop",SKU-006304,4896172,311
"HP Laptop",SKU-006305,14318046,933
"Dell Monitor",SKU-006306,21892172,134
"Dell Laptop",SKU-006307,44313994,253
"HP Monitor",SKU-006308,43308657,501
"Apple Laptop",SKU-006309,10787657,185
"Apple Monitor",SKU-006310,40819159,84
"Dell Laptop",SKU-006311,4544194,619
"Sony Camera",SKU-006312,40090954,222
"Apple Tablet",SKU-006313,41107968,126
"Samsung Camera",SKU-006314,20649553,793
"Dell Monitor",SKU-006315,37517145,871
"Sony Monitor",SKU-006316,40487167,599
"Sony Smartphone",SKU-006317,33602653,526
"Sony Camera",SKU-006318,17543760,900
"Dell Tablet",SKU-006319,27297033,839
"Samsung Tablet",SKU-006320,12396205,190
"Sony Smartphone",SKU-006321,29142162,305
"HP Laptop",SKU-006322,16304927,523
"Apple Smartphone",SKU-006323,2986468,952
"Sony Smartphone",SKU-006324,40165883,792
"HP Smartphone",SKU-006325,26631380,617
"Apple Smartphone",SKU-006326,10841687,530
"HP Monitor",SKU-006327,39951608,906
"Sony Camera",SKU-006328,39496074,408
"Dell Monitor",SKU-006329,10812142,38
"Dell Smartphone",SKU-006330,16603044,997
"Samsung Smartphone",SKU-006331,25506783,148
"Dell Monitor",SKU-006332,42756950,881
"Dell Laptop",SKU-006333,38763541,247
"Dell Laptop",SKU-006334,40784727,53
"Dell Smartphone",SKU-006335,22623930,188
"Samsung Monitor",SKU-006336,27892651,226
"Apple Tablet",SKU-006337,40051927,58
"HP Tablet",SKU-006338,18057655,31
"HP Laptop",SKU-006339,29511302,251
"Sony Laptop",SKU-006340,22367591,273
"Dell Smartphone",SKU-006341,4255266,262
"HP Laptop",SKU-006342,32980921,484
"HP Smartphone",SKU-006343,47318546,600
"Sony Tablet",SKU-006344,5542203,207
"Sony Camera",SKU-006345,21953052,242
"HP Monitor",SKU-006346,21567601,664
"HP Smartphone",SKU-006347,43789699,714
"Sony Laptop",SKU-006348,32808172,539
"Sony Tablet",SKU-006349,20527855,238
"Dell Smartphone",SKU-006350,42921952,562
"Samsung Tablet",SKU-006351,17879653,667
"Apple Camera",SKU-006352,5442641,337
"Samsung Tablet",SKU-006353,42072754,976
"HP Laptop",SKU-006354,49043105,307
"Dell Camera",SKU-006355,24420867,16
"Dell Laptop",SKU-006356,9513552,260
"HP Smartphone",SKU-006357,1126795,215
"Apple Smartphone",SKU-006358,20143128,138
"Samsung Laptop",SKU-006359,36446000,894
"Dell Camera",SKU-006360,37103962,316
"HP Monitor",SKU-006361,17755732,694
"Samsung Monitor",SKU-006362,15988216,296
"Dell Camera",SKU-006363,47155550,543
"Sony Tablet",SKU-006364,14183546,276
"Dell Monitor",SKU-006365,18628856,592
"Apple Smartphone",SKU-006366,48442273,567
"Apple Laptop",SKU-006367,6791448,452
"HP Tablet",SKU-006368,28493498,258
"Dell Smartphone",SKU-006369,32633379,903
"Apple Camera",SKU-006370,17842209,636
"Samsung Tablet",SKU-006371,38691919,695
"Dell Monitor",SKU-006372,31386270,65
"HP Laptop",SKU-006373,40401086,198
"Dell Monitor",SKU-006374,40170473,643
"Sony Smartphone",SKU-006375,5016179,760
"Samsung Camera",SKU-006376,44869032,587
"Dell Monitor",SKU-006377,28769659,819
"Sony Monitor",SKU-006378,41499801,294
"Apple Camera",SKU-006379,48010695,1000
"Dell Monitor",SKU-006380,15084860,360
"Samsung Smartphone",SKU-006381,23539908,484
"Sony Monitor",SKU-006382,32649966,479
"Dell Smartphone",SKU-006383,14874791,315
"Samsung Laptop",SKU-006384,24125614,529
"Dell Tablet",SKU-006385,17585375,529
"Dell Tablet",SKU-006386,31286454,692
"HP Monitor",SKU-006387,10873164,654
"HP Smartphone",SKU-006388,26930766,2
"HP Smartphone",SKU-006389,40004086,427
"Sony Monitor",SKU-006390,30625569,851
"Apple Camera",SKU-006391,8007056,531
"Dell Smartphone",SKU-006392,20042747,849
"Samsung Smartphone",SKU-006393,18443759,547
"Sony Tablet",SKU-006394,46186831,16
"Sony Smartphone",SKU-006395,20882829,19
"Apple Smartphone",SKU-006396,5468520,601
"Samsung Monitor",SKU-006397,30439609,889
"Sony Laptop",SKU-006398,20469232,826
"Apple Tablet",SKU-006399,2704449,172
"Apple Monitor",SKU-006400,19584400,661
"Dell Smartphone",SKU-006401,33520347,322
"Dell Tablet",SKU-006402,8270673,905
"Dell Tablet",SKU-006403,42021633,689
"Samsung Smartphone",SKU-006404,6905390,644
"Apple Smartphone",SKU-006405,35826125,739
"Apple Smartphone",SKU-006406,32136316,987
"Dell Monitor",SKU-006407,47806357,831
"Apple Laptop",SKU-006408,36772334,785
"Dell Tablet",SKU-006409,31690519,924
"Dell Monitor",SKU-006410,2553872,370
"Apple Monitor",SKU-006411,8087393,49
"Samsung Smartphone",SKU-006412,29378348,474
"HP Laptop",SKU-006413,3633574,724
"Apple Monitor",SKU-006414,45498339,699
"HP Tablet",SKU-006415,15344641,622
"Dell Smartphone",SKU-006416,27749918,83
"Samsung Smartphone",SKU-006417,21123830,625
"Samsung Laptop",SKU-006418,35432069,603
"HP Tablet",SKU-006419,14729118,156
"Apple Smartphone",SKU-006420,41159317,653
"Dell Tablet",SKU-006421,41571557,8
"Dell Monitor",SKU-006422,31073453,137
"HP Laptop",SKU-006423,6911880,662
"Samsung Tablet",SKU-006424,15131118,282
"Samsung Monitor",SKU-006425,8055504,770
"Apple Laptop",SKU-006426,48904689,729
"Apple Camera",SKU-006427,20087972,240
"HP Smartphone",SKU-006428,31669773,884
"Apple Camera",SKU-006429,27894007,368
"Dell Laptop",SKU-006430,10430458,898
"HP Monitor",SKU-006431,25343697,45
"HP Monitor",SKU-006432,47859014,471
"HP Laptop",SKU-006433,34030198,561
"Samsung Monitor",SKU-006434,12989636,588
"Apple Laptop",SKU-006435,37416816,397
"Apple Smartphone",SKU-006436,33478753,165
"Apple Tablet",SKU-006437,2522011,234
"Apple Smartphone",SKU-006438,49361342,462
"Apple Smartphone",SKU-006439,1938291,746
"HP Laptop",SKU-006440,17803988,911
"Sony Tablet",SKU-006441,30061504,848
"HP Tablet",SKU-006442,40586851,946
"Samsung Laptop",SKU-006443,44264673,501
"Sony Monitor",SKU-006444,13752549,127
"Apple Laptop",SKU-006445,1834507,95
"Apple Camera",SKU-006446,2990033,114
"Apple Laptop",SKU-006447,39638793,120
"Apple Tablet",SKU-006448,13222113,578
"Apple Monitor",SKU-006449,11799287,721
"Dell Laptop",SKU-006450,28474784,806
"Dell Laptop",SKU-006451,40038038,392
"Sony Monitor",SKU-006452,37984881,252
"Dell Laptop",SKU-006453,5649156,72
"Sony Laptop",SKU-006454,19117654,699
"HP Monitor",SKU-006455,18990397,309
"Samsung Laptop",SKU-006456,16824131,805
"HP Smartphone",SKU-006457,23942758,350
"Sony Camera",SKU-006458,22109547,946
"Dell Monitor",SKU-006459,30815358,867
"Dell Smartphone",SKU-006460,35432625,448
"HP Camera",SKU-006461,39080844,510
"HP Smartphone",SKU-006462,8839305,844
"HP Monitor",SKU-006463,11544430,483
"HP Monitor",SKU-006464,32823849,302
"Dell Laptop",SKU-006465,28522261,832
"HP Monitor",SKU-006466,38438490,470
"Apple Laptop",SKU-006467,31417888,658
"Dell Monitor",SKU-006468,35520386,433
"HP Tablet",SKU-006469,5602656,966
"Samsung Laptop",SKU-006470,28965938,934
"Sony Camera",SKU-006471,16552996,637
"Sony Smartphone",SKU-006472,15177639,113
"Apple Laptop",SKU-006473,15405602,499
"Apple Monitor",SKU-006474,35851020,331
"Samsung Camera",SKU-006475,28369768,267
"Sony Tablet",SKU-006476,24464711,460
"Sony Smartphone",SKU-006477,48792145,237
"Sony Tablet",SKU-006478,43788976,266
"Apple Laptop",SKU-006479,4033816,943
"Samsung Laptop",SKU-006480,35849439,709
"HP Laptop",SKU-006481,3489401,991
"Dell Tablet",SKU-006482,27942427,97
"HP Tablet",SKU-006483,7898029,945
"Samsung Monitor",SKU-006484,25422585,69
"Sony Camera",SKU-006485,19465860,377
"Dell Camera",SKU-006486,46703283,341
"HP Camera",SKU-006487,49708339,638
"Apple Smartphone",SKU-006488,35914055,136
"Samsung Camera",SKU-006489,20177337,699
"Samsung Monitor",SKU-006490,22611166,42
"Samsung Monitor",SKU-006491,36218856,494
"Samsung Tablet",SKU-006492,31961415,131
"Dell Camera",SKU-006493,12220896,534
"Apple Tablet",SKU-006494,2982583,766
"Apple Camera",SKU-006495,35253174,801
"Apple Camera",SKU-006496,20667656,738
"Sony Monitor",SKU-006497,7407214,235
"HP Laptop",SKU-006498,17741533,552
"HP Laptop",SKU-006499,44652092,524
"Sony Laptop",SKU-006500,6287262,587
"Samsung Monitor",SKU-006501,35956411,209
"Apple Monitor",SKU-006502,29754013,388
"HP Laptop",SKU-006503,36325870,346
"Dell Tablet",SKU-006504,35563646,481
"Apple Laptop",SKU-006505,2795127,382
"Sony Camera",SKU-006506,19683484,461
"Samsung Smartphone",SKU-006507,26901004,560
"Sony Monitor",SKU-006508,22272483,266
"HP Camera",SKU-006509,47382035,77
"HP Monitor",SKU-006510,40326838,471
"Samsung Laptop",SKU-006511,13945264,959
"Samsung Tablet",SKU-006512,3804522,725
"Samsung Smartphone",SKU-006513,13981538,962
"Samsung Tablet",SKU-006514,17576646,727
"Sony Camera",SKU-006515,29570226,394
"HP Smartphone",SKU-006516,21060020,601
"Sony Tablet",SKU-006517,25772950,370
"Apple Smartphone",SKU-006518,19813613,769
"Samsung Smartphone",SKU-006519,44219872,723
"Samsung Monitor",SKU-006520,24367866,177
"Dell Monitor",SKU-006521,25626976,282
"Dell Smartphone",SKU-006522,15799874,29
"HP Tablet",SKU-006523,3178138,959
"HP Camera",SKU-006524,39455000,186
"Apple Smartphone",SKU-006525,24242679,662
"Sony Tablet",SKU-006526,27315908,250
"Dell Tablet",SKU-006527,45847822,676
"Sony Monitor",SKU-006528,2197119,290
"Sony Monitor",SKU-006529,33288933,289
"Apple Smartphone",SKU-006530,31032632,705
"Dell Laptop",SKU-006531,46174495,816
"Samsung Monitor",SKU-006532,23422533,660
"Samsung Laptop",SKU-006533,14000671,412
"Sony Laptop",SKU-006534,13651224,982
"Sony Smartphone",SKU-006535,19424111,959
"Apple Laptop",SKU-006536,16169421,296
"HP Monitor",SKU-006537,18821789,611
"Sony Monitor",SKU-006538,5912169,373
"Apple Tablet",SKU-006539,14688411,538
"Dell Laptop",SKU-006540,9514172,997
"Apple Tablet",SKU-006541,7951733,641
"Apple Monitor",SKU-006542,2314895,779
"Apple Tablet",SKU-006543,27062648,148
"Sony Tablet",SKU-006544,11735136,311
"Apple Camera",SKU-006545,38282998,60
"Apple Monitor",SKU-006546,41157263,944
"Apple Smartphone",SKU-006547,32539320,178
"Sony Camera",SKU-006548,28965188,452
"Apple Smartphone",SKU-006549,44463048,446
"Dell Monitor",SKU-006550,43754497,792
"HP Laptop",SKU-006551,38127984,844
"Apple Laptop",SKU-006552,38075608,4
"Sony Smartphone",SKU-006553,7650849,46
"HP Camera",SKU-006554,14926134,846
"Sony Monitor",SKU-006555,37175493,106
"Apple Monitor",SKU-006556,35517696,904
"Dell Monitor",SKU-006557,23901679,544
"Samsung Monitor",SKU-006558,33886690,304
"Sony Smartphone",SKU-006559,12058712,875
"Sony Smartphone",SKU-006560,24814999,434
"Apple Smartphone",SKU-006561,41524672,110
"Apple Smartphone",SKU-006562,1989562,290
"HP Smartphone",SKU-006563,5264263,701
"Sony Monitor",SKU-006564,33917431,664
"Samsung Monitor",SKU-006565,22825651,129
"Samsung Smartphone",SKU-006566,23719041,369
"Samsung Tablet",SKU-006567,46749550,392
"Apple Laptop",SKU-006568,31815112,688
"Dell Monitor",SKU-006569,36108019,993
"Dell Laptop",SKU-006570,1788003,924
"HP Laptop",SKU-006571,1971345,551
"Samsung Tablet",SKU-006572,4826498,607
"Sony Monitor",SKU-006573,14088407,85
"Dell Laptop",SKU-006574,7797707,627
"Samsung Smartphone",SKU-006575,49431449,113
"Apple Tablet",SKU-006576,9528572,697
"Samsung Monitor",SKU-006577,43003830,908
"Samsung Camera",SKU-006578,3290283,432
"Apple Laptop",SKU-006579,4176488,535
"Sony Monitor",SKU-006580,14826277,803
"Dell Smartphone",SKU-006581,49323816,888
"HP Monitor",SKU-006582,7702356,605
"Dell Laptop",SKU-006583,40532352,372
"HP Smartphone",SKU-006584,2448974,804
"Sony Smartphone",SKU-006585,41486885,967
"Dell Camera",SKU-006586,48673640,977
"Sony Monitor",SKU-006587,30836876,970
"HP Tablet",SKU-006588,18450181,311
"Sony Monitor",SKU-006589,29430995,557
"Sony Smartphone",SKU-006590,41328396,891
"Samsung Monitor",SKU-006591,5015444,962
"Sony Smartphone",SKU-006592,31280560,438
"HP Monitor",SKU-006593,3656352,942
"Sony Tablet",SKU-006594,43170562,134
"Dell Tablet",SKU-006595,25981715,770
"Sony Monitor",SKU-006596,24026507,841
"Apple Laptop",SKU-006597,24514151,569
"Apple Camera",SKU-006598,12720590,434
"HP Laptop",SKU-006599,4401244,283
"Samsung Tablet",SKU-006600,2101230,926
"Samsung Laptop",SKU-006601,6935813,590
"HP Camera",SKU-006602,18010320,392
"Apple Smartphone",SKU-006603,4158910,507
"Sony Camera",SKU-006604,35848253,533
"Sony Smartphone",SKU-006605,18193862,219
"Sony Camera",SKU-006606,33248490,248
"Sony Monitor",SKU-006607,6042252,509
"HP Smartphone",SKU-006608,5472821,705
"Samsung Tablet",SKU-006609,2231443,417
"Dell Smartphone",SKU-006610,1431751,740
"HP Laptop",SKU-006611,38388047,811
"Samsung Monitor",SKU-006612,4574813,403
"Sony Camera",SKU-006613,36069271,622
"Apple Monitor",SKU-006614,24180813,71
"HP Smartphone",SKU-006615,28565102,405
"Samsung Camera",SKU-006616,17605037,935
"HP Laptop",SKU-006617,12945135,538
"HP Camera",SKU-006618,3959295,560
"Sony Smartphone",SKU-006619,44111778,835
"HP Laptop",SKU-006620,48020190,652
"Sony Tablet",SKU-006621,42840106,550
"HP Camera",SKU-006622,44579790,801
"Samsung Tablet",SKU-006623,1250907,67
"Sony Tablet",SKU-006624,45140054,602
"HP Monitor",SKU-006625,8168094,707
"Sony Smartphone",SKU-006626,17760313,10
"Apple Laptop",SKU-006627,44289936,740
"Apple Smartphone",SKU-006628,35498035,578
"Dell Camera",SKU-006629,11264802,476
"HP Monitor",SKU-006630,1490750,567
"HP Smartphone",SKU-006631,40213626,586
"Dell Camera",SKU-006632,4148765,400
"Apple Laptop",SKU-006633,49203457,838
"Samsung Smartphone",SKU-006634,46871456,154
"Sony Camera",SKU-006635,15893559,608
"Sony Camera",SKU-006636,1885485,363
"Dell Tablet",SKU-006637,2009195,41
"Dell Laptop",SKU-006638,35876862,754
"HP Laptop",SKU-006639,46522907,616
"Sony Tablet",SKU-006640,26463696,669
"Samsung Tablet",SKU-006641,34524805,244
"Samsung Smartphone",SKU-006642,3375971,268
"Samsung Laptop",SKU-006643,47210519,714
"Dell Laptop",SKU-006644,6891989,711
"Samsung Tablet",SKU-006645,22312106,159
"Samsung Smartphone",SKU-006646,9159507,453
"Dell Laptop",SKU-006647,28816139,755
"Apple Monitor",SKU-006648,26584298,235
"Sony Smartphone",SKU-006649,46915844,819
"Apple Monitor",SKU-006650,49419439,769
"Sony Smartphone",SKU-006651,14805119,486
"Dell Laptop",SKU-006652,26874904,364
"HP Laptop",SKU-006653,40012538,71
"HP Smartphone",SKU-006654,18930550,434
"Sony Smartphone",SKU-006655,34845502,308
"Dell Tablet",SKU-006656,5467009,168
"Dell Smartphone",SKU-006657,40644020,272
"Sony Monitor",SKU-006658,32980756,511
"Sony Tablet",SKU-006659,18016135,460
"Dell Smartphone",SKU-006660,11625556,561
"Sony Monitor",SKU-006661,16704140,190
"Sony Camera",SKU-006662,12547323,473
"Samsung Tablet",SKU-006663,39670071,331
"Apple Smartphone",SKU-006664,43023936,782
"Apple Smartphone",SKU-006665,39495039,834
"Sony Smartphone",SKU-006666,41881146,861
"HP Smartphone",SKU-006667,23973233,223
"Apple Camera",SKU-006668,5276319,182
"HP Monitor",SKU-006669,31841972,601
"Apple Monitor",SKU-006670,38757799,44
"Samsung Monitor",SKU-006671,24550581,579
"Samsung Tablet",SKU-006672,3141986,249
"Sony Tablet",SKU-006673,45077129,388
"Dell Laptop",SKU-006674,8093201,113
"Sony Laptop",SKU-006675,30820212,942
"Apple Camera",SKU-006676,17626070,273
"HP Tablet",SKU-006677,27933419,501
"Sony Monitor",SKU-006678,1055523,22
"HP Laptop",SKU-006679,33810932,7
"Samsung Camera",SKU-006680,25151739,784
"Sony Monitor",SKU-006681,31069801,157
"Sony Smartphone",SKU-006682,23628927,152
"Dell Laptop",SKU-006683,40560364,466
"Samsung Monitor",SKU-006684,3727786,67
"Dell Tablet",SKU-006685,48237628,422
"HP Laptop",SKU-006686,7333973,378
"HP Laptop",SKU-006687,1476277,833
"HP Laptop",SKU-006688,46603135,839
"HP Camera",SKU-006689,15602130,107
"Apple Smartphone",SKU-006690,29145748,513
"Dell Laptop",SKU-006691,25997459,64
"Samsung Monitor",SKU-006692,40157921,769
"Dell Laptop",SKU-006693,47092385,780
"Apple Laptop",SKU-006694,34241028,556
"Apple Camera",SKU-006695,29586798,396
"Samsung Laptop",SKU-006696,4704153,830
"HP Monitor",SKU-006697,34954534,798
"HP Monitor",SKU-006698,30562553,10
"Sony Camera",SKU-006699,17995266,21
"Dell Smartphone",SKU-006700,48085349,386
"Apple Smartphone",SKU-006701,9224246,723
"Sony Camera",SKU-006702,18719007,195
"Sony Tablet",SKU-006703,47932556,444
"Dell Laptop",SKU-006704,6734727,370
"HP Tablet",SKU-006705,38580439,632
"HP Camera",SKU-006706,3604305,52
"Dell Tablet",SKU-006707,36975946,219
"Sony Tablet",SKU-006708,45555018,239
"Apple Monitor",SKU-006709,12083543,926
"Samsung Monitor",SKU-006710,16937938,571
"HP Monitor",SKU-006711,36928790,262
"Sony Monitor",SKU-006712,11588996,776
"Dell Smartphone",SKU-006713,41332998,572
"Samsung Monitor",SKU-006714,13474401,719
"Sony Tablet",SKU-006715,40147272,813
"Dell Laptop",SKU-006716,9379465,302
"Samsung Smartphone",SKU-006717,25775232,644
"Sony Camera",SKU-006718,46911566,309
"Apple Monitor",SKU-006719,11903391,945
"Dell Smartphone",SKU-006720,21792188,763
"Samsung Laptop",SKU-006721,39348915,981
"Samsung Monitor",SKU-006722,36542225,251
"HP Monitor",SKU-006723,18201180,947
"Sony Tablet",SKU-006724,34776744,922
"Apple Monitor",SKU-006725,38867558,855
"Dell Smartphone",SKU-006726,42489423,996
"HP Monitor",SKU-006727,8429289,112
"Dell Camera",SKU-006728,18092705,50
"Apple Monitor",SKU-006729,47459645,277
"Dell Camera",SKU-006730,11441004,517
"HP Tablet",SKU-006731,2456443,224
"HP Monitor",SKU-006732,37298655,555
"Samsung Laptop",SKU-006733,34018278,976
"HP Tablet",SKU-006734,31650072,835
"Sony Monitor",SKU-006735,45746879,496
"Dell Smartphone",SKU-006736,19367348,71
"Apple Smartphone",SKU-006737,18626585,54
"Sony Smartphone",SKU-006738,47488837,874
"Dell Smartphone",SKU-006739,36958703,88
"Dell Laptop",SKU-006740,31435814,833
"HP Laptop",SKU-006741,13685875,838
"Sony Monitor",SKU-006742,7587894,180
"Samsung Laptop",SKU-006743,31539254,960
"Samsung Smartphone",SKU-006744,16608016,898
"Dell Tablet",SKU-006745,11567178,586
"Dell Tablet",SKU-006746,30310810,777
"Sony Monitor",SKU-006747,31558929,308
"Apple Tablet",SKU-006748,10341475,172
"Apple Smartphone",SKU-006749,37956005,112
"Samsung Monitor",SKU-006750,15277492,127
"Dell Laptop",SKU-006751,40233599,19
"Apple Laptop",SKU-006752,13328239,712
"HP Smartphone",SKU-006753,30709016,452
"Apple Monitor",SKU-006754,36506359,956
"HP Laptop",SKU-006755,43354363,26
"Samsung Tablet",SKU-006756,47547341,815
"Sony Laptop",SKU-006757,4197008,753
"Apple Monitor",SKU-006758,20245271,1
"Apple Monitor",SKU-006759,26211839,927
"Samsung Laptop",SKU-006760,24644773,411
"Apple Monitor",SKU-006761,44216630,992
"Sony Laptop",SKU-006762,27804870,244
"Samsung Camera",SKU-006763,43896621,855
"Sony Smartphone",SKU-006764,32574448,44
"Dell Tablet",SKU-006765,39796778,247
"Dell Camera",SKU-006766,8115041,968
"Apple Laptop",SKU-006767,25492021,214
"HP Laptop",SKU-006768,15091824,263
"HP Camera",SKU-006769,48047238,769
"Sony Smartphone",SKU-006770,19720645,53
"HP Tablet",SKU-006771,31850013,430
"Sony Monitor",SKU-006772,34736317,603
"Apple Monitor",SKU-006773,24718374,484
"Apple Smartphone",SKU-006774,23408182,451
"Dell Camera",SKU-006775,6558173,101
"Dell Smartphone",SKU-006776,10528611,748
"Dell Camera",SKU-006777,17748349,532
"HP Laptop",SKU-006778,12373766,399
"HP Tablet",SKU-006779,45405151,806
"Samsung Tablet",SKU-006780,32128854,767
"Dell Camera",SKU-006781,3802808,541
"Samsung Camera",SKU-006782,13680072,181
"Dell Monitor",SKU-006783,37207108,471
"Samsung Laptop",SKU-006784,46055095,134
"Sony Laptop",SKU-006785,28415335,41
"Dell Laptop",SKU-006786,39608276,790
"Apple Smartphone",SKU-006787,26237466,474
"Apple Smartphone",SKU-006788,6815826,59
"Samsung Laptop",SKU-006789,16438368,585
"Sony Camera",SKU-006790,8334144,79
"Samsung Camera",SKU-006791,26023151,855
"Samsung Monitor",SKU-006792,48314164,990
"Apple Smartphone",SKU-006793,17020574,932
"HP Monitor",SKU-006794,24481007,95
"Apple Laptop",SKU-006795,20799162,665
"Samsung Camera",SKU-006796,25599894,986
"Apple Camera",SKU-006797,48120598,515
"Apple Monitor",SKU-006798,33953516,978
"Apple Monitor",SKU-006799,10341560,810
"Dell Smartphone",SKU-006800,25329413,121
"Apple Camera",SKU-006801,44049650,714
"HP Camera",SKU-006802,42264097,164
"Samsung Laptop",SKU-006803,38810406,553
"Dell Smartphone",SKU-006804,28395904,529
"Apple Camera",SKU-006805,30710596,815
"Samsung Camera",SKU-006806,8520963,272
"Sony Camera",SKU-006807,29213933,975
"HP Smartphone",SKU-006808,38723185,440
"Sony Smartphone",SKU-006809,47492285,834
"Sony Smartphone",SKU-006810,46595196,685
"Samsung Laptop",SKU-006811,22799474,811
"Sony Monitor",SKU-006812,27365710,654
"Sony Camera",SKU-006813,37430420,954
"Sony Tablet",SKU-006814,16943532,350
"Apple Tablet",SKU-006815,7611013,796
"HP Tablet",SKU-006816,21705217,211
"HP Camera",SKU-006817,20424733,571
"Dell Smartphone",SKU-006818,42803044,510
"Samsung Laptop",SKU-006819,35144256,960
"Sony Laptop",SKU-006820,30452375,715
"Apple Smartphone",SKU-006821,42570972,462
"Samsung Monitor",SKU-006822,33774937,661
"HP Tablet",SKU-006823,34496393,534
"Samsung Monitor",SKU-006824,8492108,43
"Apple Laptop",SKU-006825,17565191,494
"Samsung Laptop",SKU-006826,49521675,611
"Samsung Smartphone",SKU-006827,27760140,59
"Dell Monitor",SKU-006828,20657996,322
"Dell Laptop",SKU-006829,26008611,509
"Dell Laptop",SKU-006830,20576025,380
"Apple Monitor",SKU-006831,26798180,636
"HP Smartphone",SKU-006832,12099416,16
"HP Camera",SKU-006833,10433319,990
"Sony Smartphone",SKU-006834,26593378,168
"Dell Laptop",SKU-006835,27081698,468
"Samsung Monitor",SKU-006836,18047555,199
"HP Laptop",SKU-006837,30223630,175
"Sony Monitor",SKU-006838,11173569,457
"Samsung Smartphone",SKU-006839,29330353,869
"Sony Monitor",SKU-006840,43359550,170
"Samsung Monitor",SKU-006841,20884526,818
"Dell Tablet",SKU-006842,37302490,2
"Samsung Monitor",SKU-006843,15730665,671
"Sony Tablet",SKU-006844,29303621,905
"Apple Laptop",SKU-006845,30487189,611
"Apple Camera",SKU-006846,13926589,757
"Apple Camera",SKU-006847,47710164,183
"Sony Camera",SKU-006848,11102949,12
"Dell Tablet",SKU-006849,18619322,83
"Apple Tablet",SKU-006850,8474012,95
"Apple Tablet",SKU-006851,39172225,39
"Samsung Camera",SKU-006852,27058130,680
"Dell Tablet",SKU-006853,4804739,58
"Sony Smartphone",SKU-006854,42691481,347
"Dell Tablet",SKU-006855,5804499,501
"Apple Laptop",SKU-006856,23991285,37
"Sony Tablet",SKU-006857,2351687,689
"HP Laptop",SKU-006858,26166945,282
"Dell Laptop",SKU-006859,48031150,4
"Dell Smartphone",SKU-006860,7626221,885
"HP Smartphone",SKU-006861,46770068,760
"Dell Tablet",SKU-006862,3172976,566
"HP Camera",SKU-006863,3061552,405
"Dell Monitor",SKU-006864,32215676,907
"Samsung Laptop",SKU-006865,24787776,284
"Samsung Tablet",SKU-006866,4226909,166
"Dell Tablet",SKU-006867,17927855,333
"Samsung Tablet",SKU-006868,22603382,391
"Apple Monitor",SKU-006869,11840295,831
"Dell Tablet",SKU-006870,1031494,682
"Apple Monitor",SKU-006871,40156260,454
"Dell Smartphone",SKU-006872,32855803,663
"Sony Monitor",SKU-006873,21343621,710
"HP Smartphone",SKU-006874,14805991,586
"HP Monitor",SKU-006875,25026901,118
"Samsung Laptop",SKU-006876,43664850,208
"HP Tablet",SKU-006877,14647058,24
"HP Tablet",SKU-006878,1490160,673
"HP Monitor",SKU-006879,14810971,304
"Dell Laptop",SKU-006880,18594549,281
"Sony Tablet",SKU-006881,36842566,87
"Apple Camera",SKU-006882,37880455,704
"Apple Camera",SKU-006883,19533271,558
"Apple Laptop",SKU-006884,32905820,842
"Apple Monitor",SKU-006885,49862350,959
"Samsung Laptop",SKU-006886,44917270,6
"Sony Camera",SKU-006887,4375599,41
"Apple Monitor",SKU-006888,9581813,121
"Apple Smartphone",SKU-006889,46808759,86
"HP Smartphone",SKU-006890,15587957,869
"Dell Monitor",SKU-006891,12429385,958
"Apple Smartphone",SKU-006892,42582999,931
"Sony Smartphone",SKU-006893,19756522,558
"Sony Tablet",SKU-006894,14337865,226
"Sony Smartphone",SKU-006895,3276418,789
"Samsung Laptop",SKU-006896,26428803,162
"Apple Camera",SKU-006897,48032263,547
"HP Laptop",SKU-006898,7556974,822
"Sony Laptop",SKU-006899,31637442,222
"Apple Tablet",SKU-006900,44548911,423
"Sony Camera",SKU-006901,38648934,244
"Apple Laptop",SKU-006902,22441987,328
"Dell Tablet",SKU-006903,16706903,864
"Apple Camera",SKU-006904,15094385,611
"Samsung Smartphone",SKU-006905,9882431,267
"Sony Tablet",SKU-006906,17248369,994
"HP Laptop",SKU-006907,15797987,679
"Apple Laptop",SKU-006908,7047890,770
"Apple Laptop",SKU-006909,6975153,818
"Samsung Monitor",SKU-006910,46762762,223
"Sony Camera",SKU-006911,32651974,817
"Dell Laptop",SKU-006912,11732016,333
"Sony Tablet",SKU-006913,27218633,46
"Samsung Tablet",SKU-006914,12892168,412
"HP Tablet",SKU-006915,15877200,896
"Sony Laptop",SKU-006916,1688353,430
"Sony Monitor",SKU-006917,17420303,423
"Apple Camera",SKU-006918,42627412,409
"Dell Smartphone",SKU-006919,37359798,409
"HP Monitor",SKU-006920,35921777,633
"Samsung Laptop",SKU-006921,33542798,508
"Apple Tablet",SKU-006922,32377427,58
"HP Camera",SKU-006923,28615907,684
"Samsung Monitor",SKU-006924,38551481,341
"Sony Monitor",SKU-006925,30540325,990
"Samsung Monitor",SKU-006926,24365517,564
"Samsung Monitor",SKU-006927,4439461,962
"HP Tablet",SKU-006928,36808963,563
"Samsung Camera",SKU-006929,13997125,313
"HP Smartphone",SKU-006930,34816211,399
"Apple Monitor",SKU-006931,39220772,605
"Dell Laptop",SKU-006932,47907786,590
"Sony Laptop",SKU-006933,4965620,364
"HP Camera",SKU-006934,33288932,226
"Samsung Laptop",SKU-006935,49185604,433
"Samsung Laptop",SKU-006936,9051087,201
"Apple Camera",SKU-006937,30706581,372
"Dell Camera",SKU-006938,12005586,118
"Sony Tablet",SKU-006939,6399180,266
"HP Laptop",SKU-006940,39975963,415
"Dell Monitor",SKU-006941,48937195,528
"Sony Smartphone",SKU-006942,29299268,21
"Apple Camera",SKU-006943,46944898,448
"Dell Monitor",SKU-006944,28999230,883
"Dell Laptop",SKU-006945,8637109,698
"Apple Camera",SKU-006946,8331532,179
"HP Monitor",SKU-006947,32168057,974
"Sony Tablet",SKU-006948,49012018,310
"HP Smartphone",SKU-006949,3058794,730
"Samsung Monitor",SKU-006950,23161917,858
"Samsung Smartphone",SKU-006951,20018034,93
"HP Smartphone",SKU-006952,31820811,310
"Dell Laptop",SKU-006953,8881993,81
"Dell Camera",SKU-006954,38249863,197
"Samsung Tablet",SKU-006955,1424360,471
"Sony Tablet",SKU-006956,26858353,870
"Dell Laptop",SKU-006957,21662021,184
"Dell Laptop",SKU-006958,2153192,369
"Dell Tablet",SKU-006959,22211912,307
"Dell Smartphone",SKU-006960,27919130,969
"Apple Tablet",SKU-006961,11993707,377
"Dell Camera",SKU-006962,41944028,809
"HP Camera",SKU-006963,26422161,620
"Dell Tablet",SKU-006964,35127171,378
"Sony Smartphone",SKU-006965,45722166,652
"Dell Laptop",SKU-006966,33037063,108
"Dell Smartphone",SKU-006967,23679265,720
"Apple Laptop",SKU-006968,30863997,44
"Sony Monitor",SKU-006969,40399415,219
"HP Tablet",SKU-006970,36683282,150
"Apple Smartphone",SKU-006971,31601135,14
"Sony Laptop",SKU-006972,25917810,980
"Dell Tablet",SKU-006973,40538364,536
"Apple Camera",SKU-006974,36989124,761
"Sony Smartphone",SKU-006975,27755848,896
"HP Smartphone",SKU-006976,31551306,790
"Samsung Tablet",SKU-006977,1026291,562
"HP Camera",SKU-006978,42799158,471
"Samsung Smartphone",SKU-006979,27633693,461
"Dell Camera",SKU-006980,33585669,758
"HP Smartphone",SKU-006981,15835403,754
"HP Laptop",SKU-006982,10287887,361
"Sony Monitor",SKU-006983,11899206,512
"Apple Smartphone",SKU-006984,29289278,339
"Samsung Monitor",SKU-006985,49034760,675
"Sony Smartphone",SKU-006986,21222098,340
"Dell Laptop",SKU-006987,2260889,193
"HP Camera",SKU-006988,17542214,976
"Apple Camera",SKU-006989,45724959,831
"HP Laptop",SKU-006990,18753330,959
"Sony Camera",SKU-006991,17940916,510
"Sony Laptop",SKU-006992,32230518,856
"Samsung Laptop",SKU-006993,34090268,513
"Apple Laptop",SKU-006994,5135630,446
"HP Smartphone",SKU-006995,34132113,452
"Apple Camera",SKU-006996,10455442,761
"Sony Smartphone",SKU-006997,4707830,940
"Apple Camera",SKU-006998,29388246,692
"HP Camera",SKU-006999,24182122,66
"HP Smartphone",SKU-007000,3919426,407
"Samsung Monitor",SKU-007001,27402113,879
"Samsung Monitor",SKU-007002,4620837,288
"HP Laptop",SKU-007003,4307003,775
"Apple Camera",SKU-007004,11197983,748
"HP Monitor",SKU-007005,47898142,582
"Sony Camera",SKU-007006,30433638,567
"Sony Camera",SKU-007007,49144319,727
"Sony Smartphone",SKU-007008,27618366,499
"HP Tablet",SKU-007009,24960743,417
"HP Laptop",SKU-007010,5206533,719
"Dell Laptop",SKU-007011,2542507,235
"Dell Camera",SKU-007012,32080053,248
"Samsung Laptop",SKU-007013,38895378,65
"Apple Laptop",SKU-007014,13848313,494
"Sony Laptop",SKU-007015,21331147,630
"HP Monitor",SKU-007016,22027591,285
"Sony Laptop",SKU-007017,35846488,391
"HP Tablet",SKU-007018,37757022,959
"Samsung Camera",SKU-007019,6132816,777
"Apple Laptop",SKU-007020,35698268,857
"Samsung Smartphone",SKU-007021,42902429,983
"HP Camera",SKU-007022,43774742,942
"HP Tablet",SKU-007023,43825268,993
"HP Monitor",SKU-007024,27495177,394
"Sony Camera",SKU-007025,40661315,635
"HP Monitor",SKU-007026,31704040,58
"Dell Smartphone",SKU-007027,6029053,934
"HP Monitor",SKU-007028,17000031,169
"Samsung Monitor",SKU-007029,35084415,932
"HP Smartphone",SKU-007030,21567312,602
"Dell Smartphone",SKU-007031,21032257,221
"Dell Laptop",SKU-007032,13508060,220
"Sony Tablet",SKU-007033,12361854,676
"Samsung Monitor",SKU-007034,21721171,61
"Sony Camera",SKU-007035,6980363,517
"Dell Smartphone",SKU-007036,12883149,773
"Dell Smartphone",SKU-007037,34862341,317
"Samsung Laptop",SKU-007038,10281338,249
"Dell Monitor",SKU-007039,24091614,880
"Dell Tablet",SKU-007040,26759791,510
"Sony Tablet",SKU-007041,32608961,656
"Samsung Monitor",SKU-007042,13957350,817
"HP Monitor",SKU-007043,49131596,343
"Dell Monitor",SKU-007044,26876946,345
"Dell Smartphone",SKU-007045,39587140,680
"Samsung Camera",SKU-007046,30978960,496
"Samsung Laptop",SKU-007047,44873662,480
"HP Monitor",SKU-007048,49296450,140
"Apple Monitor",SKU-007049,40628072,39
"HP Tablet",SKU-007050,30969020,44
"Dell Laptop",SKU-007051,49136935,126
"Sony Tablet",SKU-007052,33713114,425
"Sony Camera",SKU-007053,35460649,62
"Apple Smartphone",SKU-007054,4645247,663
"HP Smartphone",SKU-007055,43977985,984
"Samsung Monitor",SKU-007056,46927509,763
"Dell Monitor",SKU-007057,11771710,133
"Samsung Smartphone",SKU-007058,40754771,843
"Dell Camera",SKU-007059,20477464,991
"Apple Monitor",SKU-007060,27855591,931
"Samsung Laptop",SKU-007061,11437060,812
"HP Laptop",SKU-007062,41405253,993
"Dell Tablet",SKU-007063,33673959,779
"Dell Monitor",SKU-007064,2704261,363
"Dell Monitor",SKU-007065,27214710,959
"HP Smartphone",SKU-007066,13472028,517
"Samsung Tablet",SKU-007067,33473880,928
"Dell Smartphone",SKU-007068,39733137,415
"Dell Laptop",SKU-007069,23037262,926
"HP Monitor",SKU-007070,24916188,795
"Apple Tablet",SKU-007071,2576007,726
"Samsung Monitor",SKU-007072,9199019,133
"Sony Monitor",SKU-007073,36847920,531
"Dell Smartphone",SKU-007074,23685766,173
"Sony Laptop",SKU-007075,18274246,844
"Apple Tablet",SKU-007076,26764484,608
"Apple Laptop",SKU-007077,8590895,872
"HP Monitor",SKU-007078,18308403,58
"Dell Camera",SKU-007079,13223270,114
"Apple Camera",SKU-007080,37488471,756
"Samsung Laptop",SKU-007081,23461115,522
"Dell Laptop",SKU-007082,40155572,232
"Sony Monitor",SKU-007083,33141051,795
"Dell Laptop",SKU-007084,26618305,446
"Samsung Laptop",SKU-007085,19372707,801
"Apple Smartphone",SKU-007086,36381692,781
"Apple Tablet",SKU-007087,40847479,556
"Sony Tablet",SKU-007088,19086964,962
"Apple Laptop",SKU-007089,11207167,448
"HP Tablet",SKU-007090,4104300,821
"Sony Tablet",SKU-007091,38887714,956
"Dell Tablet",SKU-007092,10091704,305
"Samsung Camera",SKU-007093,27726957,45
"Sony Monitor",SKU-007094,33121668,968
"Samsung Camera",SKU-007095,42531050,624
"Dell Monitor",SKU-007096,19342196,704
"HP Camera",SKU-007097,25207255,959
"Samsung Laptop",SKU-007098,7957639,836
"Sony Smartphone",SKU-007099,21373695,343
"Apple Smartphone",SKU-007100,5814965,120
"Apple Camera",SKU-007101,33634621,637
"Samsung Camera",SKU-007102,16284692,610
"Dell Tablet",SKU-007103,3119234,676
"Apple Tablet",SKU-007104,16944650,91
"Sony Laptop",SKU-007105,27769823,298
"Samsung Tablet",SKU-007106,28916698,999
"Dell Tablet",SKU-007107,16234152,465
"Dell Camera",SKU-007108,28959593,643
"Apple Monitor",SKU-007109,9087625,127
"Apple Tablet",SKU-007110,1562005,829
"Sony Laptop",SKU-007111,33048340,539
"Sony Tablet",SKU-007112,23518889,593
"Samsung Smartphone",SKU-007113,48943027,635
"Apple Camera",SKU-007114,41001213,606
"Sony Laptop",SKU-007115,7027975,526
"Dell Camera",SKU-007116,29247146,262
"Sony Monitor",SKU-007117,29122427,481
"Apple Monitor",SKU-007118,7131731,169
"Apple Smartphone",SKU-007119,24552445,599
"Sony Monitor",SKU-007120,4065462,388
"Sony Camera",SKU-007121,9576999,729
"Sony Laptop",SKU-007122,8554372,898
"Samsung Monitor",SKU-007123,18535619,203
"Dell Monitor",SKU-007124,31661877,44
"Sony Laptop",SKU-007125,31260141,873
"Sony Tablet",SKU-007126,20032727,966
"Samsung Camera",SKU-007127,30769028,860
"Apple Laptop",SKU-007128,17164334,545
"HP Camera",SKU-007129,38225452,242
"Apple Monitor",SKU-007130,33681166,161
"HP Camera",SKU-007131,33786460,201
"Dell Laptop",SKU-007132,24717178,606
"Samsung Smartphone",SKU-007133,43917698,383
"Samsung Monitor",SKU-007134,37284130,776
"Dell Camera",SKU-007135,5600105,772
"HP Laptop",SKU-007136,17525478,204
"HP Monitor",SKU-007137,25350962,933
"HP Tablet",SKU-007138,19293624,1
"HP Camera",SKU-007139,38073893,541
"Sony Smartphone",SKU-007140,42690573,558
"Samsung Monitor",SKU-007141,39224734,730
"Sony Laptop",SKU-007142,11561629,900
"Dell Camera",SKU-007143,39302156,641
"Dell Smartphone",SKU-007144,43462800,35
"Samsung Smartphone",SKU-007145,28092355,828
"HP Smartphone",SKU-007146,29548414,252
"Dell Tablet",SKU-007147,41972077,716
"Samsung Tablet",SKU-007148,2036086,899
"HP Camera",SKU-007149,33674362,16
"HP Camera",SKU-007150,7261235,977
"Dell Tablet",SKU-007151,36998640,677
"HP Smartphone",SKU-007152,40588324,793
"Dell Smartphone",SKU-007153,43417537,206
"Dell Laptop",SKU-007154,26604189,347
"Apple Laptop",SKU-007155,27036945,690
"Samsung Smartphone",SKU-007156,8639428,282
"Apple Tablet",SKU-007157,15154246,235
"Samsung Camera",SKU-007158,43391281,495
"Sony Monitor",SKU-007159,7789848,981
"Apple Monitor",SKU-007160,36270973,153
"Dell Camera",SKU-007161,35545410,271
"Apple Laptop",SKU-007162,2845848,131
"Samsung Tablet",SKU-007163,2224913,987
"Samsung Camera",SKU-007164,16412690,755
"HP Laptop",SKU-007165,25465919,903
"Samsung Monitor",SKU-007166,20445324,928
"Samsung Smartphone",SKU-007167,5671208,403
"Dell Smartphone",SKU-007168,10725751,276
"Apple Tablet",SKU-007169,4183740,608
"Sony Camera",SKU-007170,11125792,484
"Apple Smartphone",SKU-007171,5632651,768
"Apple Smartphone",SKU-007172,42331548,131
"Dell Tablet",SKU-007173,2075928,155
"HP Camera",SKU-007174,33828324,344
"Apple Camera",SKU-007175,27965672,860
"Sony Tablet",SKU-007176,28015153,734
"Samsung Tablet",SKU-007177,11866963,463
"Apple Laptop",SKU-007178,23525722,547
"Dell Monitor",SKU-007179,2488564,790
"Apple Tablet",SKU-007180,31441235,663
"Sony Tablet",SKU-007181,40235100,860
"Sony Camera",SKU-007182,1923905,395
"Dell Tablet",SKU-007183,16619854,863
"Samsung Tablet",SKU-007184,14295001,810
"Dell Tablet",SKU-007185,32432273,195
"Samsung Camera",SKU-007186,4461133,369
"Apple Tablet",SKU-007187,22900982,923
"Samsung Smartphone",SKU-007188,22131018,838
"Sony Smartphone",SKU-007189,47597978,719
"Dell Monitor",SKU-007190,37987394,384
"HP Smartphone",SKU-007191,45848235,488
"Apple Camera",SKU-007192,7284139,943
"HP Camera",SKU-007193,20935042,643
"Dell Camera",SKU-007194,48331141,942
"Samsung Monitor",SKU-007195,40924995,688
"HP Laptop",SKU-007196,6677705,785
"Dell Smartphone",SKU-007197,19001823,896
"Sony Laptop",SKU-007198,13020487,496
"HP Monitor",SKU-007199,12685949,89
"Sony Tablet",SKU-007200,14489389,295
"Apple Monitor",SKU-007201,16771731,866
"Samsung Smartphone",SKU-007202,24947755,913
"Dell Camera",SKU-007203,25781884,509
"Dell Monitor",SKU-007204,30803734,474
"HP Monitor",SKU-007205,4870257,733
"HP Camera",SKU-007206,42109651,919
"Dell Tablet",SKU-007207,41140659,75
"HP Camera",SKU-007208,4442364,253
"HP Camera",SKU-007209,33960046,533
"HP Tablet",SKU-007210,11250599,14
"Sony Monitor",SKU-007211,14667651,586
"Sony Smartphone",SKU-007212,2887365,716
"Dell Laptop",SKU-007213,25939484,135
"Apple Monitor",SKU-007214,42611582,833
"Samsung Laptop",SKU-007215,27369916,449
"Samsung Tablet",SKU-007216,12264755,685
"Samsung Laptop",SKU-007217,6707372,958
"Apple Monitor",SKU-007218,17534610,209
"Apple Tablet",SKU-007219,33969326,746
"Apple Tablet",SKU-007220,47706973,904
"Apple Laptop",SKU-007221,33363177,316
"Sony Monitor",SKU-007222,23244376,520
"Dell Laptop",SKU-007223,10023377,636
"Dell Smartphone",SKU-007224,17141587,470
"Samsung Monitor",SKU-007225,5645060,520
"HP Laptop",SKU-007226,34517394,101
"Sony Camera",SKU-007227,27104684,168
"Samsung Monitor",SKU-007228,38737246,479
"Dell Smartphone",SKU-007229,31606748,972
"Sony Camera",SKU-007230,32768736,286
"Sony Camera",SKU-007231,8837949,461
"HP Camera",SKU-007232,43144516,281
"Dell Camera",SKU-007233,9707668,304
"Apple Laptop",SKU-007234,14736096,915
"Dell Tablet",SKU-007235,13053689,529
"Dell Monitor",SKU-007236,40255497,627
"Samsung Smartphone",SKU-007237,6854510,685
"Samsung Tablet",SKU-007238,43480583,499
"Samsung Tablet",SKU-007239,10450523,502
"HP Camera",SKU-007240,25771357,124
"Apple Laptop",SKU-007241,21531383,436
"HP Smartphone",SKU-007242,9902110,353
"Dell Monitor",SKU-007243,38280142,833
"HP Camera",SKU-007244,29203483,559
"Samsung Laptop",SKU-007245,15283524,662
"Dell Smartphone",SKU-007246,17205559,401
"HP Smartphone",SKU-007247,44581685,871
"Apple Tablet",SKU-007248,4878911,25
"HP Tablet",SKU-007249,3771657,30
"Dell Tablet",SKU-007250,8315150,960
"Samsung Laptop",SKU-007251,8594630,750
"Apple Tablet",SKU-007252,48297266,256
"Sony Laptop",SKU-007253,12970423,323
"Samsung Tablet",SKU-007254,9581226,825
"Apple Laptop",SKU-007255,29068391,873
"Apple Tablet",SKU-007256,18063459,313
"Apple Camera",SKU-007257,27788361,359
"Samsung Smartphone",SKU-007258,13956443,687
"Dell Laptop",SKU-007259,20523064,959
"Dell Smartphone",SKU-007260,49600932,682
"Dell Tablet",SKU-007261,33103697,84
"Sony Smartphone",SKU-007262,36604532,190
"Sony Camera",SKU-007263,37128313,36
"HP Camera",SKU-007264,30354811,703
"Dell Tablet",SKU-007265,1518579,467
"Dell Monitor",SKU-007266,32064624,691
"Apple Smartphone",SKU-007267,43312940,683
"Apple Camera",SKU-007268,32991962,586
"Apple Laptop",SKU-007269,29336456,621
"HP Monitor",SKU-007270,44371359,730
"Samsung Monitor",SKU-007271,47601284,716
"Dell Camera",SKU-007272,19934838,969
"Dell Monitor",SKU-007273,8119287,556
"Apple Monitor",SKU-007274,8148554,332
"Sony Monitor",SKU-007275,46625760,690
"Sony Smartphone",SKU-007276,47036807,941
"Sony Monitor",SKU-007277,6938350,325
"Samsung Smartphone",SKU-007278,22037843,473
"Sony Tablet",SKU-007279,5609157,55
"Samsung Tablet",SKU-007280,47415790,867
"Apple Tablet",SKU-007281,10467214,459
"Dell Smartphone",SKU-007282,40809530,236
"Apple Camera",SKU-007283,42689070,57
"HP Tablet",SKU-007284,23033107,896
"Sony Monitor",SKU-007285,42521589,140
"Dell Monitor",SKU-007286,28322613,347
"Sony Tablet",SKU-007287,12508334,130
"Sony Monitor",SKU-007288,3237804,20
"Apple Smartphone",SKU-007289,12204754,379
"HP Tablet",SKU-007290,34817013,644
"Apple Smartphone",SKU-007291,25904497,868
"Samsung Monitor",SKU-007292,36736813,46
"Apple Tablet",SKU-007293,38060516,951
"HP Camera",SKU-007294,47685575,449
"Sony Laptop",SKU-007295,45824946,927
"Dell Smartphone",SKU-007296,33439771,352
"HP Monitor",SKU-007297,15532897,874
"Sony Tablet",SKU-007298,25471808,354
"HP Smartphone",SKU-007299,13958309,631
"Apple Tablet",SKU-007300,30552936,979
"HP Smartphone",SKU-007301,27079085,733
"Dell Monitor",SKU-007302,36172612,376
"Dell Smartphone",SKU-007303,44781732,1
"HP Monitor",SKU-007304,42407961,328
"Samsung Laptop",SKU-007305,26526805,41
"HP Smartphone",SKU-007306,32553657,938
"Samsung Laptop",SKU-007307,29475122,958
"Dell Monitor",SKU-007308,44173779,70
"Apple Camera",SKU-007309,17128230,391
"Dell Laptop",SKU-007310,27983474,200
"Dell Laptop",SKU-007311,39351981,907
"Sony Monitor",SKU-007312,9599591,472
"HP Tablet",SKU-007313,25649273,394
"Sony Tablet",SKU-007314,29970105,28
"Samsung Smartphone",SKU-007315,35590980,67
"Dell Camera",SKU-007316,5475721,424
"Apple Tablet",SKU-007317,43895309,198
"Apple Tablet",SKU-007318,8814257,739
"Samsung Camera",SKU-007319,49424493,957
"Sony Smartphone",SKU-007320,45062456,742
"Apple Camera",SKU-007321,2840570,415
"Apple Laptop",SKU-007322,34328147,71
"Dell Tablet",SKU-007323,28121488,279
"Dell Laptop",SKU-007324,5603830,854
"Dell Monitor",SKU-007325,13260556,46
"Dell Camera",SKU-007326,13994963,698
"Apple Tablet",SKU-007327,7803162,616
"Dell Tablet",SKU-007328,33256846,207
"Sony Laptop",SKU-007329,14761223,178
"Sony Monitor",SKU-007330,21448038,878
"Dell Tablet",SKU-007331,26976158,1
"Dell Smartphone",SKU-007332,6413790,803
"HP Monitor",SKU-007333,37366885,560
"Sony Camera",SKU-007334,33842649,977
"Apple Camera",SKU-007335,16474677,555
"Apple Camera",SKU-007336,37568727,795
"Apple Smartphone",SKU-007337,36009385,193
"Apple Camera",SKU-007338,25923199,10
"HP Smartphone",SKU-007339,37950920,622
"Sony Tablet",SKU-007340,28350095,983
"Sony Camera",SKU-007341,21383091,702
"Apple Camera",SKU-007342,30017482,229
"HP Laptop",SKU-007343,1091367,643
"Samsung Monitor",SKU-007344,34746710,463
"Sony Laptop",SKU-007345,29966014,833
"Samsung Camera",SKU-007346,16768641,270
"Sony Camera",SKU-007347,19980579,314
"Sony Tablet",SKU-007348,31020282,656
"Samsung Camera",SKU-007349,18863112,165
"Dell Smartphone",SKU-007350,31116730,487
"Dell Laptop",SKU-007351,36798981,453
"Sony Monitor",SKU-007352,33435608,854
"Apple Camera",SKU-007353,28188307,416
"HP Laptop",SKU-007354,28467755,646
"Dell Monitor",SKU-007355,4022888,628
"Sony Smartphone",SKU-007356,21351123,117
"Apple Smartphone",SKU-007357,32663106,661
"HP Camera",SKU-007358,12283744,30
"Sony Monitor",SKU-007359,45406496,121
"Dell Tablet",SKU-007360,11927185,115
"Sony Tablet",SKU-007361,6871315,316
"Apple Monitor",SKU-007362,24039970,344
"Samsung Monitor",SKU-007363,21058548,882
"HP Camera",SKU-007364,48619026,585
"Sony Monitor",SKU-007365,49356136,599
"HP Laptop",SKU-007366,4664160,947
"Sony Laptop",SKU-007367,49050874,701
"Apple Camera",SKU-007368,36357477,190
"Apple Smartphone",SKU-007369,31613208,175
"Apple Camera",SKU-007370,21622862,746
"HP Laptop",SKU-007371,36511916,81
"Samsung Monitor",SKU-007372,37119685,3
"Sony Smartphone",SKU-007373,23275891,193
"Samsung Tablet",SKU-007374,9259256,852
"Apple Laptop",SKU-007375,25906156,393
"Sony Monitor",SKU-007376,47276172,146
"Dell Tablet",SKU-007377,30143835,594
"Apple Camera",SKU-007378,37673438,48
"Dell Monitor",SKU-007379,15191102,580
"Dell Tablet",SKU-007380,46599850,315
"Sony Smartphone",SKU-007381,44540913,52
"HP Camera",SKU-007382,43831334,836
"Apple Laptop",SKU-007383,2493614,1000
"Dell Smartphone",SKU-007384,49151304,479
"Samsung Monitor",SKU-007385,46827562,588
"Samsung Camera",SKU-007386,19502925,574
"Sony Smartphone",SKU-007387,8444660,213
"Dell Camera",SKU-007388,1295323,419
"Sony Smartphone",SKU-007389,35687507,434
"Apple Tablet",SKU-007390,35115020,307
"Samsung Monitor",SKU-007391,49318194,221
"Sony Monitor",SKU-007392,40521768,385
"Sony Tablet",SKU-007393,36774488,570
"HP Smartphone",SKU-007394,1719113,682
"Sony Smartphone",SKU-007395,23248930,686
"Dell Tablet",SKU-007396,11163182,437
"HP Monitor",SKU-007397,23177947,638
"Apple Camera",SKU-007398,26829707,345
"Sony Tablet",SKU-007399,21847822,700
"Samsung Camera",SKU-007400,28654201,649
"Sony Smartphone",SKU-007401,38567704,530
"Dell Camera",SKU-007402,40275859,94
"Apple Camera",SKU-007403,19492981,432
"HP Laptop",SKU-007404,1334694,744
"Apple Camera",SKU-007405,20184784,896
"HP Tablet",SKU-007406,3199406,412
"Samsung Camera",SKU-007407,20444870,401
"Dell Smartphone",SKU-007408,17032699,940
"Apple Monitor",SKU-007409,39200978,831
"Dell Tablet",SKU-007410,46132871,849
"Dell Camera",SKU-007411,7370707,198
"Samsung Monitor",SKU-007412,39016108,639
"HP Laptop",SKU-007413,33824992,668
"HP Laptop",SKU-007414,49561082,921
"HP Camera",SKU-007415,15480213,103
"Dell Camera",SKU-007416,32189397,846
"Apple Camera",SKU-007417,31562963,146
"Samsung Tablet",SKU-007418,34461233,448
"HP Camera",SKU-007419,44708542,274
"HP Monitor",SKU-007420,28876295,366
"Sony Monitor",SKU-007421,45870122,292
"Dell Camera",SKU-007422,20414018,671
"Samsung Camera",SKU-007423,12168317,997
"HP Camera",SKU-007424,33692093,8
"Dell Laptop",SKU-007425,14376149,11
"Apple Tablet",SKU-007426,37178980,141
"Apple Smartphone",SKU-007427,32509760,293
"HP Laptop",SKU-007428,20688803,36
"Apple Tablet",SKU-007429,28102336,890
"Samsung Laptop",SKU-007430,47991291,525
"Samsung Monitor",SKU-007431,42730973,374
"Samsung Camera",SKU-007432,43392078,478
"Sony Tablet",SKU-007433,20782801,510
"Samsung Camera",SKU-007434,11775167,139
"Dell Laptop",SKU-007435,6425778,689
"Dell Camera",SKU-007436,48354143,363
"HP Camera",SKU-007437,2849304,312
"HP Tablet",SKU-007438,12561318,341
"Samsung Tablet",SKU-007439,49860125,560
"Apple Smartphone",SKU-007440,8397368,242
"Samsung Monitor",SKU-007441,14125226,209
"Samsung Tablet",SKU-007442,19115951,814
"Dell Monitor",SKU-007443,9793574,920
"Samsung Smartphone",SKU-007444,7001566,121
"HP Camera",SKU-007445,26405223,996
"Samsung Smartphone",SKU-007446,27472437,942
"Samsung Monitor",SKU-007447,18270918,715
"HP Smartphone",SKU-007448,1211002,583
"HP Smartphone",SKU-007449,22264918,538
"Sony Camera",SKU-007450,7662649,443
"Samsung Smartphone",SKU-007451,44767331,940
"Sony Monitor",SKU-007452,11283624,719
"Sony Monitor",SKU-007453,11974788,647
"Samsung Monitor",SKU-007454,3249119,673
"Samsung Monitor",SKU-007455,34586731,727
"Dell Monitor",SKU-007456,41079246,117
"Dell Monitor",SKU-007457,41713363,168
"Dell Tablet",SKU-007458,22641179,242
"Dell Smartphone",SKU-007459,23964841,845
"Samsung Monitor",SKU-007460,43957636,275
"Sony Camera",SKU-007461,39507168,720
"Apple Laptop",SKU-007462,5918998,584
"Sony Monitor",SKU-007463,30505181,320
"Samsung Tablet",SKU-007464,14527310,343
"Samsung Smartphone",SKU-007465,34271754,135
"Apple Smartphone",SKU-007466,28768572,149
"Apple Monitor",SKU-007467,32973653,40
"HP Smartphone",SKU-007468,48822875,8
"Samsung Monitor",SKU-007469,33563951,457
"Samsung Camera",SKU-007470,36089995,847
"Samsung Camera",SKU-007471,33523450,845
"Samsung Camera",SKU-007472,37336362,471
"Dell Camera",SKU-007473,16127873,879
"Sony Laptop",SKU-007474,21512648,421
"HP Smartphone",SKU-007475,48912724,917
"Dell Laptop",SKU-007476,34745290,80
"Samsung Monitor",SKU-007477,26031126,682
"Apple Monitor",SKU-007478,8460623,480
"HP Laptop",SKU-007479,10816812,143
"Samsung Monitor",SKU-007480,29055682,220
"Sony Laptop",SKU-007481,40479875,273
"Samsung Camera",SKU-007482,8292497,656
"Apple Smartphone",SKU-007483,10594669,156
"Samsung Smartphone",SKU-007484,10016575,476
"Apple Monitor",SKU-007485,18293319,603
"HP Laptop",SKU-007486,12453475,346
"Apple Monitor",SKU-007487,4195696,173
"HP Camera",SKU-007488,11295484,766
"Samsung Tablet",SKU-007489,45206815,266
"Samsung Camera",SKU-007490,39797788,906
"HP Laptop",SKU-007491,48046940,732
"Dell Tablet",SKU-007492,7512481,192
"Apple Monitor",SKU-007493,5589124,655
"Dell Camera",SKU-007494,9457225,409
"HP Monitor",SKU-007495,2430151,470
"Apple Smartphone",SKU-007496,5538526,268
"HP Monitor",SKU-007497,17921555,864
"HP Camera",SKU-007498,26157256,67
"Samsung Camera",SKU-007499,11010844,805
"Sony Laptop",SKU-007500,47912023,497
"HP Camera",SKU-007501,7074564,796
"HP Monitor",SKU-007502,43094621,482
"Apple Monitor",SKU-007503,5852026,188
"Dell Smartphone",SKU-007504,20572745,238
"Apple Tablet",SKU-007505,35030517,538
"HP Tablet",SKU-007506,43228889,916
"Apple Camera",SKU-007507,42881855,275
"Sony Monitor",SKU-007508,12233986,883
"Dell Laptop",SKU-007509,24010889,801
"Sony Camera",SKU-007510,30895154,774
"Apple Monitor",SKU-007511,47286743,854
"Apple Smartphone",SKU-007512,20276402,109
"Apple Tablet",SKU-007513,29124373,192
"Sony Camera",SKU-007514,22366324,896
"Apple Monitor",SKU-007515,11722218,728
"Samsung Laptop",SKU-007516,33702913,258
"Samsung Tablet",SKU-007517,31475173,342
"HP Monitor",SKU-007518,39248068,524
"Apple Camera",SKU-007519,39921194,228
"Sony Camera",SKU-007520,45684335,185
"Dell Tablet",SKU-007521,5736016,397
"Dell Camera",SKU-007522,9932249,549
"Sony Camera",SKU-007523,26569097,9
"Sony Smartphone",SKU-007524,29498338,406
"Apple Camera",SKU-007525,12063948,13
"Dell Camera",SKU-007526,11112432,764
"Sony Monitor",SKU-007527,3828779,623
"Apple Tablet",SKU-007528,12931518,863
"Samsung Tablet",SKU-007529,21860302,379
"Samsung Smartphone",SKU-007530,45113424,696
"Dell Laptop",SKU-007531,18942261,816
"HP Smartphone",SKU-007532,40621275,59
"Sony Smartphone",SKU-007533,30013925,846
"Samsung Monitor",SKU-007534,31312627,340
"Samsung Laptop",SKU-007535,41614358,401
"Samsung Smartphone",SKU-007536,2656323,873
"Apple Tablet",SKU-007537,38976165,550
"Sony Tablet",SKU-007538,16507258,373
"HP Tablet",SKU-007539,29474112,252
"Apple Monitor",SKU-007540,4761230,407
"HP Tablet",SKU-007541,5504872,825
"Samsung Laptop",SKU-007542,25026505,228
"Sony Tablet",SKU-007543,29216077,7
"Sony Tablet",SKU-007544,11033003,416
"Apple Monitor",SKU-007545,8599699,572
"Sony Laptop",SKU-007546,32773875,592
"Samsung Monitor",SKU-007547,39427595,181
"Dell Monitor",SKU-007548,25483928,255
"Samsung Monitor",SKU-007549,38101470,125
"Sony Tablet",SKU-007550,6851298,451
"Dell Monitor",SKU-007551,38812042,782
"HP Smartphone",SKU-007552,28721844,87
"Samsung Laptop",SKU-007553,11568095,615
"Sony Camera",SKU-007554,39490797,286
"Dell Smartphone",SKU-007555,22999168,570
"HP Tablet",SKU-007556,14991053,459
"Sony Laptop",SKU-007557,49282071,184
"Apple Monitor",SKU-007558,15695901,545
"Dell Laptop",SKU-007559,40587136,386
"Sony Laptop",SKU-007560,1244985,282
"Sony Laptop",SKU-007561,11932782,800
"Dell Laptop",SKU-007562,45307225,629
"Samsung Monitor",SKU-007563,48102101,952
"Sony Laptop",SKU-007564,30797902,891
"Dell Camera",SKU-007565,6863447,971
"Apple Monitor",SKU-007566,30805246,417
"Samsung Tablet",SKU-007567,37318035,113
"Dell Smartphone",SKU-007568,7341868,674
"HP Tablet",SKU-007569,2321814,213
"HP Camera",SKU-007570,40735169,904
"Samsung Camera",SKU-007571,25538885,619
"Samsung Monitor",SKU-007572,38508770,948
"Dell Monitor",SKU-007573,32913550,628
"Samsung Camera",SKU-007574,33017524,57
"Apple Monitor",SKU-007575,3314875,590
"HP Camera",SKU-007576,44553553,210
"Dell Camera",SKU-007577,20334127,456
"HP Monitor",SKU-007578,45024914,808
"Sony Smartphone",SKU-007579,2028576,201
"Apple Camera",SKU-007580,18331834,363
"Dell Smartphone",SKU-007581,36066121,801
"Apple Camera",SKU-007582,48649559,595
"Sony Laptop",SKU-007583,32066583,206
"Samsung Laptop",SKU-007584,49650896,394
"Samsung Monitor",SKU-007585,48629051,593
"HP Laptop",SKU-007586,12369222,25
"Samsung Camera",SKU-007587,29335731,114
"Samsung Camera",SKU-007588,18137186,42
"HP Tablet",SKU-007589,13361215,26
"Apple Tablet",SKU-007590,19907856,133
"Apple Camera",SKU-007591,37829843,696
"Samsung Smartphone",SKU-007592,44817103,364
"Apple Camera",SKU-007593,29855025,670
"HP Camera",SKU-007594,15765913,361
"Apple Laptop",SKU-007595,3429272,94
"Samsung Monitor",SKU-007596,15536589,490
"Apple Tablet",SKU-007597,10814860,712
"Dell Laptop",SKU-007598,16888457,102
"Samsung Smartphone",SKU-007599,28906289,295
"HP Smartphone",SKU-007600,40512900,859
"Sony Smartphone",SKU-007601,22657510,615
"HP Camera",SKU-007602,35522484,951
"HP Camera",SKU-007603,45117003,68
"Samsung Camera",SKU-007604,31330711,745
"Sony Tablet",SKU-007605,26545576,267
"Samsung Camera",SKU-007606,18818126,367
"HP Camera",SKU-007607,13847763,796
"Sony Monitor",SKU-007608,29746977,722
"Samsung Camera",SKU-007609,39710384,182
"Samsung Camera",SKU-007610,10932457,628
"Sony Camera",SKU-007611,39525905,263
"Dell Smartphone",SKU-007612,14118645,47
"Apple Tablet",SKU-007613,35041681,418
"Sony Monitor",SKU-007614,38487637,444
"Sony Camera",SKU-007615,20716317,478
"Samsung Tablet",SKU-007616,39961346,896
"Dell Smartphone",SKU-007617,30537764,594
"HP Smartphone",SKU-007618,25308325,696
"Dell Tablet",SKU-007619,14461607,143
"HP Tablet",SKU-007620,46146241,980
"Samsung Laptop",SKU-007621,13962806,584
"Samsung Camera",SKU-007622,4465914,312
"Sony Monitor",SKU-007623,31599076,430
"Samsung Monitor",SKU-007624,6438489,151
"Sony Camera",SKU-007625,36291624,861
"Apple Monitor",SKU-007626,15940512,164
"HP Camera",SKU-007627,35239153,738
"Dell Tablet",SKU-007628,35600080,719
"Samsung Camera",SKU-007629,40384678,485
"Samsung Smartphone",SKU-007630,7522061,717
"Sony Laptop",SKU-007631,13181890,805
"Samsung Tablet",SKU-007632,34865087,993
"Sony Laptop",SKU-007633,47895767,455
"HP Tablet",SKU-007634,6064851,376
"Samsung Smartphone",SKU-007635,39588071,992
"Dell Camera",SKU-007636,14594710,845
"Dell Monitor",SKU-007637,13768489,430
"Samsung Smartphone",SKU-007638,43300599,729
"Sony Camera",SKU-007639,21088523,292
"HP Laptop",SKU-007640,1689915,967
"Samsung Monitor",SKU-007641,35973439,13
"Dell Tablet",SKU-007642,31830133,39
"Apple Smartphone",SKU-007643,16940514,970
"Sony Laptop",SKU-007644,48121316,850
"HP Tablet",SKU-007645,49845437,993
"Apple Monitor",SKU-007646,39974481,829
"Samsung Smartphone",SKU-007647,21395238,96
"Sony Laptop",SKU-007648,24556835,594
"Sony Camera",SKU-007649,3009172,774
"Sony Laptop",SKU-007650,36880100,777
"Samsung Laptop",SKU-007651,34566315,408
"Samsung Smartphone",SKU-007652,30464995,950
"Dell Smartphone",SKU-007653,47534131,244
"Apple Monitor",SKU-007654,28743915,602
"Sony Laptop",SKU-007655,8590268,713
"Apple Smartphone",SKU-007656,11641980,716
"HP Laptop",SKU-007657,31572715,58
"HP Laptop",SKU-007658,28261979,910
"HP Smartphone",SKU-007659,39924762,616
"Sony Tablet",SKU-007660,27769803,907
"Apple Monitor",SKU-007661,11010653,329
"HP Monitor",SKU-007662,17808628,559
"Sony Camera",SKU-007663,2499435,834
"Apple Monitor",SKU-007664,29228003,732
"Apple Laptop",SKU-007665,4517811,402
"Apple Camera",SKU-007666,42533788,283
"Apple Tablet",SKU-007667,27399226,119
"Dell Tablet",SKU-007668,18161327,668
"HP Camera",SKU-007669,37283062,827
"Samsung Camera",SKU-007670,36410873,506
"HP Smartphone",SKU-007671,42904544,236
"Dell Laptop",SKU-007672,14564230,247
"Apple Monitor",SKU-007673,20822121,104
"Dell Monitor",SKU-007674,2661473,461
"Sony Laptop",SKU-007675,6686447,804
"HP Laptop",SKU-007676,2290837,647
"HP Camera",SKU-007677,43359802,599
"Sony Monitor",SKU-007678,33997970,830
"Samsung Camera",SKU-007679,31088678,509
"Apple Monitor",SKU-007680,33030454,555
"Sony Smartphone",SKU-007681,47380028,316
"HP Tablet",SKU-007682,6732989,134
"HP Monitor",SKU-007683,44390538,707
"Sony Monitor",SKU-007684,1265332,926
"Dell Tablet",SKU-007685,1027191,333
"Sony Smartphone",SKU-007686,8759837,121
"Apple Monitor",SKU-007687,10209491,144
"Dell Tablet",SKU-007688,30796865,729
"Dell Monitor",SKU-007689,17580478,456
"HP Monitor",SKU-007690,23372848,609
"Sony Camera",SKU-007691,12344983,748
"HP Camera",SKU-007692,31037910,992
"Sony Tablet",SKU-007693,2656984,671
"HP Monitor",SKU-007694,37026410,44
"Sony Laptop",SKU-007695,45942693,617
"Dell Monitor",SKU-007696,29649099,49
"Sony Camera",SKU-007697,22153817,931
"Apple Tablet",SKU-007698,37434567,628
"Dell Smartphone",SKU-007699,16158155,60
"Apple Laptop",SKU-007700,4722880,947
"Sony Monitor",SKU-007701,21053257,56
"Apple Laptop",SKU-007702,44155298,484
"HP Monitor",SKU-007703,7267368,390
"Sony Camera",SKU-007704,18054421,507
"Sony Smartphone",SKU-007705,3437153,543
"Apple Camera",SKU-007706,22585591,946
"Apple Tablet",SKU-007707,31306747,440
"Dell Laptop",SKU-007708,43263632,317
"Samsung Monitor",SKU-007709,36205410,536
"Samsung Monitor",SKU-007710,7948674,225
"Dell Monitor",SKU-007711,42966930,171
"Sony Camera",SKU-007712,8250447,8
"Apple Monitor",SKU-007713,6016236,244
"HP Camera",SKU-007714,31166437,885
"HP Monitor",SKU-007715,31566895,388
"Dell Smartphone",SKU-007716,20277179,84
"Apple Camera",SKU-007717,12485814,191
"Sony Tablet",SKU-007718,24313334,156
"Apple Tablet",SKU-007719,6341658,140
"Dell Camera",SKU-007720,26680277,716
"Dell Smartphone",SKU-007721,17502029,407
"Samsung Camera",SKU-007722,33322441,460
"Samsung Monitor",SKU-007723,12154709,413
"Apple Laptop",SKU-007724,26651582,952
"Apple Tablet",SKU-007725,41462923,239
"Sony Camera",SKU-007726,46632784,885
"Apple Monitor",SKU-007727,36388736,447
"Samsung Tablet",SKU-007728,43660996,933
"HP Camera",SKU-007729,49928015,895
"Sony Camera",SKU-007730,4521237,314
"Apple Monitor",SKU-007731,47324440,920
"Dell Laptop",SKU-007732,3616915,952
"Apple Monitor",SKU-007733,38755894,441
"Dell Tablet",SKU-007734,41017363,20
"Samsung Smartphone",SKU-007735,26080595,759
"Samsung Tablet",SKU-007736,28539897,590
"Sony Tablet",SKU-007737,30362502,473
"HP Smartphone",SKU-007738,19424056,411
"Dell Monitor",SKU-007739,46153727,965
"Dell Tablet",SKU-007740,48874389,416
"Dell Monitor",SKU-007741,44895268,85
"Samsung Tablet",SKU-007742,17683591,544
"Apple Camera",SKU-007743,22758058,336
"Samsung Monitor",SKU-007744,46401285,685
"Dell Camera",SKU-007745,21882944,927
"HP Laptop",SKU-007746,47765832,440
"Apple Smartphone",SKU-007747,36955198,613
"Apple Monitor",SKU-007748,3136090,149
"HP Camera",SKU-007749,35647701,257
"Samsung Monitor",SKU-007750,41805808,483
"Apple Tablet",SKU-007751,15854418,5
"Dell Camera",SKU-007752,17602558,76
"Sony Monitor",SKU-007753,19995309,392
"HP Monitor",SKU-007754,17758662,830
"Samsung Laptop",SKU-007755,12880677,935
"Apple Camera",SKU-007756,13238030,768
"Apple Monitor",SKU-007757,23901271,606
"HP Camera",SKU-007758,6011364,814
"Apple Laptop",SKU-007759,35560955,873
"Apple Tablet",SKU-007760,37851036,166
"HP Camera",SKU-007761,48643002,603
"HP Monitor",SKU-007762,20509244,843
"Apple Monitor",SKU-007763,24614282,984
"Apple Camera",SKU-007764,26503828,23
"Sony Monitor",SKU-007765,43013488,268
"Dell Smartphone",SKU-007766,25288386,812
"Apple Smartphone",SKU-007767,7810788,130
"Samsung Laptop",SKU-007768,12838208,128
"Apple Smartphone",SKU-007769,27611114,93
"Samsung Laptop",SKU-007770,8279991,394
"Sony Monitor",SKU-007771,2986176,833
"Dell Tablet",SKU-007772,13192090,531
"Apple Tablet",SKU-007773,19994406,893
"HP Smartphone",SKU-007774,28052381,195
"HP Monitor",SKU-007775,17283537,800
"Samsung Camera",SKU-007776,36518226,82
"HP Laptop",SKU-007777,23607982,467
"Sony Smartphone",SKU-007778,2990976,128
"HP Monitor",SKU-007779,9527535,709
"Apple Tablet",SKU-007780,6893899,856
"Apple Smartphone",SKU-007781,36097093,836
"HP Smartphone",SKU-007782,12621963,600
"Dell Tablet",SKU-007783,33576820,412
"Apple Tablet",SKU-007784,44144000,598
"HP Tablet",SKU-007785,40361691,439
"HP Smartphone",SKU-007786,33073255,356
"HP Tablet",SKU-007787,5364143,53
"Samsung Smartphone",SKU-007788,33904287,184
"HP Monitor",SKU-007789,41901193,240
"HP Monitor",SKU-007790,20061651,285
"HP Camera",SKU-007791,38904277,946
"Samsung Smartphone",SKU-007792,35269207,485
"Sony Camera",SKU-007793,44972728,931
"Apple Camera",SKU-007794,28897777,399
"Sony Monitor",SKU-007795,1985083,205
"Apple Laptop",SKU-007796,5091719,841
"Apple Laptop",SKU-007797,42803299,974
"Apple Camera",SKU-007798,33018239,235
"Dell Laptop",SKU-007799,19845518,223
"Apple Tablet",SKU-007800,43841426,428
"Apple Monitor",SKU-007801,34067678,235
"Samsung Monitor",SKU-007802,45846709,174
"Samsung Monitor",SKU-007803,10507409,813
"Dell Smartphone",SKU-007804,22650719,698
"HP Smartphone",SKU-007805,43829866,696
"HP Monitor",SKU-007806,47031035,437
"HP Monitor",SKU-007807,41272678,725
"Dell Smartphone",SKU-007808,7107587,570
"Apple Laptop",SKU-007809,1672231,504
"Samsung Smartphone",SKU-007810,8125976,217
"Apple Tablet",SKU-007811,28762526,196
"Dell Smartphone",SKU-007812,27753452,71
"HP Camera",SKU-007813,40927455,528
"Sony Tablet",SKU-007814,25431528,333
"Dell Smartphone",SKU-007815,26766240,738
"Dell Smartphone",SKU-007816,36850148,506
"Dell Tablet",SKU-007817,49661780,473
"Samsung Smartphone",SKU-007818,28196800,354
"Apple Smartphone",SKU-007819,7595021,402
"Dell Laptop",SKU-007820,38222377,814
"Sony Camera",SKU-007821,8097506,754
"Apple Tablet",SKU-007822,42694252,226
"HP Laptop",SKU-007823,7803260,21
"Apple Monitor",SKU-007824,47287048,363
"Samsung Smartphone",SKU-007825,15693617,196
"Samsung Monitor",SKU-007826,42524649,556
"Sony Camera",SKU-007827,43406799,86
"Sony Smartphone",SKU-007828,32236852,43
"Samsung Monitor",SKU-007829,2706615,403
"HP Camera",SKU-007830,16722193,738
"Apple Smartphone",SKU-007831,37011365,964
"Dell Smartphone",SKU-007832,48967989,341
"HP Laptop",SKU-007833,33904502,427
"Dell Laptop",SKU-007834,28394542,36
"Samsung Laptop",SKU-007835,15772636,702
"Dell Smartphone",SKU-007836,48192449,513
"HP Tablet",SKU-007837,6440341,276
"HP Camera",SKU-007838,28314576,60
"Samsung Smartphone",SKU-007839,16440546,885
"Samsung Laptop",SKU-007840,5832685,901
"HP Smartphone",SKU-007841,25567969,20
"Apple Smartphone",SKU-007842,33785765,76
"Apple Laptop",SKU-007843,37101662,22
"Samsung Camera",SKU-007844,25348041,2
"Samsung Camera",SKU-007845,42813875,334
"Dell Laptop",SKU-007846,35028358,235
"Apple Monitor",SKU-007847,24885535,8
"HP Smartphone",SKU-007848,3844049,827
"Apple Camera",SKU-007849,37879339,144
"Samsung Camera",SKU-007850,21851555,395
"Apple Tablet",SKU-007851,11653109,432
"Samsung Laptop",SKU-007852,38284673,625
"Sony Laptop",SKU-007853,23254783,287
"Dell Camera",SKU-007854,20631631,161
"HP Monitor",SKU-007855,10129073,263
"Apple Laptop",SKU-007856,28408059,731
"Samsung Laptop",SKU-007857,37418012,85
"Sony Smartphone",SKU-007858,29777766,306
"Dell Tablet",SKU-007859,32231935,669
"HP Monitor",SKU-007860,42376132,331
"Sony Smartphone",SKU-007861,9541647,793
"HP Smartphone",SKU-007862,13482830,265
"Sony Smartphone",SKU-007863,34872180,583
"Sony Monitor",SKU-007864,15238375,860
"Samsung Laptop",SKU-007865,7977724,374
"HP Laptop",SKU-007866,28528676,361
"Dell Tablet",SKU-007867,15534534,220
"Sony Camera",SKU-007868,26079076,700
"HP Smartphone",SKU-007869,42506750,69
"Samsung Smartphone",SKU-007870,26046572,97
"Apple Monitor",SKU-007871,3350699,677
"Apple Monitor",SKU-007872,37891285,285
"Dell Laptop",SKU-007873,7583301,972
"HP Laptop",SKU-007874,10631079,673
"HP Monitor",SKU-007875,44702348,915
"HP Laptop",SKU-007876,48701467,321
"HP Camera",SKU-007877,5470793,452
"HP Tablet",SKU-007878,27653595,784
"Samsung Smartphone",SKU-007879,18520711,892
"HP Monitor",SKU-007880,31058552,377
"Sony Camera",SKU-007881,19195162,509
"Apple Monitor",SKU-007882,33295175,470
"Samsung Monitor",SKU-007883,15348540,61
"HP Camera",SKU-007884,42210229,506
"HP Laptop",SKU-007885,30119085,496
"Sony Laptop",SKU-007886,10988688,410
"Dell Laptop",SKU-007887,37279280,909
"Sony Monitor",SKU-007888,23762997,511
"Dell Camera",SKU-007889,39373162,697
"Sony Tablet",SKU-007890,34351335,621
"Dell Smartphone",SKU-007891,26756019,382
"Sony Monitor",SKU-007892,28571434,170
"Apple Monitor",SKU-007893,34480111,339
"Dell Camera",SKU-007894,7164585,620
"Samsung Laptop",SKU-007895,40852082,790
"Apple Laptop",SKU-007896,26950892,283
"HP Laptop",SKU-007897,17965167,939
"HP Smartphone",SKU-007898,22362056,938
"Apple Camera",SKU-007899,29107730,831
"HP Monitor",SKU-007900,33671759,293
"Sony Smartphone",SKU-007901,10730700,719
"HP Tablet",SKU-007902,2386860,252
"HP Monitor",SKU-007903,31290014,530
"HP Monitor",SKU-007904,7017950,248
"HP Monitor",SKU-007905,7389148,218
"Apple Laptop",SKU-007906,9845923,794
"Samsung Monitor",SKU-007907,12403151,949
"Samsung Monitor",SKU-007908,42950908,341
"Samsung Laptop",SKU-007909,17786388,741
"HP Laptop",SKU-007910,38580490,48
"Dell Camera",SKU-007911,25242584,606
"Dell Smartphone",SKU-007912,31041274,338
"HP Camera",SKU-007913,47252197,794
"Dell Laptop",SKU-007914,2905109,50
"Dell Tablet",SKU-007915,32924016,572
"Apple Camera",SKU-007916,36978088,617
"Dell Monitor",SKU-007917,21029864,743
"Samsung Tablet",SKU-007918,17948879,682
"Samsung Smartphone",SKU-007919,4150002,359
"Sony Tablet",SKU-007920,10055950,681
"Samsung Camera",SKU-007921,38059111,671
"HP Tablet",SKU-007922,45399374,773
"Samsung Laptop",SKU-007923,33052731,416
"HP Tablet",SKU-007924,16028417,999
"Samsung Smartphone",SKU-007925,49601407,108
"Samsung Camera",SKU-007926,41885748,510
"Dell Smartphone",SKU-007927,33756163,218
"Apple Tablet",SKU-007928,17222095,661
"Apple Tablet",SKU-007929,7859109,260
"Samsung Laptop",SKU-007930,23857211,334
"HP Monitor",SKU-007931,33080725,59
"Sony Monitor",SKU-007932,33407929,197
"Sony Tablet",SKU-007933,32262450,589
"Apple Monitor",SKU-007934,2599909,45
"HP Smartphone",SKU-007935,16123865,166
"Dell Smartphone",SKU-007936,29162480,535
"Apple Camera",SKU-007937,41237562,970
"Sony Camera",SKU-007938,40176446,193
"Dell Smartphone",SKU-007939,11949882,192
"Dell Laptop",SKU-007940,31172693,897
"Dell Tablet",SKU-007941,13617429,521
"HP Camera",SKU-007942,12195194,158
"Apple Tablet",SKU-007943,31013181,262
"Dell Laptop",SKU-007944,43246364,307
"Apple Laptop",SKU-007945,37517934,7
"Dell Camera",SKU-007946,22828377,690
"Samsung Monitor",SKU-007947,49818652,535
"Apple Monitor",SKU-007948,12676094,685
"Sony Monitor",SKU-007949,8082722,857
"Samsung Laptop",SKU-007950,26286703,48
"Apple Tablet",SKU-007951,49696323,214
"Sony Monitor",SKU-007952,23808681,656
"Sony Tablet",SKU-007953,26994740,858
"Sony Camera",SKU-007954,19189878,253
"Samsung Laptop",SKU-007955,12149903,23
"Dell Smartphone",SKU-007956,12670974,231
"HP Tablet",SKU-007957,29661328,576
"HP Smartphone",SKU-007958,45985048,521
"HP Camera",SKU-007959,15335527,761
"Dell Monitor",SKU-007960,29315535,964
"Samsung Smartphone",SKU-007961,4560378,182
"Sony Monitor",SKU-007962,1946835,202
"Sony Smartphone",SKU-007963,40264082,364
"HP Tablet",SKU-007964,4385364,287
"Dell Laptop",SKU-007965,34378743,66
"Apple Laptop",SKU-007966,8275080,91
"Sony Monitor",SKU-007967,4472730,952
"Samsung Laptop",SKU-007968,21133050,688
"HP Camera",SKU-007969,10483311,484
"Apple Laptop",SKU-007970,2940460,222
"Samsung Camera",SKU-007971,33696625,172
"Dell Smartphone",SKU-007972,31860327,243
"HP Tablet",SKU-007973,43007516,209
"Dell Laptop",SKU-007974,42930216,813
"Samsung Laptop",SKU-007975,14935620,831
"Dell Laptop",SKU-007976,14296707,677
"Sony Camera",SKU-007977,46466605,465
"Dell Monitor",SKU-007978,47649235,85
"Dell Camera",SKU-007979,25012010,886
"Sony Laptop",SKU-007980,48166864,401
"Apple Tablet",SKU-007981,18419467,309
"Samsung Monitor",SKU-007982,7911077,298
"HP Tablet",SKU-007983,13545170,31
"Samsung Monitor",SKU-007984,16153198,884
"Samsung Smartphone",SKU-007985,42628316,983
"Sony Laptop",SKU-007986,18988910,106
"Samsung Smartphone",SKU-007987,8531158,410
"HP Smartphone",SKU-007988,35242448,38
"HP Smartphone",SKU-007989,2496813,23
"Dell Monitor",SKU-007990,22349157,91
"Apple Camera",SKU-007991,14574326,106
"Samsung Smartphone",SKU-007992,14601115,436
"HP Smartphone",SKU-007993,5586408,71
"Apple Monitor",SKU-007994,36517595,674
"Samsung Smartphone",SKU-007995,27032560,191
"Samsung Monitor",SKU-007996,46325247,300
"Apple Tablet",SKU-007997,25657392,822
"HP Monitor",SKU-007998,25620918,455
"Samsung Smartphone",SKU-007999,12979184,877
"Apple Camera",SKU-008000,7420486,801
"Sony Smartphone",SKU-008001,26100567,379
"Sony Tablet",SKU-008002,48664347,372
"HP Smartphone",SKU-008003,25603632,452
"Samsung Tablet",SKU-008004,42599472,799
"HP Laptop",SKU-008005,14384461,978
"Dell Monitor",SKU-008006,23416472,980
"Sony Smartphone",SKU-008007,25308006,195
"Apple Laptop",SKU-008008,35356643,163
"Samsung Smartphone",SKU-008009,17945709,885
"HP Tablet",SKU-008010,43767994,653
"Dell Smartphone",SKU-008011,5518905,704
"HP Camera",SKU-008012,47853618,436
"Dell Monitor",SKU-008013,48643790,299
"HP Monitor",SKU-008014,10734058,794
"Sony Monitor",SKU-008015,19317566,35
"Samsung Camera",SKU-008016,11260005,247
"Sony Monitor",SKU-008017,48795883,626
"HP Laptop",SKU-008018,13788150,159
"Apple Smartphone",SKU-008019,33342992,42
"Sony Camera",SKU-008020,26788174,149
"Sony Laptop",SKU-008021,9073785,871
"Samsung Laptop",SKU-008022,48502658,148
"Sony Tablet",SKU-008023,49140879,230
"Sony Tablet",SKU-008024,25535888,744
"Samsung Smartphone",SKU-008025,43910085,471
"Dell Camera",SKU-008026,32542815,723
"HP Tablet",SKU-008027,4002924,71
"Apple Smartphone",SKU-008028,21115905,517
"Apple Smartphone",SKU-008029,12678410,884
"Sony Smartphone",SKU-008030,15619221,759
"Sony Monitor",SKU-008031,18849461,782
"Sony Tablet",SKU-008032,14952429,517
"HP Laptop",SKU-008033,8622244,130
"Dell Camera",SKU-008034,30417877,713
"Samsung Smartphone",SKU-008035,24897992,586
"Dell Camera",SKU-008036,45872820,971
"Sony Laptop",SKU-008037,32803235,828
"Dell Camera",SKU-008038,20370856,522
"Sony Smartphone",SKU-008039,25978194,823
"Samsung Monitor",SKU-008040,2218567,499
"Samsung Laptop",SKU-008041,18926874,231
"Dell Tablet",SKU-008042,40342630,236
"Samsung Laptop",SKU-008043,29174785,25
"Sony Camera",SKU-008044,7853463,608
"Dell Laptop",SKU-008045,33015190,241
"Samsung Tablet",SKU-008046,16697521,212
"Sony Smartphone",SKU-008047,28447114,138
"Apple Smartphone",SKU-008048,43174541,741
"Sony Tablet",SKU-008049,4661188,48
"Sony Camera",SKU-008050,12884832,970
"Samsung Monitor",SKU-008051,18488534,24
"HP Laptop",SKU-008052,12949401,617
"Dell Camera",SKU-008053,47174528,163
"Sony Monitor",SKU-008054,35043287,85
"HP Smartphone",SKU-008055,38257490,800
"Apple Laptop",SKU-008056,7446160,814
"HP Smartphone",SKU-008057,23603120,795
"Dell Monitor",SKU-008058,39246267,600
"HP Laptop",SKU-008059,5474394,727
"Dell Monitor",SKU-008060,1922793,115
"Samsung Smartphone",SKU-008061,38064068,491
"Samsung Laptop",SKU-008062,44394043,104
"Apple Monitor",SKU-008063,7114265,628
"Apple Monitor",SKU-008064,19930468,310
"Dell Tablet",SKU-008065,36673299,439
"Dell Monitor",SKU-008066,14777837,6
"Samsung Monitor",SKU-008067,43003175,597
"Apple Camera",SKU-008068,21902854,908
"Dell Camera",SKU-008069,11047337,830
"Sony Smartphone",SKU-008070,5199225,959
"Dell Smartphone",SKU-008071,28293844,672
"Apple Tablet",SKU-008072,29715237,849
"Apple Laptop",SKU-008073,22096370,806
"Samsung Monitor",SKU-008074,32833255,856
"Sony Laptop",SKU-008075,7119215,317
"Samsung Tablet",SKU-008076,8358556,19
"Dell Smartphone",SKU-008077,28492382,31
"Apple Smartphone",SKU-008078,20913479,919
"Apple Monitor",SKU-008079,49667535,458
"HP Smartphone",SKU-008080,1767369,33
"Dell Tablet",SKU-008081,25419614,259
"Sony Monitor",SKU-008082,8521866,446
"HP Camera",SKU-008083,14083508,752
"Samsung Camera",SKU-008084,5054349,677
"Samsung Camera",SKU-008085,49056674,402
"Sony Smartphone",SKU-008086,29306595,146
"Dell Smartphone",SKU-008087,30298764,883
"Dell Laptop",SKU-008088,28061817,88
"Samsung Camera",SKU-008089,30317508,501
"Sony Laptop",SKU-008090,2669251,48
"Dell Laptop",SKU-008091,29125070,182
"Apple Laptop",SKU-008092,7567631,508
"Sony Camera",SKU-008093,34616623,613
"Dell Camera",SKU-008094,13066432,226
"Dell Monitor",SKU-008095,31646209,338
"Dell Laptop",SKU-008096,5199312,345
"Dell Camera",SKU-008097,32617528,573
"Dell Tablet",SKU-008098,47241049,477
"Apple Laptop",SKU-008099,10917093,623
"Dell Smartphone",SKU-008100,20086022,333
"Apple Monitor",SKU-008101,32402282,888
"Samsung Laptop",SKU-008102,36876046,695
"Samsung Laptop",SKU-008103,10945889,149
"HP Monitor",SKU-008104,35571302,668
"Samsung Laptop",SKU-008105,23890169,452
"HP Tablet",SKU-008106,13200912,824
"Sony Laptop",SKU-008107,4172417,429
"Apple Camera",SKU-008108,20824529,299
"Dell Camera",SKU-008109,36861656,333
"HP Laptop",SKU-008110,16852463,910
"Dell Tablet",SKU-008111,22416207,312
"Samsung Laptop",SKU-008112,42699467,284
"Sony Camera",SKU-008113,8981488,134
"Sony Laptop",SKU-008114,22446458,808
"HP Smartphone",SKU-008115,14044308,315
"Samsung Camera",SKU-008116,13012381,104
"Samsung Monitor",SKU-008117,2392891,501
"Apple Tablet",SKU-008118,36358261,781
"Apple Tablet",SKU-008119,23496169,857
"Dell Camera",SKU-008120,1893368,716
"Dell Smartphone",SKU-008121,16289717,581
"Apple Tablet",SKU-008122,38550735,620
"Apple Monitor",SKU-008123,29820311,688
"Apple Smartphone",SKU-008124,37686398,77
"Sony Laptop",SKU-008125,41556832,210
"HP Camera",SKU-008126,19995367,183
"Dell Monitor",SKU-008127,26371476,547
"HP Smartphone",SKU-008128,32629924,602
"HP Monitor",SKU-008129,2220619,995
"Samsung Camera",SKU-008130,46683537,553
"Sony Smartphone",SKU-008131,5514685,993
"HP Tablet",SKU-008132,12148937,919
"HP Camera",SKU-008133,38280815,545
"Dell Laptop",SKU-008134,36159134,752
"Dell Tablet",SKU-008135,10197164,266
"Apple Camera",SKU-008136,2657056,634
"HP Tablet",SKU-008137,22222486,409
"Apple Camera",SKU-008138,9058926,617
"HP Smartphone",SKU-008139,25515832,802
"Sony Camera",SKU-008140,40883448,801
"Dell Camera",SKU-008141,36791988,992
"Samsung Smartphone",SKU-008142,36223105,628
"HP Camera",SKU-008143,9784665,184
"Samsung Monitor",SKU-008144,8742990,862
"Sony Smartphone",SKU-008145,28230569,499
"Sony Camera",SKU-008146,28049796,330
"Sony Camera",SKU-008147,27595244,534
"HP Camera",SKU-008148,42621265,247
"Dell Smartphone",SKU-008149,4845644,356
"Samsung Camera",SKU-008150,37317564,635
"Samsung Camera",SKU-008151,32714919,241
"Samsung Laptop",SKU-008152,33207126,979
"Apple Tablet",SKU-008153,5008253,727
"Apple Monitor",SKU-008154,16285024,449
"Samsung Laptop",SKU-008155,27717331,440
"Apple Smartphone",SKU-008156,2684788,521
"Sony Tablet",SKU-008157,45973584,263
"Sony Monitor",SKU-008158,11302482,900
"Sony Laptop",SKU-008159,13501796,316
"HP Smartphone",SKU-008160,20423718,83
"Sony Tablet",SKU-008161,26946545,838
"Dell Camera",SKU-008162,36776658,29
"Sony Camera",SKU-008163,47461866,410
"Samsung Camera",SKU-008164,20213905,666
"HP Tablet",SKU-008165,44085441,189
"Apple Monitor",SKU-008166,17282878,995
"Samsung Smartphone",SKU-008167,14314305,2
"HP Laptop",SKU-008168,34095098,467
"Samsung Laptop",SKU-008169,44442745,706
"Dell Laptop",SKU-008170,44342163,469
"HP Tablet",SKU-008171,39382111,897
"Dell Monitor",SKU-008172,45813693,689
"Samsung Monitor",SKU-008173,17045325,652
"HP Laptop",SKU-008174,11710134,369
"Apple Monitor",SKU-008175,35679621,50
"Samsung Monitor",SKU-008176,4907682,460
"Dell Laptop",SKU-008177,21107862,222
"Apple Monitor",SKU-008178,26813407,752
"Sony Tablet",SKU-008179,11915941,203
"Dell Tablet",SKU-008180,19462313,352
"Dell Monitor",SKU-008181,27060229,453
"Apple Camera",SKU-008182,35151936,544
"HP Tablet",SKU-008183,43068003,553
"Samsung Smartphone",SKU-008184,41965207,924
"Apple Smartphone",SKU-008185,34160316,229
"Apple Laptop",SKU-008186,14865031,918
"Sony Tablet",SKU-008187,19460929,65
"Apple Monitor",SKU-008188,14198479,771
"Dell Tablet",SKU-008189,26878931,919
"HP Laptop",SKU-008190,37718337,644
"Apple Monitor",SKU-008191,49401661,398
"Sony Tablet",SKU-008192,1604313,80
"Samsung Camera",SKU-008193,38189784,397
"Dell Tablet",SKU-008194,47046783,778
"Sony Laptop",SKU-008195,40875585,773
"Dell Camera",SKU-008196,32956274,874
"Samsung Camera",SKU-008197,33922666,175
"Samsung Smartphone",SKU-008198,27528085,772
"HP Laptop",SKU-008199,18149207,240
"Apple Smartphone",SKU-008200,10801486,241
"Samsung Smartphone",SKU-008201,39713582,219
"HP Monitor",SKU-008202,21340141,915
"Sony Tablet",SKU-008203,6381629,39
"Samsung Tablet",SKU-008204,13656993,563
"Apple Tablet",SKU-008205,5725223,525
"Dell Monitor",SKU-008206,25858252,675
"Samsung Smartphone",SKU-008207,4121964,888
"HP Camera",SKU-008208,36120566,47
"Samsung Laptop",SKU-008209,41599789,530
"Apple Camera",SKU-008210,20566945,135
"Samsung Tablet",SKU-008211,6695126,715
"HP Tablet",SKU-008212,49482685,791
"HP Laptop",SKU-008213,40747483,549
"HP Tablet",SKU-008214,12987806,575
"Apple Camera",SKU-008215,16334488,870
"Sony Laptop",SKU-008216,32152102,229
"Apple Camera",SKU-008217,1793860,184
"Apple Tablet",SKU-008218,30841123,708
"Dell Laptop",SKU-008219,35101260,892
"Samsung Camera",SKU-008220,39425435,30
"HP Smartphone",SKU-008221,29766733,619
"Apple Laptop",SKU-008222,42440676,402
"Samsung Tablet",SKU-008223,9420764,443
"Dell Tablet",SKU-008224,40845053,886
"Samsung Camera",SKU-008225,31835938,837
"Sony Laptop",SKU-008226,7485710,125
"Apple Smartphone",SKU-008227,14692584,322
"HP Smartphone",SKU-008228,39239078,94
"Dell Tablet",SKU-008229,32970109,849
"Samsung Monitor",SKU-008230,48184618,272
"Sony Smartphone",SKU-008231,9828494,901
"Apple Monitor",SKU-008232,21740419,745
"HP Laptop",SKU-008233,39371222,403
"Apple Laptop",SKU-008234,27459350,590
"Sony Tablet",SKU-008235,35564687,911
"Samsung Laptop",SKU-008236,1168515,598
"Apple Smartphone",SKU-008237,1009698,871
"HP Smartphone",SKU-008238,49735403,631
"Dell Monitor",SKU-008239,9635194,674
"Apple Camera",SKU-008240,33506807,911
"HP Tablet",SKU-008241,5956596,371
"Sony Tablet",SKU-008242,37130199,567
"Sony Tablet",SKU-008243,10108795,395
"HP Laptop",SKU-008244,20148175,748
"Apple Tablet",SKU-008245,48983977,555
"Samsung Laptop",SKU-008246,36065047,523
"Sony Laptop",SKU-008247,46055562,450
"Sony Monitor",SKU-008248,3446733,938
"Sony Laptop",SKU-008249,7507107,0
"Samsung Camera",SKU-008250,12515044,429
"Samsung Tablet",SKU-008251,7651734,225
"Sony Tablet",SKU-008252,1566740,625
"Samsung Camera",SKU-008253,38300814,590
"Sony Smartphone",SKU-008254,42909064,482
"HP Monitor",SKU-008255,19732715,299
"Dell Monitor",SKU-008256,18975273,708
"HP Laptop",SKU-008257,4191237,703
"Dell Monitor",SKU-008258,2470795,113
"Samsung Monitor",SKU-008259,24057180,755
"Apple Tablet",SKU-008260,5633736,556
"Dell Monitor",SKU-008261,7063558,364
"Apple Monitor",SKU-008262,40514906,631
"HP Laptop",SKU-008263,12468054,845
"Apple Tablet",SKU-008264,6440164,243
"Dell Camera",SKU-008265,8333168,402
"Dell Smartphone",SKU-008266,35723432,988
"Samsung Smartphone",SKU-008267,14914636,368
"Apple Smartphone",SKU-008268,15799356,679
"Sony Tablet",SKU-008269,43707203,589
"HP Camera",SKU-008270,4618936,702
"Sony Tablet",SKU-008271,11301445,368
"Dell Laptop",SKU-008272,30401950,819
"Sony Monitor",SKU-008273,33786385,843
"Apple Monitor",SKU-008274,26249985,974
"Samsung Camera",SKU-008275,19589834,668
"Samsung Camera",SKU-008276,4283854,757
"Samsung Monitor",SKU-008277,26438117,864
"Apple Smartphone",SKU-008278,2500401,528
"Apple Monitor",SKU-008279,12778284,11
"Apple Monitor",SKU-008280,36823645,797
"Sony Smartphone",SKU-008281,9583137,498
"Apple Tablet",SKU-008282,9351535,931
"HP Tablet",SKU-008283,26458236,812
"HP Laptop",SKU-008284,18511191,661
"Dell Smartphone",SKU-008285,16030934,216
"Sony Tablet",SKU-008286,34560193,315
"Samsung Laptop",SKU-008287,46985390,690
"Sony Smartphone",SKU-008288,11557368,416
"Samsung Camera",SKU-008289,26811077,662
"Sony Tablet",SKU-008290,40065333,254
"Samsung Laptop",SKU-008291,6132454,977
"Samsung Monitor",SKU-008292,19046009,502
"Apple Camera",SKU-008293,35589729,896
"Apple Monitor",SKU-008294,10213735,148
"Samsung Camera",SKU-008295,43992423,377
"Dell Tablet",SKU-008296,39955869,862
"Samsung Monitor",SKU-008297,3779719,919
"Dell Tablet",SKU-008298,45916952,645
"HP Laptop",SKU-008299,31141197,87
"Sony Laptop",SKU-008300,6427300,1000
"Samsung Camera",SKU-008301,44145591,518
"Samsung Camera",SKU-008302,23100649,496
"Samsung Monitor",SKU-008303,43402057,4
"Apple Tablet",SKU-008304,36620919,485
"Dell Tablet",SKU-008305,35969352,578
"Dell Laptop",SKU-008306,36568052,309
"Dell Laptop",SKU-008307,30449401,70
"Samsung Camera",SKU-008308,1416787,503
"HP Tablet",SKU-008309,39561950,327
"Samsung Tablet",SKU-008310,47001037,270
"Dell Laptop",SKU-008311,43883047,470
"Sony Laptop",SKU-008312,4251705,212
"Dell Camera",SKU-008313,26147630,236
"Dell Monitor",SKU-008314,14117320,250
"Dell Smartphone",SKU-008315,37262149,998
"Dell Laptop",SKU-008316,27810218,260
"HP Monitor",SKU-008317,30170115,601
"Apple Monitor",SKU-008318,16145250,582
"Apple Camera",SKU-008319,39888795,241
"Dell Smartphone",SKU-008320,22573990,878
"Samsung Smartphone",SKU-008321,3384462,80
"Samsung Laptop",SKU-008322,29022089,895
"Samsung Laptop",SKU-008323,40400407,105
"Apple Smartphone",SKU-008324,21334215,386
"HP Laptop",SKU-008325,24481403,331
"Samsung Tablet",SKU-008326,8298539,574
"Dell Tablet",SKU-008327,44462526,914
"Dell Smartphone",SKU-008328,44047027,547
"HP Monitor",SKU-008329,43931411,705
"Samsung Camera",SKU-008330,14292585,166
"Samsung Tablet",SKU-008331,29938486,749
"Sony Smartphone",SKU-008332,48260901,759
"Apple Camera",SKU-008333,36144101,136
"HP Camera",SKU-008334,36006411,706
"Samsung Laptop",SKU-008335,37381036,711
"Sony Smartphone",SKU-008336,3342304,464
"Sony Smartphone",SKU-008337,15434737,78
"Dell Monitor",SKU-008338,47555685,279
"Samsung Camera",SKU-008339,23740114,27
"Sony Smartphone",SKU-008340,28343266,174
"Samsung Tablet",SKU-008341,23295147,344
"HP Smartphone",SKU-008342,35196190,691
"Samsung Laptop",SKU-008343,39673379,93
"Sony Laptop",SKU-008344,17867116,616
"Apple Smartphone",SKU-008345,3457263,116
"Dell Camera",SKU-008346,42083580,883
"HP Smartphone",SKU-008347,21996032,361
"Dell Monitor",SKU-008348,17168310,182
"Samsung Laptop",SKU-008349,37247673,952
"Sony Laptop",SKU-008350,44271889,227
"Dell Laptop",SKU-008351,46433966,383
"Dell Tablet",SKU-008352,30909765,865
"Samsung Monitor",SKU-008353,19237100,507
"Samsung Monitor",SKU-008354,18910337,824
"Apple Laptop",SKU-008355,6461584,754
"HP Tablet",SKU-008356,31173534,846
"Sony Smartphone",SKU-008357,38078252,161
"Dell Camera",SKU-008358,11746770,416
"Dell Tablet",SKU-008359,21083143,435
"Apple Tablet",SKU-008360,18539886,541
"Dell Camera",SKU-008361,12166097,321
"Apple Tablet",SKU-008362,9815586,686
"Apple Monitor",SKU-008363,6966085,39
"Dell Monitor",SKU-008364,18079306,830
"HP Tablet",SKU-008365,3128840,684
"Samsung Laptop",SKU-008366,25516770,382
"HP Smartphone",SKU-008367,8022019,833
"Sony Laptop",SKU-008368,7918850,801
"Sony Tablet",SKU-008369,33940578,6
"Dell Tablet",SKU-008370,6586521,445
"Apple Tablet",SKU-008371,45281704,811
"HP Smartphone",SKU-008372,26472540,263
"Apple Smartphone",SKU-008373,5118361,355
"Sony Smartphone",SKU-008374,31353464,773
"HP Camera",SKU-008375,40466467,623
"HP Tablet",SKU-008376,43895903,974
"Dell Smartphone",SKU-008377,27515252,945
"Apple Camera",SKU-008378,14652591,458
"HP Tablet",SKU-008379,44383012,370
"Sony Camera",SKU-008380,35207975,149
"Sony Monitor",SKU-008381,13515784,559
"Dell Smartphone",SKU-008382,35133897,826
"Apple Laptop",SKU-008383,32162137,242
"Samsung Camera",SKU-008384,11274354,648
"HP Camera",SKU-008385,43604319,27
"Dell Monitor",SKU-008386,19349873,332
"Samsung Smartphone",SKU-008387,27042629,893
"Samsung Camera",SKU-008388,16517378,229
"Apple Monitor",SKU-008389,20747561,436
"Sony Camera",SKU-008390,33160097,586
"HP Camera",SKU-008391,45384996,375
"Apple Smartphone",SKU-008392,32216339,131
"Samsung Smartphone",SKU-008393,9086418,899
"Sony Monitor",SKU-008394,16627192,853
"Samsung Tablet",SKU-008395,27486708,264
"HP Laptop",SKU-008396,31065009,204
"HP Laptop",SKU-008397,49527715,666
"HP Tablet",SKU-008398,43080141,368
"Samsung Tablet",SKU-008399,20485520,99
"HP Smartphone",SKU-008400,14883983,566
"Samsung Tablet",SKU-008401,8529020,0
"Dell Laptop",SKU-008402,19086765,254
"Dell Laptop",SKU-008403,37021009,251
"Dell Monitor",SKU-008404,4939965,301
"HP Tablet",SKU-008405,12805793,448
"Sony Tablet",SKU-008406,2211130,492
"Dell Smartphone",SKU-008407,34061943,503
"Sony Tablet",SKU-008408,33828000,790
"Sony Monitor",SKU-008409,23085442,551
"Dell Smartphone",SKU-008410,40677756,355
"Apple Laptop",SKU-008411,45288051,721
"Dell Tablet",SKU-008412,4925002,354
"Apple Laptop",SKU-008413,39140845,347
"HP Laptop",SKU-008414,29682552,797
"HP Tablet",SKU-008415,29536398,178
"Dell Tablet",SKU-008416,21077903,352
"Apple Tablet",SKU-008417,3929543,825
"HP Monitor",SKU-008418,41278108,722
"Dell Smartphone",SKU-008419,13953822,775
"Sony Laptop",SKU-008420,43362802,993
"Samsung Smartphone",SKU-008421,46974474,579
"Dell Monitor",SKU-008422,37541901,134
"Samsung Laptop",SKU-008423,47225481,203
"Apple Camera",SKU-008424,7254178,913
"Apple Smartphone",SKU-008425,7407903,550
"Samsung Smartphone",SKU-008426,36587155,707
"Dell Camera",SKU-008427,49998959,337
"Dell Camera",SKU-008428,41738381,506
"Samsung Smartphone",SKU-008429,7456423,535
"Apple Smartphone",SKU-008430,28887063,561
"Dell Laptop",SKU-008431,15163393,64
"Apple Monitor",SKU-008432,4991935,487
"Samsung Smartphone",SKU-008433,30422255,263
"Samsung Laptop",SKU-008434,1993399,663
"Sony Monitor",SKU-008435,22769643,117
"HP Tablet",SKU-008436,29487781,663
"Dell Monitor",SKU-008437,34649803,378
"Dell Laptop",SKU-008438,47527637,12
"Sony Smartphone",SKU-008439,7204512,701
"Apple Tablet",SKU-008440,41945887,190
"Samsung Tablet",SKU-008441,42174061,192
"Samsung Camera",SKU-008442,30190937,410
"Samsung Tablet",SKU-008443,2281862,117
"Dell Tablet",SKU-008444,43106644,828
"Samsung Tablet",SKU-008445,38595111,585
"HP Monitor",SKU-008446,28319226,334
"Dell Monitor",SKU-008447,46907065,648
"Dell Monitor",SKU-008448,44915395,656
"Dell Monitor",SKU-008449,43901228,358
"Apple Camera",SKU-008450,2646367,523
"Samsung Camera",SKU-008451,12255916,486
"Apple Laptop",SKU-008452,36032443,992
"HP Smartphone",SKU-008453,32430244,279
"Apple Laptop",SKU-008454,14310533,576
"Apple Laptop",SKU-008455,31894786,953
"Apple Tablet",SKU-008456,15683484,382
"Sony Smartphone",SKU-008457,16269935,205
"Dell Smartphone",SKU-008458,34148945,63
"Samsung Monitor",SKU-008459,13529125,378
"Sony Laptop",SKU-008460,8241177,163
"Samsung Camera",SKU-008461,43185542,437
"Samsung Tablet",SKU-008462,45899963,380
"HP Laptop",SKU-008463,42946825,777
"Samsung Monitor",SKU-008464,49443445,209
"HP Smartphone",SKU-008465,36318330,614
"Samsung Tablet",SKU-008466,3936713,882
"Samsung Tablet",SKU-008467,16143330,360
"Samsung Smartphone",SKU-008468,37615457,34
"Samsung Camera",SKU-008469,3018180,207
"Dell Smartphone",SKU-008470,37306876,413
"Samsung Laptop",SKU-008471,38212643,524
"HP Smartphone",SKU-008472,12322898,287
"Samsung Camera",SKU-008473,32493603,995
"Dell Camera",SKU-008474,42731599,253
"Dell Monitor",SKU-008475,4486287,404
"HP Laptop",SKU-008476,2518372,103
"HP Smartphone",SKU-008477,5299869,750
"Samsung Tablet",SKU-008478,6713834,353
"Sony Monitor",SKU-008479,28174594,385
"Samsung Smartphone",SKU-008480,39801095,41
"Apple Smartphone",SKU-008481,17487391,841
"Dell Tablet",SKU-008482,6247586,282
"HP Tablet",SKU-008483,30047600,721
"Dell Smartphone",SKU-008484,27645024,895
"Dell Tablet",SKU-008485,24680670,430
"Sony Camera",SKU-008486,17662532,623
"Dell Camera",SKU-008487,34733122,962
"Dell Tablet",SKU-008488,33965120,58
"Dell Tablet",SKU-008489,14793337,616
"HP Laptop",SKU-008490,49441983,142
"Dell Monitor",SKU-008491,10999711,768
"Apple Smartphone",SKU-008492,45345202,824
"Samsung Tablet",SKU-008493,34612976,156
"HP Tablet",SKU-008494,12472628,906
"Sony Smartphone",SKU-008495,45811605,637
"Dell Camera",SKU-008496,29916124,531
"Sony Monitor",SKU-008497,17191971,976
"Sony Camera",SKU-008498,38070434,447
"Apple Smartphone",SKU-008499,39091200,401
"Apple Monitor",SKU-008500,2531538,688
"Apple Camera",SKU-008501,19124562,542
"Apple Smartphone",SKU-008502,49552666,909
"Dell Camera",SKU-008503,2286769,799
"Dell Camera",SKU-008504,36314442,775
"Apple Smartphone",SKU-008505,34083670,456
"Samsung Camera",SKU-008506,10615469,969
"Sony Tablet",SKU-008507,43855294,23
"Apple Smartphone",SKU-008508,14010886,635
"Sony Smartphone",SKU-008509,43977728,933
"Dell Tablet",SKU-008510,43591953,38
"HP Tablet",SKU-008511,7279239,856
"Samsung Monitor",SKU-008512,42629929,74
"Dell Camera",SKU-008513,16041415,670
"Apple Smartphone",SKU-008514,40390391,424
"Sony Camera",SKU-008515,41454143,298
"HP Camera",SKU-008516,10491409,804
"Samsung Tablet",SKU-008517,44627554,62
"HP Smartphone",SKU-008518,30916478,483
"Samsung Camera",SKU-008519,27305849,28
"HP Camera",SKU-008520,33610256,353
"Dell Monitor",SKU-008521,42436992,463
"HP Camera",SKU-008522,23868825,624
"Samsung Tablet",SKU-008523,8991412,308
"Apple Smartphone",SKU-008524,47306643,58
"Samsung Smartphone",SKU-008525,10791644,278
"HP Smartphone",SKU-008526,33771498,814
"Samsung Tablet",SKU-008527,49136014,643
"Samsung Smartphone",SKU-008528,24399116,771
"Dell Tablet",SKU-008529,4265845,623
"Apple Tablet",SKU-008530,42053679,242
"Samsung Monitor",SKU-008531,9045711,38
"HP Monitor",SKU-008532,10684212,562
"Dell Camera",SKU-008533,26258239,223
"Sony Laptop",SKU-008534,31099115,244
"Sony Laptop",SKU-008535,49097573,766
"Sony Camera",SKU-008536,19500501,762
"Samsung Tablet",SKU-008537,7112751,817
"Samsung Monitor",SKU-008538,16742460,67
"HP Smartphone",SKU-008539,28017742,586
"Samsung Laptop",SKU-008540,38889191,963
"Apple Laptop",SKU-008541,29982417,631
"Samsung Smartphone",SKU-008542,41359727,242
"Sony Tablet",SKU-008543,22483044,566
"Sony Monitor",SKU-008544,2096784,96
"Dell Tablet",SKU-008545,2839213,851
"Sony Tablet",SKU-008546,45448495,639
"Apple Laptop",SKU-008547,8880977,911
"HP Laptop",SKU-008548,15550821,686
"HP Tablet",SKU-008549,20636451,648
"Samsung Smartphone",SKU-008550,48592082,399
"HP Smartphone",SKU-008551,29800619,885
"Apple Camera",SKU-008552,10283374,144
"Dell Smartphone",SKU-008553,8475059,478
"HP Tablet",SKU-008554,5972249,191
"Sony Monitor",SKU-008555,46747443,746
"Sony Tablet",SKU-008556,39275849,679
"Sony Monitor",SKU-008557,35759628,284
"Sony Camera",SKU-008558,12853986,228
"Dell Smartphone",SKU-008559,30917510,333
"Samsung Smartphone",SKU-008560,48786871,969
"Apple Tablet",SKU-008561,33041199,773
"HP Laptop",SKU-008562,44402629,412
"Samsung Tablet",SKU-008563,42280284,504
"HP Camera",SKU-008564,23049652,260
"Sony Tablet",SKU-008565,6232230,940
"Sony Camera",SKU-008566,19201007,298
"Samsung Smartphone",SKU-008567,33222080,467
"Apple Laptop",SKU-008568,12903229,603
"Apple Camera",SKU-008569,18945542,678
"Sony Tablet",SKU-008570,33874119,315
"Dell Tablet",SKU-008571,6672022,438
"Samsung Laptop",SKU-008572,17897985,507
"Dell Tablet",SKU-008573,24972167,238
"Samsung Tablet",SKU-008574,2306507,915
"Samsung Camera",SKU-008575,13389604,566
"Dell Tablet",SKU-008576,38185058,65
"HP Smartphone",SKU-008577,32094701,11
"Apple Camera",SKU-008578,46295532,31
"Dell Laptop",SKU-008579,7805520,306
"Dell Laptop",SKU-008580,1737450,996
"Apple Smartphone",SKU-008581,46901466,356
"Sony Tablet",SKU-008582,22060997,49
"Samsung Smartphone",SKU-008583,49677803,484
"Sony Monitor",SKU-008584,49903091,398
"Apple Laptop",SKU-008585,36026350,489
"HP Tablet",SKU-008586,31337302,922
"HP Monitor",SKU-008587,28789211,873
"Sony Monitor",SKU-008588,42249934,788
"Sony Tablet",SKU-008589,24514864,644
"Apple Smartphone",SKU-008590,48398062,978
"HP Smartphone",SKU-008591,18992434,382
"Samsung Smartphone",SKU-008592,21868187,914
"Dell Camera",SKU-008593,4829402,557
"HP Monitor",SKU-008594,6366826,142
"Sony Laptop",SKU-008595,17647034,91
"Sony Smartphone",SKU-008596,24424143,281
"Dell Tablet",SKU-008597,48787084,300
"Sony Tablet",SKU-008598,26362145,866
"HP Smartphone",SKU-008599,30492121,864
"Dell Camera",SKU-008600,39262071,286
"HP Monitor",SKU-008601,49961409,924
"Dell Tablet",SKU-008602,3717734,686
"Sony Laptop",SKU-008603,46317109,724
"HP Smartphone",SKU-008604,19498111,14
"HP Camera",SKU-008605,28419267,713
"Apple Camera",SKU-008606,1331670,462
"Samsung Camera",SKU-008607,38819770,90
"Samsung Laptop",SKU-008608,44023496,90
"Dell Monitor",SKU-008609,15332138,861
"Samsung Smartphone",SKU-008610,12893835,727
"Apple Monitor",SKU-008611,18208730,710
"Apple Tablet",SKU-008612,14250180,840
"Sony Laptop",SKU-008613,48332160,257
"HP Camera",SKU-008614,7839001,261
"Apple Tablet",SKU-008615,33134648,142
"Apple Smartphone",SKU-008616,43699731,630
"Apple Laptop",SKU-008617,19886516,995
"HP Monitor",SKU-008618,44143839,891
"HP Laptop",SKU-008619,10764973,581
"Dell Camera",SKU-008620,18483110,704
"HP Smartphone",SKU-008621,15565096,397
"HP Tablet",SKU-008622,11019778,355
"Apple Laptop",SKU-008623,12305766,890
"Dell Smartphone",SKU-008624,6101559,399
"Dell Tablet",SKU-008625,40875028,77
"Samsung Camera",SKU-008626,1498225,1
"Samsung Monitor",SKU-008627,31988046,105
"Apple Laptop",SKU-008628,44815079,319
"Sony Laptop",SKU-008629,9193385,213
"Sony Laptop",SKU-008630,16862996,693
"HP Tablet",SKU-008631,43260661,364
"Samsung Monitor",SKU-008632,48511780,527
"Apple Camera",SKU-008633,28702932,753
"Samsung Laptop",SKU-008634,16809183,827
"Dell Tablet",SKU-008635,35573091,63
"Apple Smartphone",SKU-008636,14702409,935
"HP Smartphone",SKU-008637,21893644,771
"Sony Camera",SKU-008638,32645760,893
"Sony Laptop",SKU-008639,24244580,203
"Sony Smartphone",SKU-008640,17528558,39
"Dell Laptop",SKU-008641,48423291,724
"Samsung Tablet",SKU-008642,34676987,470
"Dell Camera",SKU-008643,6099839,850
"HP Tablet",SKU-008644,6239720,571
"Apple Laptop",SKU-008645,35682225,405
"Apple Monitor",SKU-008646,43465157,186
"HP Laptop",SKU-008647,31210523,787
"HP Camera",SKU-008648,12287974,175
"Dell Tablet",SKU-008649,10050617,124
"Samsung Tablet",SKU-008650,44693421,54
"Dell Camera",SKU-008651,43004750,887
"Samsung Smartphone",SKU-008652,9580751,0
"Samsung Monitor",SKU-008653,21888832,932
"Sony Laptop",SKU-008654,28820929,606
"Dell Tablet",SKU-008655,11979741,550
"Apple Tablet",SKU-008656,20232057,958
"HP Laptop",SKU-008657,11385659,79
"Apple Laptop",SKU-008658,25077137,204
"Sony Camera",SKU-008659,37287624,669
"Dell Tablet",SKU-008660,32747051,949
"Samsung Monitor",SKU-008661,21475003,680
"Dell Monitor",SKU-008662,3923740,176
"Dell Camera",SKU-008663,25324393,778
"Sony Smartphone",SKU-008664,7502585,413
"Sony Tablet",SKU-008665,44415265,485
"Apple Camera",SKU-008666,34736887,410
"Sony Tablet",SKU-008667,25144711,585
"HP Laptop",SKU-008668,30463929,979
"HP Tablet",SKU-008669,34814883,93
"Dell Smartphone",SKU-008670,27125305,708
"Sony Smartphone",SKU-008671,37069070,407
"Apple Monitor",SKU-008672,31181901,256
"Samsung Laptop",SKU-008673,42818953,350
"Apple Camera",SKU-008674,46448797,617
"Sony Smartphone",SKU-008675,25163533,587
"Dell Monitor",SKU-008676,3834816,379
"Sony Smartphone",SKU-008677,40861551,51
"Samsung Camera",SKU-008678,27701855,872
"Sony Tablet",SKU-008679,37191799,659
"Samsung Smartphone",SKU-008680,21366136,267
"HP Smartphone",SKU-008681,33013773,449
"Apple Tablet",SKU-008682,42632749,375
"Samsung Tablet",SKU-008683,47894739,228
"Dell Tablet",SKU-008684,17188094,697
"Sony Laptop",SKU-008685,40856170,721
"Dell Camera",SKU-008686,36952650,535
"HP Camera",SKU-008687,1939911,379
"Sony Tablet",SKU-008688,17326606,676
"Sony Tablet",SKU-008689,46460880,237
"Apple Smartphone",SKU-008690,2270534,244
"Sony Tablet",SKU-008691,34487329,464
"Samsung Laptop",SKU-008692,14423384,435
"Sony Laptop",SKU-008693,21710175,847
"Samsung Camera",SKU-008694,42659215,479
"Sony Camera",SKU-008695,41221505,242
"Samsung Monitor",SKU-008696,24243728,897
"Apple Smartphone",SKU-008697,43799076,93
"Apple Tablet",SKU-008698,38131930,890
"Sony Camera",SKU-008699,34127304,114
"Apple Monitor",SKU-008700,28947473,544
"HP Tablet",SKU-008701,47230454,116
"HP Smartphone",SKU-008702,16305095,550
"Sony Smartphone",SKU-008703,14940168,125
"Dell Smartphone",SKU-008704,30214219,175
"HP Camera",SKU-008705,17074533,909
"Dell Laptop",SKU-008706,16043914,257
"Apple Tablet",SKU-008707,21748983,922
"Samsung Smartphone",SKU-008708,23132167,898
"Sony Monitor",SKU-008709,1398706,460
"Apple Monitor",SKU-008710,22154600,105
"Apple Monitor",SKU-008711,15545202,74
"Dell Monitor",SKU-008712,18829816,771
"HP Smartphone",SKU-008713,4870250,828
"Apple Smartphone",SKU-008714,35669600,554
"HP Laptop",SKU-008715,6755952,187
"Apple Tablet",SKU-008716,25491103,364
"Sony Camera",SKU-008717,30836006,247
"HP Laptop",SKU-008718,9313940,510
"Dell Smartphone",SKU-008719,47896588,702
"HP Laptop",SKU-008720,17253228,842
"Sony Tablet",SKU-008721,44751442,99
"Sony Tablet",SKU-008722,44246528,263
"HP Tablet",SKU-008723,4723743,677
"Sony Camera",SKU-008724,47523466,910
"Sony Camera",SKU-008725,8424838,488
"Samsung Tablet",SKU-008726,39463803,225
"Sony Laptop",SKU-008727,29005886,598
"HP Monitor",SKU-008728,42141663,78
"Apple Tablet",SKU-008729,38311025,903
"Dell Laptop",SKU-008730,36589683,29
"Dell Laptop",SKU-008731,35273299,290
"Samsung Monitor",SKU-008732,18350575,884
"Samsung Camera",SKU-008733,20963458,421
"Apple Laptop",SKU-008734,6941822,564
"Samsung Tablet",SKU-008735,25986361,612
"Samsung Smartphone",SKU-008736,16528124,407
"HP Smartphone",SKU-008737,46189491,462
"Sony Tablet",SKU-008738,49141556,555
"HP Laptop",SKU-008739,25262687,998
"Samsung Tablet",SKU-008740,31171717,135
"Dell Smartphone",SKU-008741,4302248,592
"HP Camera",SKU-008742,23934713,752
"HP Tablet",SKU-008743,15455470,881
"Apple Laptop",SKU-008744,31867929,546
"Samsung Camera",SKU-008745,12974869,462
"Apple Laptop",SKU-008746,23271974,807
"Samsung Monitor",SKU-008747,12193892,687
"HP Laptop",SKU-008748,34254591,55
"Samsung Smartphone",SKU-008749,46740825,423
"Sony Monitor",SKU-008750,19080410,680
"Sony Laptop",SKU-008751,41731581,530
"Dell Laptop",SKU-008752,5020161,747
"Dell Tablet",SKU-008753,19360654,150
"Sony Tablet",SKU-008754,1730314,388
"Sony Monitor",SKU-008755,15751298,271
"Sony Monitor",SKU-008756,8076467,786
"HP Monitor",SKU-008757,33568577,67
"HP Monitor",SKU-008758,19058784,470
"Sony Laptop",SKU-008759,27073194,448
"Apple Tablet",SKU-008760,30939616,666
"Sony Smartphone",SKU-008761,48664483,892
"Dell Monitor",SKU-008762,6658096,397
"Sony Smartphone",SKU-008763,23562932,57
"Apple Monitor",SKU-008764,15198044,864
"Samsung Monitor",SKU-008765,46136116,56
"Sony Monitor",SKU-008766,1555361,3
"Dell Smartphone",SKU-008767,4054633,673
"Sony Camera",SKU-008768,33809032,176
"Dell Tablet",SKU-008769,47957658,788
"Samsung Monitor",SKU-008770,31401555,146
"Dell Smartphone",SKU-008771,34061596,723
"Apple Laptop",SKU-008772,18536571,217
"Samsung Laptop",SKU-008773,31861886,630
"Sony Monitor",SKU-008774,20576866,936
"Apple Camera",SKU-008775,27862667,229
"Apple Laptop",SKU-008776,45469055,885
"Samsung Laptop",SKU-008777,38674029,124
"Sony Smartphone",SKU-008778,43802243,980
"Samsung Laptop",SKU-008779,33146167,570
"Apple Smartphone",SKU-008780,5467095,349
"Apple Laptop",SKU-008781,21102327,650
"Dell Smartphone",SKU-008782,49005804,854
"HP Laptop",SKU-008783,31877098,238
"HP Monitor",SKU-008784,23951020,715
"Dell Laptop",SKU-008785,19666842,841
"Samsung Camera",SKU-008786,14439584,46
"Samsung Smartphone",SKU-008787,12979612,725
"Samsung Camera",SKU-008788,22227847,247
"Dell Monitor",SKU-008789,20590903,832
"HP Smartphone",SKU-008790,21769716,661
"Sony Monitor",SKU-008791,21187372,955
"HP Smartphone",SKU-008792,28312779,630
"Sony Camera",SKU-008793,16501366,125
"Dell Monitor",SKU-008794,31572112,441
"Dell Camera",SKU-008795,1874264,322
"Sony Laptop",SKU-008796,28380136,620
"HP Laptop",SKU-008797,11783904,251
"Dell Monitor",SKU-008798,13034271,626
"Apple Monitor",SKU-008799,23060072,498
"Samsung Smartphone",SKU-008800,45600489,599
"Sony Monitor",SKU-008801,7813637,112
"Sony Monitor",SKU-008802,28221827,108
"Samsung Camera",SKU-008803,36678249,60
"Samsung Laptop",SKU-008804,23251612,501
"Dell Tablet",SKU-008805,17087358,167
"Dell Laptop",SKU-008806,2287823,622
"Sony Camera",SKU-008807,12807504,123
"Sony Tablet",SKU-008808,17881666,952
"Apple Laptop",SKU-008809,39453623,867
"Sony Camera",SKU-008810,26258828,415
"Apple Camera",SKU-008811,46898381,609
"Dell Tablet",SKU-008812,12470353,913
"Sony Tablet",SKU-008813,26558950,348
"HP Smartphone",SKU-008814,29653509,585
"Sony Monitor",SKU-008815,43676341,841
"Sony Tablet",SKU-008816,47172876,239
"Dell Smartphone",SKU-008817,35599939,197
"Dell Smartphone",SKU-008818,7693218,283
"Sony Tablet",SKU-008819,6769592,193
"HP Camera",SKU-008820,8497360,1000
"Apple Camera",SKU-008821,11776833,671
"Samsung Smartphone",SKU-008822,40845893,455
"Dell Camera",SKU-008823,16550003,711
"Dell Monitor",SKU-008824,15962614,688
"HP Laptop",SKU-008825,9724059,47
"Dell Smartphone",SKU-008826,33877255,558
"Sony Smartphone",SKU-008827,24825579,301
"HP Laptop",SKU-008828,9587515,518
"Apple Camera",SKU-008829,25798964,952
"HP Smartphone",SKU-008830,2110712,259
"Dell Tablet",SKU-008831,17264361,715
"Dell Smartphone",SKU-008832,34321309,875
"HP Camera",SKU-008833,33910711,462
"Dell Monitor",SKU-008834,22695933,355
"Samsung Tablet",SKU-008835,37382943,59
"Dell Monitor",SKU-008836,41396115,703
"HP Tablet",SKU-008837,28430869,246
"Apple Camera",SKU-008838,18955309,238
"HP Camera",SKU-008839,3840849,135
"Samsung Tablet",SKU-008840,17334779,806
"HP Tablet",SKU-008841,36858095,262
"Dell Smartphone",SKU-008842,6457859,811
"HP Laptop",SKU-008843,38540717,709
"Apple Camera",SKU-008844,39697543,688
"Sony Camera",SKU-008845,47927693,457
"Samsung Laptop",SKU-008846,46608117,509
"Apple Camera",SKU-008847,31391141,509
"Apple Tablet",SKU-008848,10472430,446
"Samsung Monitor",SKU-008849,31329520,5
"HP Tablet",SKU-008850,14362292,498
"Sony Laptop",SKU-008851,11396479,530
"HP Laptop",SKU-008852,4010778,225
"Sony Laptop",SKU-008853,18203907,609
"Samsung Monitor",SKU-008854,21834788,817
"Sony Smartphone",SKU-008855,14793427,933
"HP Camera",SKU-008856,4833480,682
"Samsung Smartphone",SKU-008857,13190100,272
"Sony Tablet",SKU-008858,37369817,770
"Apple Tablet",SKU-008859,20629548,771
"Sony Tablet",SKU-008860,48488748,360
"Apple Laptop",SKU-008861,8372212,370
"Apple Monitor",SKU-008862,13135339,341
"Sony Camera",SKU-008863,48956679,662
"Sony Camera",SKU-008864,3831269,804
"Dell Monitor",SKU-008865,43510586,608
"Sony Laptop",SKU-008866,3893772,680
"HP Laptop",SKU-008867,44445878,496
"Sony Monitor",SKU-008868,32239206,263
"Samsung Smartphone",SKU-008869,39556143,575
"Apple Tablet",SKU-008870,31157798,508
"Samsung Monitor",SKU-008871,32949180,836
"Sony Laptop",SKU-008872,25529485,641
"Dell Camera",SKU-008873,41002999,183
"Sony Tablet",SKU-008874,46775725,48
"Apple Smartphone",SKU-008875,36794553,725
"Samsung Laptop",SKU-008876,10767255,619
"Apple Monitor",SKU-008877,37374434,857
"Dell Smartphone",SKU-008878,13941921,502
"Dell Monitor",SKU-008879,40804386,973
"Samsung Smartphone",SKU-008880,6127031,981
"Samsung Camera",SKU-008881,17112221,985
"HP Tablet",SKU-008882,45915947,12
"Sony Monitor",SKU-008883,40165606,443
"HP Laptop",SKU-008884,31846221,763
"Sony Monitor",SKU-008885,12216543,899
"Apple Tablet",SKU-008886,27016245,735
"Sony Monitor",SKU-008887,23545218,108
"Samsung Tablet",SKU-008888,19301866,581
"Apple Laptop",SKU-008889,2139835,328
"Dell Monitor",SKU-008890,16830523,897
"Apple Laptop",SKU-008891,34228021,414
"Sony Laptop",SKU-008892,35722508,562
"Dell Tablet",SKU-008893,19674361,501
"Dell Laptop",SKU-008894,45116085,912
"HP Laptop",SKU-008895,23898881,625
"HP Monitor",SKU-008896,7359391,845
"Apple Laptop",SKU-008897,30508437,274
"Samsung Monitor",SKU-008898,30545865,579
"Dell Monitor",SKU-008899,41632464,805
"Apple Laptop",SKU-008900,5912882,111
"Apple Monitor",SKU-008901,11266569,832
"Sony Smartphone",SKU-008902,38646994,372
"Dell Monitor",SKU-008903,35481123,939
"Dell Monitor",SKU-008904,28268045,468
"Sony Smartphone",SKU-008905,1408537,803
"Samsung Camera",SKU-008906,16368210,871
"HP Tablet",SKU-008907,48220476,172
"Samsung Monitor",SKU-008908,28712602,309
"Sony Smartphone",SKU-008909,10444781,573
"HP Smartphone",SKU-008910,3892194,398
"Dell Laptop",SKU-008911,42041780,513
"Sony Monitor",SKU-008912,24642967,557
"HP Camera",SKU-008913,39516063,217
"Sony Tablet",SKU-008914,43433045,355
"Dell Smartphone",SKU-008915,36572239,630
"Sony Monitor",SKU-008916,30040376,390
"Apple Monitor",SKU-008917,27153681,494
"HP Monitor",SKU-008918,39255362,244
"Samsung Monitor",SKU-008919,18863532,298
"Samsung Tablet",SKU-008920,47411071,955
"HP Smartphone",SKU-008921,4710452,839
"Dell Tablet",SKU-008922,20854427,932
"Dell Smartphone",SKU-008923,41782004,634
"HP Monitor",SKU-008924,18806932,599
"Sony Monitor",SKU-008925,38091166,948
"HP Smartphone",SKU-008926,11834026,331
"Sony Camera",SKU-008927,15732736,131
"HP Laptop",SKU-008928,43055200,785
"HP Smartphone",SKU-008929,34930090,11
"Dell Camera",SKU-008930,44671321,873
"Dell Monitor",SKU-008931,33834295,894
"Apple Monitor",SKU-008932,46438747,493
"HP Smartphone",SKU-008933,7136749,349
"HP Tablet",SKU-008934,11863812,736
"Dell Monitor",SKU-008935,36759009,927
"Apple Camera",SKU-008936,49459087,494
"HP Laptop",SKU-008937,12759356,572
"Dell Monitor",SKU-008938,38593878,752
"HP Smartphone",SKU-008939,45052596,997
"HP Camera",SKU-008940,8404245,480
"Samsung Camera",SKU-008941,42208573,983
"HP Smartphone",SKU-008942,29627290,180
"HP Monitor",SKU-008943,48497195,53
"HP Laptop",SKU-008944,2381359,319
"Dell Tablet",SKU-008945,38458469,752
"Samsung Laptop",SKU-008946,3351570,551
"Sony Monitor",SKU-008947,23683242,116
"Sony Camera",SKU-008948,7553684,159
"HP Tablet",SKU-008949,45545941,915
"Sony Laptop",SKU-008950,36984671,636
"Sony Smartphone",SKU-008951,37193177,911
"Sony Monitor",SKU-008952,45886206,63
"Sony Laptop",SKU-008953,40691949,726
"HP Smartphone",SKU-008954,29722813,535
"Dell Camera",SKU-008955,15777081,542
"Samsung Smartphone",SKU-008956,44923695,388
"Sony Tablet",SKU-008957,13237943,896
"Samsung Smartphone",SKU-008958,20003385,952
"Samsung Monitor",SKU-008959,35043492,867
"Samsung Camera",SKU-008960,1339248,741
"Sony Camera",SKU-008961,9088224,794
"HP Laptop",SKU-008962,11658760,766
"Sony Smartphone",SKU-008963,46034914,243
"Dell Monitor",SKU-008964,10548891,238
"HP Smartphone",SKU-008965,45728357,428
"Samsung Monitor",SKU-008966,30238656,624
"Dell Laptop",SKU-008967,14379717,317
"Sony Laptop",SKU-008968,26500517,37
"HP Camera",SKU-008969,25503371,905
"HP Tablet",SKU-008970,1730232,497
"Dell Laptop",SKU-008971,1404209,571
"Sony Camera",SKU-008972,1597968,200
"Samsung Tablet",SKU-008973,27471622,722
"HP Smartphone",SKU-008974,23573103,447
"Sony Smartphone",SKU-008975,49043166,850
"Samsung Tablet",SKU-008976,47494279,385
"Sony Monitor",SKU-008977,10509432,195
"HP Smartphone",SKU-008978,40426679,229
"Apple Camera",SKU-008979,47829658,687
"Sony Camera",SKU-008980,41730440,164
"Dell Tablet",SKU-008981,33954089,137
"Sony Camera",SKU-008982,47425442,405
"HP Monitor",SKU-008983,45558462,923
"Samsung Tablet",SKU-008984,8030222,812
"HP Laptop",SKU-008985,39350732,332
"Dell Tablet",SKU-008986,15546897,533
"HP Tablet",SKU-008987,7424359,809
"Sony Monitor",SKU-008988,27458355,568
"Samsung Tablet",SKU-008989,45014036,708
"HP Camera",SKU-008990,22540955,429
"Sony Tablet",SKU-008991,4254058,890
"HP Laptop",SKU-008992,10853813,962
"Apple Monitor",SKU-008993,45171814,726
"Sony Monitor",SKU-008994,41286056,283
"Dell Tablet",SKU-008995,41251804,277
"Samsung Tablet",SKU-008996,19772862,310
"Dell Camera",SKU-008997,49039326,838
"Apple Camera",SKU-008998,23010306,229
"Sony Tablet",SKU-008999,42504068,759
"Dell Laptop",SKU-009000,13088926,275
"Dell Monitor",SKU-009001,45068425,720
"Samsung Laptop",SKU-009002,25169520,997
"Dell Monitor",SKU-009003,21948241,600
"Apple Camera",SKU-009004,46520803,796
"Apple Laptop",SKU-009005,24769724,0
"HP Laptop",SKU-009006,40060619,350
"Samsung Monitor",SKU-009007,24035326,453
"Samsung Camera",SKU-009008,49230293,421
"Samsung Tablet",SKU-009009,32150695,432
"HP Tablet",SKU-009010,6893181,119
"Dell Laptop",SKU-009011,44923136,195
"HP Smartphone",SKU-009012,16233421,486
"Samsung Monitor",SKU-009013,8602133,841
"Samsung Monitor",SKU-009014,12228079,899
"Apple Smartphone",SKU-009015,32968806,358
"Sony Camera",SKU-009016,35317846,550
"HP Monitor",SKU-009017,9268003,771
"Dell Monitor",SKU-009018,45541922,701
"HP Camera",SKU-009019,25361639,891
"Apple Laptop",SKU-009020,11726051,329
"Samsung Camera",SKU-009021,42000336,65
"HP Smartphone",SKU-009022,17344878,673
"Dell Smartphone",SKU-009023,46516628,827
"Sony Smartphone",SKU-009024,8907844,261
"HP Camera",SKU-009025,41165670,786
"Apple Laptop",SKU-009026,44526998,425
"Samsung Monitor",SKU-009027,16244260,196
"Samsung Tablet",SKU-009028,26735319,698
"Apple Smartphone",SKU-009029,7276813,875
"Apple Laptop",SKU-009030,16438704,790
"Apple Camera",SKU-009031,33159228,764
"Sony Monitor",SKU-009032,36458202,718
"Apple Camera",SKU-009033,37328228,652
"Apple Camera",SKU-009034,42091267,317
"Dell Camera",SKU-009035,37954768,932
"Dell Laptop",SKU-009036,23014215,133
"Sony Laptop",SKU-009037,2933417,967
"Dell Tablet",SKU-009038,39351045,192
"Dell Smartphone",SKU-009039,26673943,949
"Dell Tablet",SKU-009040,10410026,798
"HP Tablet",SKU-009041,37202688,808
"Dell Monitor",SKU-009042,29055862,341
"Sony Laptop",SKU-009043,43075946,930
"Sony Smartphone",SKU-009044,20082565,525
"Dell Camera",SKU-009045,6346026,976
"Dell Laptop",SKU-009046,48299557,489
"Apple Camera",SKU-009047,36335901,203
"Apple Laptop",SKU-009048,5382613,554
"Dell Monitor",SKU-009049,10638024,283
"Dell Camera",SKU-009050,29241304,415
"Dell Smartphone",SKU-009051,13274725,357
"HP Tablet",SKU-009052,1756351,743
"Apple Monitor",SKU-009053,17524050,276
"Sony Smartphone",SKU-009054,24876423,58
"HP Tablet",SKU-009055,29068020,622
"Dell Laptop",SKU-009056,12751813,13
"Samsung Laptop",SKU-009057,34325776,897
"Apple Tablet",SKU-009058,11212598,785
"HP Laptop",SKU-009059,33524934,859
"HP Smartphone",SKU-009060,1541212,569
"Sony Camera",SKU-009061,30746071,34
"Dell Camera",SKU-009062,37785991,956
"Sony Laptop",SKU-009063,7880116,444
"Apple Monitor",SKU-009064,29538268,1
"Apple Laptop",SKU-009065,47162551,308
"Samsung Camera",SKU-009066,28016879,260
"HP Camera",SKU-009067,18332935,663
"Samsung Tablet",SKU-009068,9074905,895
"Samsung Smartphone",SKU-009069,7734646,729
"Dell Monitor",SKU-009070,39203693,443
"Dell Laptop",SKU-009071,12448840,306
"Apple Smartphone",SKU-009072,41915447,587
"Apple Laptop",SKU-009073,10000354,971
"HP Laptop",SKU-009074,39824171,738
"HP Camera",SKU-009075,42581128,333
"Apple Laptop",SKU-009076,32289276,430
"Apple Camera",SKU-009077,23564099,190
"HP Smartphone",SKU-009078,9625882,644
"Dell Smartphone",SKU-009079,45977305,302
"Sony Tablet",SKU-009080,48599962,888
"Sony Laptop",SKU-009081,22369306,555
"Samsung Camera",SKU-009082,2859787,356
"Samsung Smartphone",SKU-009083,44748859,81
"Apple Camera",SKU-009084,42635395,172
"Samsung Smartphone",SKU-009085,32228966,764
"HP Tablet",SKU-009086,40482287,8
"HP Smartphone",SKU-009087,13387513,74
"Samsung Laptop",SKU-009088,3016283,444
"HP Camera",SKU-009089,41447313,148
"Apple Laptop",SKU-009090,38391595,391
"Samsung Laptop",SKU-009091,23642923,116
"HP Smartphone",SKU-009092,18788420,943
"Sony Smartphone",SKU-009093,5500729,381
"Sony Tablet",SKU-009094,47784686,341
"HP Camera",SKU-009095,29142234,537
"HP Monitor",SKU-009096,43696444,794
"Sony Camera",SKU-009097,36420740,364
"HP Tablet",SKU-009098,23332367,668
"Sony Tablet",SKU-009099,46266159,217
"Sony Monitor",SKU-009100,41132263,5
"HP Monitor",SKU-009101,24212100,387
"Dell Monitor",SKU-009102,31064876,343
"Sony Smartphone",SKU-009103,39063770,561
"Apple Tablet",SKU-009104,20152392,28
"Apple Tablet",SKU-009105,9212634,402
"Samsung Camera",SKU-009106,33615661,522
"Dell Laptop",SKU-009107,6886423,453
"Samsung Monitor",SKU-009108,22918723,891
"Sony Smartphone",SKU-009109,19854884,992
"Apple Monitor",SKU-009110,40667235,916
"HP Tablet",SKU-009111,12692745,184
"Samsung Smartphone",SKU-009112,1621634,818
"Dell Smartphone",SKU-009113,26422149,317
"Samsung Monitor",SKU-009114,24373434,593
"HP Laptop",SKU-009115,18004970,748
"Samsung Tablet",SKU-009116,2376708,130
"Samsung Camera",SKU-009117,10510321,223
"HP Monitor",SKU-009118,9543829,754
"Samsung Camera",SKU-009119,23459621,685
"Apple Smartphone",SKU-009120,30519281,193
"HP Monitor",SKU-009121,17306665,418
"Apple Laptop",SKU-009122,28104236,439
"Dell Monitor",SKU-009123,49272998,473
"Samsung Monitor",SKU-009124,41100385,200
"Apple Camera",SKU-009125,13561707,316
"Apple Camera",SKU-009126,20727773,341
"HP Tablet",SKU-009127,45176727,497
"Apple Monitor",SKU-009128,36638074,210
"Samsung Smartphone",SKU-009129,5433778,275
"Samsung Laptop",SKU-009130,37507292,56
"Dell Monitor",SKU-009131,4806119,311
"Samsung Laptop",SKU-009132,39668237,155
"HP Tablet",SKU-009133,29124208,606
"Apple Smartphone",SKU-009134,38925401,952
"Sony Monitor",SKU-009135,46990808,701
"Dell Tablet",SKU-009136,6757407,534
"HP Smartphone",SKU-009137,23886144,118
"Sony Monitor",SKU-009138,21368735,967
"Samsung Camera",SKU-009139,5488642,389
"Samsung Tablet",SKU-009140,41726958,944
"Samsung Monitor",SKU-009141,16445671,569
"Sony Camera",SKU-009142,31209246,390
"Dell Camera",SKU-009143,27288618,286
"Samsung Monitor",SKU-009144,37793352,97
"HP Camera",SKU-009145,42697900,323
"Apple Monitor",SKU-009146,25813548,428
"Samsung Monitor",SKU-009147,2012556,868
"Samsung Tablet",SKU-009148,13221363,379
"Dell Tablet",SKU-009149,38017592,766
"HP Camera",SKU-009150,15700272,510
"Sony Camera",SKU-009151,15547043,555
"Samsung Laptop",SKU-009152,41269567,592
"HP Laptop",SKU-009153,29385253,337
"Apple Tablet",SKU-009154,45340465,632
"Dell Laptop",SKU-009155,18427668,854
"Samsung Camera",SKU-009156,4901398,801
"Dell Camera",SKU-009157,46576900,625
"Apple Camera",SKU-009158,21321839,753
"Samsung Laptop",SKU-009159,26043714,1000
"Apple Camera",SKU-009160,38128853,210
"Samsung Camera",SKU-009161,1805036,753
"Apple Camera",SKU-009162,47123053,6
"Sony Laptop",SKU-009163,43712096,386
"Apple Tablet",SKU-009164,41963783,20
"HP Camera",SKU-009165,40616749,770
"Apple Monitor",SKU-009166,9463301,875
"Sony Tablet",SKU-009167,46975059,485
"Sony Laptop",SKU-009168,6826119,748
"Dell Monitor",SKU-009169,19873372,454
"Dell Camera",SKU-009170,15174243,448
"Apple Monitor",SKU-009171,23281023,253
"Apple Camera",SKU-009172,48215481,449
"HP Smartphone",SKU-009173,33654190,5
"Apple Laptop",SKU-009174,18374587,192
"Dell Monitor",SKU-009175,17581319,674
"HP Smartphone",SKU-009176,2846178,763
"HP Smartphone",SKU-009177,41479811,442
"HP Laptop",SKU-009178,7192410,660
"Apple Laptop",SKU-009179,44509508,705
"Samsung Monitor",SKU-009180,47926793,639
"Samsung Camera",SKU-009181,25913991,726
"HP Smartphone",SKU-009182,6891860,182
"HP Camera",SKU-009183,42571332,331
"HP Tablet",SKU-009184,2676696,586
"HP Monitor",SKU-009185,3478828,544
"HP Monitor",SKU-009186,1129919,352
"HP Laptop",SKU-009187,6253653,180
"Sony Smartphone",SKU-009188,1438711,125
"Dell Camera",SKU-009189,1201289,646
"Dell Smartphone",SKU-009190,16966288,918
"Sony Laptop",SKU-009191,38246084,831
"Samsung Laptop",SKU-009192,31605285,868
"Apple Laptop",SKU-009193,49742319,937
"HP Monitor",SKU-009194,27279023,986
"Sony Smartphone",SKU-009195,26343798,631
"Sony Smartphone",SKU-009196,39604395,939
"HP Smartphone",SKU-009197,18089805,741
"HP Monitor",SKU-009198,19208013,507
"Dell Monitor",SKU-009199,35449995,230
"Samsung Smartphone",SKU-009200,30722178,856
"Apple Smartphone",SKU-009201,11339635,871
"Dell Monitor",SKU-009202,47224515,137
"Sony Tablet",SKU-009203,29964741,853
"Sony Laptop",SKU-009204,48559781,1000
"Samsung Laptop",SKU-009205,21965985,389
"Apple Camera",SKU-009206,25277616,214
"Samsung Tablet",SKU-009207,2834780,884
"Apple Monitor",SKU-009208,40082787,92
"HP Monitor",SKU-009209,9204573,632
"Dell Tablet",SKU-009210,29760467,72
"Apple Monitor",SKU-009211,28869895,40
"HP Smartphone",SKU-009212,20255807,700
"Dell Monitor",SKU-009213,43829734,781
"Apple Tablet",SKU-009214,38137282,261
"Apple Monitor",SKU-009215,48298326,193
"Sony Laptop",SKU-009216,30525937,816
"Samsung Laptop",SKU-009217,35380119,173
"Apple Camera",SKU-009218,2023146,553
"Apple Camera",SKU-009219,49520008,73
"HP Smartphone",SKU-009220,5551884,986
"Samsung Smartphone",SKU-009221,28999382,620
"HP Smartphone",SKU-009222,32085435,184
"Samsung Smartphone",SKU-009223,22685187,731
"HP Tablet",SKU-009224,29152938,724
"Sony Monitor",SKU-009225,3140456,419
"Samsung Monitor",SKU-009226,24147804,798
"Samsung Smartphone",SKU-009227,5461530,978
"Samsung Monitor",SKU-009228,25007591,28
"HP Laptop",SKU-009229,46905585,872
"HP Monitor",SKU-009230,13474375,206
"Samsung Laptop",SKU-009231,13968950,180
"Sony Monitor",SKU-009232,41654327,640
"Sony Smartphone",SKU-009233,5842568,217
"HP Laptop",SKU-009234,34439360,575
"HP Monitor",SKU-009235,7151157,357
"Sony Laptop",SKU-009236,27589066,871
"Samsung Camera",SKU-009237,43753064,191
"HP Monitor",SKU-009238,28071545,998
"Sony Camera",SKU-009239,30440947,489
"Sony Monitor",SKU-009240,49842037,823
"Samsung Laptop",SKU-009241,20276608,552
"Apple Tablet",SKU-009242,45966067,94
"Sony Monitor",SKU-009243,5263594,807
"HP Tablet",SKU-009244,47398250,195
"HP Camera",SKU-009245,27689099,887
"Sony Smartphone",SKU-009246,49044709,703
"Apple Tablet",SKU-009247,2547227,508
"Sony Tablet",SKU-009248,30173467,759
"Sony Smartphone",SKU-009249,35267944,72
"Samsung Camera",SKU-009250,46330366,343
"Apple Smartphone",SKU-009251,9199138,124
"Samsung Camera",SKU-009252,28136826,687
"Apple Smartphone",SKU-009253,15964035,643
"Sony Monitor",SKU-009254,25290103,39
"HP Tablet",SKU-009255,1680507,674
"Apple Tablet",SKU-009256,47120346,282
"Dell Laptop",SKU-009257,31661743,465
"HP Smartphone",SKU-009258,25592061,516
"Samsung Laptop",SKU-009259,14043730,693
"Dell Smartphone",SKU-009260,32291192,876
"Apple Smartphone",SKU-009261,19948502,675
"HP Tablet",SKU-009262,30378782,748
"Samsung Camera",SKU-009263,41036942,702
"Apple Laptop",SKU-009264,32129448,615
"Sony Camera",SKU-009265,20618016,192
"HP Monitor",SKU-009266,1728124,556
"HP Tablet",SKU-009267,2583133,90
"Apple Camera",SKU-009268,29695758,272
"Apple Tablet",SKU-009269,47353679,209
"Apple Smartphone",SKU-009270,43611401,570
"Sony Monitor",SKU-009271,11708580,429
"HP Tablet",SKU-009272,18860353,449
"Apple Laptop",SKU-009273,3193210,178
"Samsung Smartphone",SKU-009274,38819997,936
"HP Tablet",SKU-009275,40148963,552
"Dell Camera",SKU-009276,29491120,132
"HP Laptop",SKU-009277,24441371,608
"Sony Smartphone",SKU-009278,6136016,803
"Samsung Camera",SKU-009279,30536648,582
"Samsung Laptop",SKU-009280,11217630,1000
"Sony Camera",SKU-009281,39562056,452
"Samsung Tablet",SKU-009282,36138809,23
"Samsung Monitor",SKU-009283,44252912,622
"Dell Tablet",SKU-009284,41022100,53
"HP Smartphone",SKU-009285,42349285,144
"HP Camera",SKU-009286,24816590,684
"Apple Smartphone",SKU-009287,44349671,732
"Samsung Camera",SKU-009288,47154547,57
"HP Smartphone",SKU-009289,27447242,725
"HP Smartphone",SKU-009290,23362854,543
"HP Camera",SKU-009291,16081378,101
"Dell Laptop",SKU-009292,38349524,260
"Apple Laptop",SKU-009293,7666490,594
"Dell Tablet",SKU-009294,23813194,251
"Apple Camera",SKU-009295,25630181,451
"Samsung Tablet",SKU-009296,7952987,669
"Apple Camera",SKU-009297,19937115,128
"HP Monitor",SKU-009298,17670223,167
"Sony Tablet",SKU-009299,49496109,249
"Apple Laptop",SKU-009300,36703882,756
"Samsung Tablet",SKU-009301,10346486,710
"Samsung Tablet",SKU-009302,20767195,940
"Apple Tablet",SKU-009303,36557794,516
"Samsung Monitor",SKU-009304,35055547,43
"Sony Smartphone",SKU-009305,11427531,368
"Dell Monitor",SKU-009306,42226929,838
"Samsung Smartphone",SKU-009307,35715849,225
"Samsung Smartphone",SKU-009308,7690896,7
"HP Smartphone",SKU-009309,27157865,467
"Sony Laptop",SKU-009310,14119620,169
"Apple Monitor",SKU-009311,6030484,279
"Sony Monitor",SKU-009312,41747089,779
"Dell Camera",SKU-009313,35611473,226
"HP Monitor",SKU-009314,49532810,966
"Sony Smartphone",SKU-009315,49477491,444
"Dell Camera",SKU-009316,1716807,425
"Dell Monitor",SKU-009317,39624510,666
"Dell Smartphone",SKU-009318,24159673,194
"Sony Tablet",SKU-009319,9480218,891
"Samsung Laptop",SKU-009320,31289575,938
"Sony Monitor",SKU-009321,8816898,266
"Dell Monitor",SKU-009322,45958754,634
"HP Tablet",SKU-009323,39869118,425
"Samsung Tablet",SKU-009324,22040844,362
"Dell Tablet",SKU-009325,44021687,833
"Samsung Monitor",SKU-009326,22722518,814
"Dell Monitor",SKU-009327,41265268,106
"HP Monitor",SKU-009328,43052741,569
"Sony Tablet",SKU-009329,39853268,927
"Sony Monitor",SKU-009330,19101119,437
"Dell Smartphone",SKU-009331,20564878,353
"HP Smartphone",SKU-009332,37205518,201
"Dell Tablet",SKU-009333,11567871,591
"Apple Camera",SKU-009334,5879637,920
"Samsung Laptop",SKU-009335,18194486,221
"Samsung Monitor",SKU-009336,8144196,951
"Apple Laptop",SKU-009337,14746115,777
"Samsung Laptop",SKU-009338,21354071,480
"Apple Tablet",SKU-009339,29442295,282
"Samsung Monitor",SKU-009340,42696641,997
"Dell Laptop",SKU-009341,17223260,637
"Sony Camera",SKU-009342,1312472,336
"Sony Tablet",SKU-009343,39254556,896
"Apple Tablet",SKU-009344,17054093,268
"Sony Camera",SKU-009345,9721955,384
"Samsung Monitor",SKU-009346,2551321,249
"Apple Laptop",SKU-009347,36834651,285
"Dell Tablet",SKU-009348,33052353,816
"Dell Smartphone",SKU-009349,41912462,491
"Dell Monitor",SKU-009350,13983222,101
"Sony Tablet",SKU-009351,16445201,831
"Samsung Smartphone",SKU-009352,26948453,173
"Dell Tablet",SKU-009353,24314416,472
"Dell Smartphone",SKU-009354,42525337,108
"Dell Smartphone",SKU-009355,49155925,514
"Apple Tablet",SKU-009356,33319389,541
"Sony Smartphone",SKU-009357,21061086,806
"Sony Monitor",SKU-009358,32849464,116
"HP Laptop",SKU-009359,15306664,68
"Apple Camera",SKU-009360,17895196,439
"Dell Laptop",SKU-009361,18455310,340
"Apple Camera",SKU-009362,12680523,945
"HP Laptop",SKU-009363,28200513,414
"HP Tablet",SKU-009364,36599711,511
"Apple Laptop",SKU-009365,36929462,820
"Sony Tablet",SKU-009366,19307364,126
"Apple Monitor",SKU-009367,46781706,281
"Dell Camera",SKU-009368,4468776,310
"Sony Camera",SKU-009369,6026094,972
"Dell Camera",SKU-009370,33107397,137
"Sony Tablet",SKU-009371,18803389,819
"Apple Monitor",SKU-009372,18570441,595
"Dell Monitor",SKU-009373,45299636,712
"Samsung Laptop",SKU-009374,16194659,166
"HP Monitor",SKU-009375,23158499,463
"Sony Camera",SKU-009376,32325061,182
"HP Monitor",SKU-009377,32458067,757
"Sony Laptop",SKU-009378,7650534,150
"HP Smartphone",SKU-009379,3104127,835
"Sony Tablet",SKU-009380,8824493,261
"Sony Camera",SKU-009381,41351340,335
"Dell Smartphone",SKU-009382,9796420,392
"Sony Monitor",SKU-009383,27925654,108
"Sony Monitor",SKU-009384,18960943,344
"HP Camera",SKU-009385,32626045,834
"HP Laptop",SKU-009386,33798254,757
"Apple Monitor",SKU-009387,48836760,387
"Dell Tablet",SKU-009388,6133270,252
"Apple Laptop",SKU-009389,35063177,296
"Apple Tablet",SKU-009390,1992371,438
"Apple Camera",SKU-009391,40207245,553
"Dell Camera",SKU-009392,26474122,875
"Dell Tablet",SKU-009393,33699661,683
"Apple Monitor",SKU-009394,24580732,84
"Apple Monitor",SKU-009395,6888704,828
"Dell Smartphone",SKU-009396,6691790,442
"Apple Smartphone",SKU-009397,5555000,517
"Apple Tablet",SKU-009398,6991176,828
"Dell Monitor",SKU-009399,44731657,920
"Dell Smartphone",SKU-009400,25837355,892
"Apple Laptop",SKU-009401,14049154,147
"Sony Smartphone",SKU-009402,36111820,532
"Samsung Smartphone",SKU-009403,44057705,532
"Dell Tablet",SKU-009404,13426710,18
"Sony Monitor",SKU-009405,15597639,4
"HP Laptop",SKU-009406,36773700,357
"Apple Smartphone",SKU-009407,12363704,638
"Samsung Camera",SKU-009408,44788289,754
"HP Tablet",SKU-009409,48410185,999
"Apple Camera",SKU-009410,40280097,425
"Samsung Monitor",SKU-009411,5058240,124
"Apple Camera",SKU-009412,12873325,702
"Sony Smartphone",SKU-009413,4639161,509
"HP Monitor",SKU-009414,44552831,366
"Dell Smartphone",SKU-009415,20341800,970
"HP Camera",SKU-009416,40925331,127
"Dell Smartphone",SKU-009417,11038895,989
"Dell Smartphone",SKU-009418,31493536,27
"Samsung Camera",SKU-009419,42333613,401
"HP Smartphone",SKU-009420,46065080,255
"Sony Camera",SKU-009421,41593055,254
"Apple Smartphone",SKU-009422,48832596,965
"HP Tablet",SKU-009423,21698789,500
"Samsung Tablet",SKU-009424,4592972,76
"HP Smartphone",SKU-009425,4470680,210
"Dell Tablet",SKU-009426,35462621,912
"Apple Laptop",SKU-009427,10107791,941
"Dell Monitor",SKU-009428,21487176,192
"HP Monitor",SKU-009429,6888828,461
"Samsung Laptop",SKU-009430,48532310,718
"HP Tablet",SKU-009431,46072205,273
"HP Laptop",SKU-009432,8289299,826
"HP Camera",SKU-009433,38508238,146
"Apple Monitor",SKU-009434,20895991,123
"Apple Camera",SKU-009435,25716269,975
"Apple Monitor",SKU-009436,27684880,331
"Sony Laptop",SKU-009437,1212817,499
"Samsung Tablet",SKU-009438,12566574,854
"HP Monitor",SKU-009439,2736204,624
"HP Monitor",SKU-009440,20295871,83
"Samsung Camera",SKU-009441,27793351,794
"HP Monitor",SKU-009442,46253689,325
"Dell Tablet",SKU-009443,37499264,373
"Sony Tablet",SKU-009444,23138157,994
"Dell Tablet",SKU-009445,10151643,451
"Dell Camera",SKU-009446,24239434,225
"Sony Tablet",SKU-009447,24653491,857
"Dell Camera",SKU-009448,20154318,466
"Sony Smartphone",SKU-009449,4411448,531
"Dell Smartphone",SKU-009450,16649476,646
"Dell Monitor",SKU-009451,8795169,83
"Apple Camera",SKU-009452,18501284,884
"Apple Laptop",SKU-009453,30561818,354
"Apple Monitor",SKU-009454,26360058,678
"Dell Camera",SKU-009455,39359238,14
"Dell Camera",SKU-009456,29256568,45
"Apple Camera",SKU-009457,41587788,212
"Samsung Smartphone",SKU-009458,28940252,147
"Samsung Tablet",SKU-009459,3109596,687
"Samsung Smartphone",SKU-009460,27263764,202
"Samsung Smartphone",SKU-009461,44558103,178
"Dell Monitor",SKU-009462,10885455,847
"HP Tablet",SKU-009463,38902741,223
"Samsung Smartphone",SKU-009464,8331513,732
"Samsung Smartphone",SKU-009465,24167564,329
"Samsung Laptop",SKU-009466,7294535,569
"Samsung Laptop",SKU-009467,14439645,308
"Sony Tablet",SKU-009468,25048717,226
"Apple Smartphone",SKU-009469,2358351,408
"Samsung Laptop",SKU-009470,15687259,883
"HP Laptop",SKU-009471,44783461,315
"Dell Smartphone",SKU-009472,36027452,403
"Sony Monitor",SKU-009473,19437213,645
"HP Tablet",SKU-009474,5412326,859
"Dell Monitor",SKU-009475,25491770,491
"Apple Tablet",SKU-009476,27028485,22
"Samsung Monitor",SKU-009477,22865768,687
"Sony Smartphone",SKU-009478,47058876,882
"Apple Laptop",SKU-009479,24439225,227
"Apple Smartphone",SKU-009480,42669648,44
"Dell Camera",SKU-009481,26923677,815
"Apple Tablet",SKU-009482,20547591,343
"Samsung Monitor",SKU-009483,19656218,620
"Dell Laptop",SKU-009484,24638774,780
"Samsung Laptop",SKU-009485,11583713,420
"HP Smartphone",SKU-009486,45710293,18
"Apple Camera",SKU-009487,35234485,741
"Samsung Tablet",SKU-009488,38157804,970
"Dell Smartphone",SKU-009489,43779298,230
"Dell Camera",SKU-009490,36617247,137
"Apple Laptop",SKU-009491,22487528,31
"Sony Tablet",SKU-009492,11869202,242
"Apple Camera",SKU-009493,35020292,540
"Apple Monitor",SKU-009494,36012076,145
"HP Laptop",SKU-009495,48451534,935
"Dell Laptop",SKU-009496,4873277,662
"Apple Smartphone",SKU-009497,39487200,899
"Apple Monitor",SKU-009498,14620940,183
"HP Smartphone",SKU-009499,10933657,896
"Sony Monitor",SKU-009500,19288780,855
"HP Tablet",SKU-009501,33932966,762
"Samsung Tablet",SKU-009502,44197038,244
"Dell Monitor",SKU-009503,43401486,605
"Apple Laptop",SKU-009504,38217263,100
"Sony Monitor",SKU-009505,39983562,69
"Dell Laptop",SKU-009506,25908821,813
"Dell Laptop",SKU-009507,37565278,347
"Samsung Tablet",SKU-009508,17626806,627
"HP Smartphone",SKU-009509,47815397,777
"Samsung Laptop",SKU-009510,27850749,173
"Apple Camera",SKU-009511,30346145,335
"Samsung Smartphone",SKU-009512,17888423,637
"HP Tablet",SKU-009513,33608458,820
"Dell Smartphone",SKU-009514,46628661,177
"HP Laptop",SKU-009515,37294062,560
"Apple Laptop",SKU-009516,36770704,856
"Dell Tablet",SKU-009517,18319666,665
"Sony Monitor",SKU-009518,36721587,128
"Samsung Tablet",SKU-009519,40341499,611
"Sony Laptop",SKU-009520,19346706,791
"Apple Camera",SKU-009521,35602197,124
"Samsung Tablet",SKU-009522,30321280,0
"Samsung Laptop",SKU-009523,17423781,194
"Apple Monitor",SKU-009524,31249771,94
"Dell Smartphone",SKU-009525,31023528,589
"Samsung Monitor",SKU-009526,2735659,452
"Apple Tablet",SKU-009527,20418118,656
"Sony Smartphone",SKU-009528,49427843,914
"Dell Camera",SKU-009529,43443602,457
"Samsung Monitor",SKU-009530,39476267,528
"Sony Laptop",SKU-009531,4211631,938
"Dell Tablet",SKU-009532,22692026,510
"Dell Laptop",SKU-009533,26216165,763
"HP Monitor",SKU-009534,35588248,432
"Apple Laptop",SKU-009535,41588611,118
"HP Camera",SKU-009536,27384249,123
"Dell Laptop",SKU-009537,9345829,256
"Samsung Camera",SKU-009538,42731892,767
"Dell Tablet",SKU-009539,48590841,504
"Sony Laptop",SKU-009540,21960871,797
"Dell Monitor",SKU-009541,12476107,303
"Dell Monitor",SKU-009542,5842009,291
"Sony Laptop",SKU-009543,32085051,6
"Dell Smartphone",SKU-009544,24740059,892
"HP Tablet",SKU-009545,7806607,323
"Apple Smartphone",SKU-009546,11738090,439
"Samsung Camera",SKU-009547,10499362,820
"Dell Camera",SKU-009548,39367565,840
"Apple Smartphone",SKU-009549,36505089,712
"Apple Monitor",SKU-009550,10458593,990
"Apple Laptop",SKU-009551,14340457,743
"HP Camera",SKU-009552,31157791,775
"Dell Laptop",SKU-009553,5682984,282
"HP Tablet",SKU-009554,31573876,731
"Apple Tablet",SKU-009555,10866959,603
"Apple Monitor",SKU-009556,25471497,750
"Sony Tablet",SKU-009557,5159758,965
"Samsung Monitor",SKU-009558,46677035,245
"Sony Monitor",SKU-009559,10713985,966
"HP Camera",SKU-009560,27013942,27
"Samsung Camera",SKU-009561,31524021,153
"Sony Smartphone",SKU-009562,17063904,196
"HP Camera",SKU-009563,44020103,322
"HP Smartphone",SKU-009564,33883557,101
"Apple Monitor",SKU-009565,1519684,492
"HP Smartphone",SKU-009566,8392901,334
"Samsung Smartphone",SKU-009567,48449579,143
"Dell Camera",SKU-009568,17250092,428
"Dell Camera",SKU-009569,42436357,39
"Apple Tablet",SKU-009570,17442612,25
"HP Laptop",SKU-009571,26441388,838
"Dell Smartphone",SKU-009572,16221770,20
"Apple Camera",SKU-009573,21108212,206
"Apple Laptop",SKU-009574,44202189,748
"HP Camera",SKU-009575,23202225,255
"Samsung Monitor",SKU-009576,15906845,26
"HP Laptop",SKU-009577,8053433,852
"Apple Laptop",SKU-009578,16514736,35
"Sony Tablet",SKU-009579,3869987,196
"Sony Tablet",SKU-009580,12129713,545
"HP Tablet",SKU-009581,17813406,784
"Dell Smartphone",SKU-009582,19208028,339
"Apple Laptop",SKU-009583,23028306,866
"Sony Tablet",SKU-009584,16769918,528
"Samsung Camera",SKU-009585,31495815,396
"Apple Tablet",SKU-009586,45346822,499
"Samsung Camera",SKU-009587,15206174,882
"Apple Smartphone",SKU-009588,39458275,139
"HP Smartphone",SKU-009589,20104538,465
"Apple Tablet",SKU-009590,2754907,274
"Apple Tablet",SKU-009591,24331031,678
"Samsung Laptop",SKU-009592,36908985,182
"HP Laptop",SKU-009593,22869297,887
"Apple Laptop",SKU-009594,19498561,607
"Dell Smartphone",SKU-009595,12955592,45
"Samsung Tablet",SKU-009596,20878787,619
"Samsung Laptop",SKU-009597,32783065,623
"Dell Laptop",SKU-009598,23545122,647
"HP Laptop",SKU-009599,5967210,826
"Samsung Monitor",SKU-009600,47086689,322
"Apple Laptop",SKU-009601,35587459,481
"Samsung Tablet",SKU-009602,13457560,375
"HP Smartphone",SKU-009603,24394003,664
"Samsung Tablet",SKU-009604,15332190,557
"Dell Monitor",SKU-009605,5347907,252
"HP Laptop",SKU-009606,33060992,173
"Samsung Camera",SKU-009607,33302882,517
"Apple Smartphone",SKU-009608,29178108,170
"Sony Smartphone",SKU-009609,17309635,602
"HP Smartphone",SKU-009610,26905441,499
"Apple Smartphone",SKU-009611,9923871,254
"Sony Smartphone",SKU-009612,32117095,947
"Sony Tablet",SKU-009613,8297803,750
"Samsung Smartphone",SKU-009614,44430542,146
"Apple Smartphone",SKU-009615,8269873,13
"HP Monitor",SKU-009616,30155730,864
"Apple Smartphone",SKU-009617,27163403,9
"Dell Tablet",SKU-009618,18501744,631
"HP Laptop",SKU-009619,24755407,468
"Dell Tablet",SKU-009620,5985165,733
"Apple Camera",SKU-009621,1168175,650
"HP Tablet",SKU-009622,1924445,705
"Dell Camera",SKU-009623,36258701,510
"Samsung Tablet",SKU-009624,28291483,935
"Apple Smartphone",SKU-009625,30780899,653
"Apple Monitor",SKU-009626,44955574,73
"Sony Tablet",SKU-009627,28650394,717
"Apple Tablet",SKU-009628,28345045,381
"Apple Tablet",SKU-009629,43493210,629
"Apple Smartphone",SKU-009630,45217630,290
"Apple Laptop",SKU-009631,11600419,46
"Samsung Tablet",SKU-009632,5007338,71
"Apple Camera",SKU-009633,10422194,179
"HP Laptop",SKU-009634,30332097,154
"Apple Smartphone",SKU-009635,29039135,367
"Apple Monitor",SKU-009636,14834656,513
"HP Laptop",SKU-009637,14952159,51
"HP Laptop",SKU-009638,3532173,963
"Dell Camera",SKU-009639,26301071,257
"Sony Monitor",SKU-009640,34689290,165
"Sony Tablet",SKU-009641,47046272,785
"Apple Monitor",SKU-009642,37780508,709
"Sony Laptop",SKU-009643,48756786,353
"Dell Tablet",SKU-009644,44218456,801
"Sony Laptop",SKU-009645,12081805,634
"Samsung Laptop",SKU-009646,12329941,341
"Apple Laptop",SKU-009647,12265323,284
"Sony Camera",SKU-009648,41456602,587
"Samsung Tablet",SKU-009649,9862033,961
"HP Camera",SKU-009650,43645160,174
"Sony Tablet",SKU-009651,24583541,548
"Dell Monitor",SKU-009652,40143135,790
"Samsung Smartphone",SKU-009653,34644385,381
"Dell Laptop",SKU-009654,44005227,699
"HP Laptop",SKU-009655,3938415,734
"Dell Smartphone",SKU-009656,32114657,241
"Apple Monitor",SKU-009657,32068831,108
"Sony Monitor",SKU-009658,36536969,290
"HP Smartphone",SKU-009659,10371608,209
"Apple Camera",SKU-009660,5838879,734
"Sony Monitor",SKU-009661,5630567,603
"Sony Camera",SKU-009662,5311420,7
"Samsung Tablet",SKU-009663,33118924,88
"HP Smartphone",SKU-009664,5188210,647
"Apple Monitor",SKU-009665,21921890,277
"HP Monitor",SKU-009666,4231939,623
"Samsung Laptop",SKU-009667,45718888,301
"HP Laptop",SKU-009668,4711984,939
"Apple Camera",SKU-009669,43492737,328
"Sony Laptop",SKU-009670,47968318,174
"Sony Tablet",SKU-009671,22706693,784
"Samsung Smartphone",SKU-009672,39337333,569
"Samsung Camera",SKU-009673,41812363,241
"HP Monitor",SKU-009674,49419018,90
"Samsung Smartphone",SKU-009675,23930350,137
"HP Monitor",SKU-009676,38978030,171
"HP Smartphone",SKU-009677,9682679,264
"Samsung Laptop",SKU-009678,31978973,738
"Samsung Camera",SKU-009679,46629769,226
"Dell Laptop",SKU-009680,18179244,374
"Samsung Tablet",SKU-009681,14941129,223
"Sony Tablet",SKU-009682,13251583,326
"Apple Monitor",SKU-009683,24800827,377
"Sony Monitor",SKU-009684,15316245,162
"Dell Camera",SKU-009685,18145379,520
"Sony Laptop",SKU-009686,37105851,987
"Apple Camera",SKU-009687,11743452,334
"Samsung Camera",SKU-009688,46060249,137
"Samsung Monitor",SKU-009689,1539193,172
"Samsung Camera",SKU-009690,23444364,833
"Apple Smartphone",SKU-009691,45971373,602
"HP Laptop",SKU-009692,13576326,936
"Samsung Laptop",SKU-009693,43197039,989
"Sony Camera",SKU-009694,12620738,752
"Apple Monitor",SKU-009695,23401853,468
"Samsung Smartphone",SKU-009696,2449316,677
"Samsung Monitor",SKU-009697,4991961,150
"Samsung Camera",SKU-009698,18094023,587
"Dell Smartphone",SKU-009699,24846439,663
"Dell Camera",SKU-009700,34541540,923
"Samsung Tablet",SKU-009701,32665583,338
"Dell Smartphone",SKU-009702,48116332,495
"Sony Laptop",SKU-009703,15997408,870
"Apple Monitor",SKU-009704,34824306,479
"HP Laptop",SKU-009705,6085917,442
"Dell Tablet",SKU-009706,14003339,473
"Apple Camera",SKU-009707,8444856,512
"Dell Monitor",SKU-009708,19280669,393
"HP Monitor",SKU-009709,16812972,712
"HP Tablet",SKU-009710,2611470,96
"HP Camera",SKU-009711,33554858,270
"Sony Smartphone",SKU-009712,18492048,105
"Sony Camera",SKU-009713,47535370,615
"HP Smartphone",SKU-009714,48996679,778
"Samsung Monitor",SKU-009715,35077139,744
"Dell Camera",SKU-009716,28086464,644
"HP Camera",SKU-009717,23183648,20
"Dell Camera",SKU-009718,11217126,619
"HP Smartphone",SKU-009719,21945371,929
"Samsung Tablet",SKU-009720,1339987,99
"Samsung Camera",SKU-009721,34987856,670
"Sony Camera",SKU-009722,5686653,27
"Apple Smartphone",SKU-009723,25127446,311
"Sony Camera",SKU-009724,43685130,874
"Samsung Camera",SKU-009725,2243590,714
"HP Tablet",SKU-009726,43983751,527
"HP Smartphone",SKU-009727,3758625,316
"Sony Tablet",SKU-009728,37841172,131
"Samsung Smartphone",SKU-009729,28079659,37
"Apple Camera",SKU-009730,8179921,172
"Samsung Tablet",SKU-009731,7727110,173
"Dell Camera",SKU-009732,39949240,644
"Sony Smartphone",SKU-009733,36751425,975
"Samsung Monitor",SKU-009734,34902419,674
"HP Tablet",SKU-009735,32527589,218
"Dell Laptop",SKU-009736,16968735,206
"Sony Smartphone",SKU-009737,10530221,882
"Dell Tablet",SKU-009738,32127628,355
"Apple Tablet",SKU-009739,7864196,617
"Apple Camera",SKU-009740,4200476,811
"Sony Laptop",SKU-009741,42002321,770
"Samsung Camera",SKU-009742,6752304,99
"Sony Smartphone",SKU-009743,25237543,848
"Dell Monitor",SKU-009744,20992936,953
"Sony Camera",SKU-009745,28536751,489
"Samsung Laptop",SKU-009746,5302837,754
"Dell Camera",SKU-009747,13984074,772
"Apple Monitor",SKU-009748,8952325,88
"Apple Smartphone",SKU-009749,23967667,661
"Dell Smartphone",SKU-009750,27250375,293
"Samsung Monitor",SKU-009751,3394231,120
"Samsung Laptop",SKU-009752,44907604,607
"HP Tablet",SKU-009753,6146916,323
"Samsung Camera",SKU-009754,26681876,581
"Dell Monitor",SKU-009755,3670929,232
"Sony Laptop",SKU-009756,42806998,637
"Apple Smartphone",SKU-009757,5860653,289
"Samsung Camera",SKU-009758,35198417,273
"HP Laptop",SKU-009759,8741622,242
"HP Laptop",SKU-009760,33291740,111
"Samsung Laptop",SKU-009761,17620891,151
"Sony Smartphone",SKU-009762,34375861,649
"Dell Monitor",SKU-009763,5330231,490
"Samsung Monitor",SKU-009764,15977153,589
"Sony Smartphone",SKU-009765,28177017,677
"Apple Laptop",SKU-009766,41540663,960
"Apple Tablet",SKU-009767,20154146,159
"HP Laptop",SKU-009768,24332814,538
"Samsung Tablet",SKU-009769,40795178,657
"Sony Smartphone",SKU-009770,11445749,334
"Apple Camera",SKU-009771,36111801,968
"Sony Smartphone",SKU-009772,18188817,808
"HP Laptop",SKU-009773,44600443,535
"Samsung Monitor",SKU-009774,25186035,274
"HP Camera",SKU-009775,37407276,375
"Apple Tablet",SKU-009776,15008974,202
"Apple Smartphone",SKU-009777,12403774,167
"HP Monitor",SKU-009778,29362894,809
"Samsung Monitor",SKU-009779,43237049,470
"Dell Camera",SKU-009780,3708034,569
"Apple Laptop",SKU-009781,46904800,215
"HP Laptop",SKU-009782,7743248,239
"Samsung Tablet",SKU-009783,37364178,930
"Sony Laptop",SKU-009784,46273226,788
"Dell Tablet",SKU-009785,34187274,739
"Apple Monitor",SKU-009786,10564211,787
"Apple Laptop",SKU-009787,18059759,899
"Apple Monitor",SKU-009788,11529518,625
"HP Smartphone",SKU-009789,29277494,899
"Apple Smartphone",SKU-009790,25448851,148
"Dell Tablet",SKU-009791,17835538,529
"Dell Monitor",SKU-009792,4489200,418
"Samsung Laptop",SKU-009793,4971609,522
"HP Smartphone",SKU-009794,22610724,926
"Samsung Camera",SKU-009795,17380684,293
"Sony Smartphone",SKU-009796,7247062,351
"HP Smartphone",SKU-009797,19987721,519
"Apple Monitor",SKU-009798,22103898,734
"Dell Monitor",SKU-009799,46552508,70
"Dell Monitor",SKU-009800,31059893,663
"Apple Laptop",SKU-009801,37941869,469
"Apple Laptop",SKU-009802,12139045,633
"HP Camera",SKU-009803,20518585,43
"Dell Monitor",SKU-009804,17910662,661
"HP Laptop",SKU-009805,18495062,494
"Dell Monitor",SKU-009806,17185805,837
"HP Monitor",SKU-009807,30876361,36
"HP Camera",SKU-009808,19989650,569
"HP Monitor",SKU-009809,12589203,751
"Apple Smartphone",SKU-009810,6310892,716
"Samsung Camera",SKU-009811,13898460,976
"Samsung Monitor",SKU-009812,32927304,661
"HP Tablet",SKU-009813,47999891,315
"Dell Monitor",SKU-009814,42523076,757
"Dell Monitor",SKU-009815,42836119,889
"Sony Tablet",SKU-009816,33897261,188
"Apple Laptop",SKU-009817,23004486,109
"Samsung Monitor",SKU-009818,17076948,232
"Apple Monitor",SKU-009819,47335611,905
"Dell Laptop",SKU-009820,44858599,649
"Sony Monitor",SKU-009821,21909505,449
"Dell Laptop",SKU-009822,21109227,10
"Apple Camera",SKU-009823,12035694,987
"Dell Smartphone",SKU-009824,37670317,678
"Dell Camera",SKU-009825,17381355,831
"Dell Tablet",SKU-009826,2504543,382
"Samsung Smartphone",SKU-009827,41506233,698
"HP Smartphone",SKU-009828,49582281,848
"Dell Camera",SKU-009829,46593442,977
"HP Monitor",SKU-009830,48517775,21
"HP Tablet",SKU-009831,34111930,398
"Sony Tablet",SKU-009832,41334931,894
"Dell Tablet",SKU-009833,15679873,806
"Dell Monitor",SKU-009834,13589618,71
"Dell Tablet",SKU-009835,32658896,41
"Dell Camera",SKU-009836,30238341,195
"Sony Camera",SKU-009837,39531574,224
"Apple Smartphone",SKU-009838,7571043,795
"Dell Laptop",SKU-009839,13353356,155
"Samsung Camera",SKU-009840,29840259,446
"HP Monitor",SKU-009841,38985833,278
"Apple Camera",SKU-009842,46524063,117
"Sony Smartphone",SKU-009843,8413067,333
"Sony Laptop",SKU-009844,35159230,969
"Samsung Smartphone",SKU-009845,39907611,596
"Apple Camera",SKU-009846,42755229,145
"Dell Laptop",SKU-009847,41095819,344
"Samsung Tablet",SKU-009848,29304544,477
"HP Tablet",SKU-009849,1407963,260
"HP Smartphone",SKU-009850,45088808,272
"Sony Camera",SKU-009851,40833353,10
"Samsung Camera",SKU-009852,42560709,907
"Dell Laptop",SKU-009853,28639298,194
"Sony Monitor",SKU-009854,8293224,183
"HP Smartphone",SKU-009855,28151874,676
"Apple Smartphone",SKU-009856,3795236,69
"Samsung Laptop",SKU-009857,38661213,310
"Dell Camera",SKU-009858,6773462,100
"Samsung Smartphone",SKU-009859,37909897,802
"Samsung Laptop",SKU-009860,35664693,14
"HP Smartphone",SKU-009861,36675100,602
"Sony Camera",SKU-009862,45911070,588
"Samsung Laptop",SKU-009863,6083356,534
"Apple Laptop",SKU-009864,15196532,121
"Dell Tablet",SKU-009865,8026930,797
"Apple Monitor",SKU-009866,14825747,238
"Sony Smartphone",SKU-009867,35965535,481
"Samsung Monitor",SKU-009868,32608749,321
"Sony Camera",SKU-009869,36205262,55
"Samsung Camera",SKU-009870,45631195,650
"Apple Monitor",SKU-009871,47674745,281
"Dell Tablet",SKU-009872,38778222,158
"Apple Monitor",SKU-009873,20135378,672
"HP Laptop",SKU-009874,46018311,861
"Dell Camera",SKU-009875,37332704,350
"Sony Laptop",SKU-009876,46710701,42
"Apple Smartphone",SKU-009877,4412910,539
"Sony Smartphone",SKU-009878,23556396,375
"Apple Smartphone",SKU-009879,16226574,930
"Sony Camera",SKU-009880,22888344,82
"Sony Camera",SKU-009881,16354685,633
"Dell Monitor",SKU-009882,24531834,111
"Samsung Smartphone",SKU-009883,32985668,646
"Samsung Monitor",SKU-009884,48872147,208
"HP Tablet",SKU-009885,44207220,25
"Sony Smartphone",SKU-009886,34459357,242
"HP Smartphone",SKU-009887,14100489,491
"HP Tablet",SKU-009888,47383179,441
"Apple Tablet",SKU-009889,34275174,550
"HP Laptop",SKU-009890,17448818,144
"Dell Laptop",SKU-009891,47900267,804
"Sony Camera",SKU-009892,16089573,229
"Samsung Tablet",SKU-009893,28870269,516
"Apple Smartphone",SKU-009894,26357715,69
"Sony Tablet",SKU-009895,42697685,714
"Apple Monitor",SKU-009896,34738308,590
"Samsung Laptop",SKU-009897,4324919,411
"HP Camera",SKU-009898,6502074,814
"Samsung Smartphone",SKU-009899,18759717,613
"HP Tablet",SKU-009900,34315449,489
"Apple Camera",SKU-009901,6466334,900
"Samsung Laptop",SKU-009902,30357767,958
"HP Camera",SKU-009903,23145321,102
"HP Camera",SKU-009904,19315126,542
"Samsung Laptop",SKU-009905,19847724,858
"Apple Smartphone",SKU-009906,42415767,656
"Apple Tablet",SKU-009907,28222791,561
"Samsung Camera",SKU-009908,49569006,120
"HP Monitor",SKU-009909,32495583,243
"Apple Monitor",SKU-009910,24092139,154
"HP Smartphone",SKU-009911,14754069,724
"Apple Laptop",SKU-009912,19374038,801
"Sony Smartphone",SKU-009913,42776551,732
"HP Camera",SKU-009914,16355771,814
"Apple Laptop",SKU-009915,44771440,450
"HP Laptop",SKU-009916,41574384,618
"HP Smartphone",SKU-009917,7963988,110
"Dell Tablet",SKU-009918,19382935,509
"Apple Laptop",SKU-009919,23639725,473
"Samsung Laptop",SKU-009920,46738158,910
"Sony Camera",SKU-009921,42037811,401
"Sony Smartphone",SKU-009922,42540851,750
"Samsung Monitor",SKU-009923,6667967,622
"Dell Tablet",SKU-009924,25182049,1
"Dell Monitor",SKU-009925,39259560,260
"Apple Smartphone",SKU-009926,23842186,135
"HP Smartphone",SKU-009927,10550642,192
"Sony Laptop",SKU-009928,12196389,137
"Dell Laptop",SKU-009929,37943058,952
"HP Tablet",SKU-009930,25149203,773
"Dell Tablet",SKU-009931,2351732,387
"Sony Camera",SKU-009932,1937255,379
"Dell Monitor",SKU-009933,24165873,336
"Dell Camera",SKU-009934,29028700,683
"Sony Smartphone",SKU-009935,16094592,731
"Dell Camera",SKU-009936,4146962,134
"Samsung Monitor",SKU-009937,17576694,266
"Dell Smartphone",SKU-009938,20239485,91
"Apple Tablet",SKU-009939,22349029,119
"HP Camera",SKU-009940,4903699,817
"Samsung Camera",SKU-009941,15972351,971
"Dell Laptop",SKU-009942,37932184,884
"HP Smartphone",SKU-009943,40407425,780
"Samsung Monitor",SKU-009944,38096894,276
"Dell Laptop",SKU-009945,27175883,998
"Samsung Monitor",SKU-009946,40232437,383
"Dell Camera",SKU-009947,16182579,938
"Dell Laptop",SKU-009948,26104694,969
"Dell Laptop",SKU-009949,31437421,615
"HP Smartphone",SKU-009950,10285789,349
"Dell Camera",SKU-009951,17734794,571
"Apple Tablet",SKU-009952,41720413,821
"Sony Camera",SKU-009953,12678290,897
"Apple Monitor",SKU-009954,18235820,588
"Apple Monitor",SKU-009955,4223531,900
"Sony Monitor",SKU-009956,47767992,767
"Apple Tablet",SKU-009957,9876408,610
"Sony Camera",SKU-009958,6774734,183
"Samsung Laptop",SKU-009959,37861407,236
"Dell Tablet",SKU-009960,49932400,824
"HP Monitor",SKU-009961,49536568,532
"Samsung Monitor",SKU-009962,46693944,619
"Sony Laptop",SKU-009963,3422248,78
"HP Camera",SKU-009964,34645384,82
"Samsung Camera",SKU-009965,44440896,197
"Samsung Camera",SKU-009966,49236335,249
"Sony Monitor",SKU-009967,16104824,915
"Apple Monitor",SKU-009968,1952249,448
"Sony Smartphone",SKU-009969,29124598,611
"Sony Smartphone",SKU-009970,37305706,555
"Sony Laptop",SKU-009971,14508841,641
"Samsung Monitor",SKU-009972,24453155,76
"Sony Tablet",SKU-009973,21363813,369
"Sony Tablet",SKU-009974,13860203,997
"Dell Smartphone",SKU-009975,25116371,175
"Apple Smartphone",SKU-009976,36092065,22
"Dell Smartphone",SKU-009977,23789471,21
"Apple Tablet",SKU-009978,39359437,488
"Dell Tablet",SKU-009979,32994759,480
"Dell Tablet",SKU-009980,14053638,60
"Apple Monitor",SKU-009981,6802455,650
"Dell Laptop",SKU-009982,36501169,978
"HP Tablet",SKU-009983,47810857,468
"Apple Camera",SKU-009984,13990664,132
"Sony Smartphone",SKU-009985,23102514,423
"Dell Monitor",SKU-009986,2561291,514
"Samsung Monitor",SKU-009987,36206429,72
"Sony Smartphone",SKU-009988,40415184,386
"Sony Tablet",SKU-009989,13490075,241
"HP Monitor",SKU-009990,42504512,322
"Apple Tablet",SKU-009991,28782671,453
"HP Monitor",SKU-009992,12547331,648
"Dell Monitor",SKU-009993,35383549,565
"Sony Smartphone",SKU-009994,37869833,145
"Sony Laptop",SKU-009995,11384263,925
"Apple Monitor",SKU-009996,19909900,62
"Dell Tablet",SKU-009997,42744619,555
"HP Smartphone",SKU-009998,32002320,179
"Sony Camera",SKU-009999,47564454,269
"HP Smartphone",SKU-010000,18900640,651
